dataset_row_id,meta_close_time,meta_close_date,meta_ticket,meta_order,meta_comment,symbol,side,volume,volume_log,magic_is_tradepy,trade_count_before,global_trade_count_before,global_total_pnl_before,global_avg_pnl_before,global_win_rate_before,global_profit_factor_before,global_consecutive_wins_before,global_consecutive_losses_before,global_current_drawdown_before,global_max_drawdown_before,global_pnl_5_before,global_avg_pnl_5_before,global_win_rate_5_before,global_loss_rate_5_before,global_profit_factor_5_before,global_pnl_std_5_before,global_pnl_10_before,global_avg_pnl_10_before,global_win_rate_10_before,global_loss_rate_10_before,global_profit_factor_10_before,global_pnl_std_10_before,global_pnl_20_before,global_avg_pnl_20_before,global_win_rate_20_before,global_loss_rate_20_before,global_profit_factor_20_before,global_pnl_std_20_before,global_pnl_50_before,global_avg_pnl_50_before,global_win_rate_50_before,global_loss_rate_50_before,global_profit_factor_50_before,global_pnl_std_50_before,symbol_trade_count_before,symbol_total_pnl_before,symbol_avg_pnl_before,symbol_win_rate_before,symbol_profit_factor_before,symbol_consecutive_wins_before,symbol_consecutive_losses_before,symbol_current_drawdown_before,symbol_max_drawdown_before,symbol_pnl_5_before,symbol_avg_pnl_5_before,symbol_win_rate_5_before,symbol_loss_rate_5_before,symbol_profit_factor_5_before,symbol_pnl_std_5_before,symbol_pnl_10_before,symbol_avg_pnl_10_before,symbol_win_rate_10_before,symbol_loss_rate_10_before,symbol_profit_factor_10_before,symbol_pnl_std_10_before,symbol_pnl_20_before,symbol_avg_pnl_20_before,symbol_win_rate_20_before,symbol_loss_rate_20_before,symbol_profit_factor_20_before,symbol_pnl_std_20_before,symbol_pnl_50_before,symbol_avg_pnl_50_before,symbol_win_rate_50_before,symbol_loss_rate_50_before,symbol_profit_factor_50_before,symbol_pnl_std_50_before,side_trade_count_before,side_total_pnl_before,side_avg_pnl_before,side_win_rate_before,side_profit_factor_before,side_consecutive_wins_before,side_consecutive_losses_before,side_current_drawdown_before,side_max_drawdown_before,side_pnl_5_before,side_avg_pnl_5_before,side_win_rate_5_before,side_loss_rate_5_before,side_profit_factor_5_before,side_pnl_std_5_before,side_pnl_10_before,side_avg_pnl_10_before,side_win_rate_10_before,side_loss_rate_10_before,side_profit_factor_10_before,side_pnl_std_10_before,side_pnl_20_before,side_avg_pnl_20_before,side_win_rate_20_before,side_loss_rate_20_before,side_profit_factor_20_before,side_pnl_std_20_before,side_pnl_50_before,side_avg_pnl_50_before,side_win_rate_50_before,side_loss_rate_50_before,side_profit_factor_50_before,side_pnl_std_50_before,label_win,label_loss,label_big_win,label_big_loss,target_net_profit,target_abs_net_profit,target_net_profit_per_lot,meta_close_hour,meta_close_weekday,meta_close_month,meta_price,meta_comment_has_tp_tag,meta_comment_has_sl_tag,meta_profit,meta_commission,meta_swap,meta_entry_type
0,2026-01-25T04:30:47,2026-01-25,1762445762,0,[tp 88796.32000],BTCUSDm,BUY,0.01,-4.605170185988091,1,0.0,0.0,0.0,0.0,0.0,0.0,0.0,0.0,0.0,0.0,0.0,0.0,0.0,0.0,0.0,0.0,0.0,0.0,0.0,0.0,0.0,0.0,0.0,0.0,0.0,0.0,0.0,0.0,0.0,0.0,0.0,0.0,0.0,0.0,0.0,0.0,0.0,0.0,0.0,0.0,0.0,0.0,0.0,0.0,0.0,0.0,0.0,0.0,0.0,0.0,0.0,0.0,0.0,0.0,0.0,0.0,0.0,0.0,0.0,0.0,0.0,0.0,0.0,0.0,0.0,0.0,0.0,0.0,0.0,0.0,0.0,0.0,0.0,0.0,0.0,0.0,0.0,0.0,0.0,0.0,0.0,0.0,0.0,0.0,0.0,0.0,0.0,0.0,0.0,0.0,0.0,0.0,0.0,0.0,0.0,0.0,0.0,0.0,0.0,0.0,1,0,0,0,2.75,2.75,275.0,4,6,1,88796.32,1,0,2.75,0.0,0.0,1
1,2026-01-25T04:30:48,2026-01-25,1762446139,0,[tp 88781.13000],BTCUSDm,BUY,0.01,-4.605170185988091,1,1.0,1.0,2.75,2.75,1.0,10.0,1.0,0.0,0.0,0.0,2.75,2.75,1.0,0.0,10.0,0.0,2.75,2.75,1.0,0.0,10.0,0.0,2.75,2.75,1.0,0.0,10.0,0.0,2.75,2.75,1.0,0.0,10.0,0.0,1.0,2.75,2.75,1.0,10.0,1.0,0.0,0.0,0.0,2.75,2.75,1.0,0.0,10.0,0.0,2.75,2.75,1.0,0.0,10.0,0.0,2.75,2.75,1.0,0.0,10.0,0.0,2.75,2.75,1.0,0.0,10.0,0.0,1.0,2.75,2.75,1.0,10.0,1.0,0.0,0.0,0.0,2.75,2.75,1.0,0.0,10.0,0.0,2.75,2.75,1.0,0.0,10.0,0.0,2.75,2.75,1.0,0.0,10.0,0.0,2.75,2.75,1.0,0.0,10.0,0.0,1,0,0,0,2.94,2.94,294.0,4,6,1,88781.13,1,0,2.94,0.0,0.0,1
2,2026-01-25T04:30:54,2026-01-25,1762446775,0,[tp 88754.17000],BTCUSDm,BUY,0.01,-4.605170185988091,1,2.0,2.0,5.69,2.845,1.0,10.0,2.0,0.0,0.0,0.0,5.69,2.845,1.0,0.0,10.0,0.095,5.69,2.845,1.0,0.0,10.0,0.095,5.69,2.845,1.0,0.0,10.0,0.095,5.69,2.845,1.0,0.0,10.0,0.095,2.0,5.69,2.845,1.0,10.0,2.0,0.0,0.0,0.0,5.69,2.845,1.0,0.0,10.0,0.095,5.69,2.845,1.0,0.0,10.0,0.095,5.69,2.845,1.0,0.0,10.0,0.095,5.69,2.845,1.0,0.0,10.0,0.095,2.0,5.69,2.845,1.0,10.0,2.0,0.0,0.0,0.0,5.69,2.845,1.0,0.0,10.0,0.095,5.69,2.845,1.0,0.0,10.0,0.095,5.69,2.845,1.0,0.0,10.0,0.095,5.69,2.845,1.0,0.0,10.0,0.095,1,0,0,0,2.34,2.34,234.0,4,6,1,88754.17,1,0,2.34,0.0,0.0,1
3,2026-01-25T04:40:57,2026-01-25,1762450309,2234604565,,BTCUSDm,BUY,0.01,-4.605170185988091,0,3.0,3.0,8.03,2.676667,1.0,10.0,3.0,0.0,0.0,0.0,8.03,2.676667,1.0,0.0,10.0,0.250377,8.03,2.676667,1.0,0.0,10.0,0.250377,8.03,2.676667,1.0,0.0,10.0,0.250377,8.03,2.676667,1.0,0.0,10.0,0.250377,3.0,8.03,2.676667,1.0,10.0,3.0,0.0,0.0,0.0,8.03,2.676667,1.0,0.0,10.0,0.250377,8.03,2.676667,1.0,0.0,10.0,0.250377,8.03,2.676667,1.0,0.0,10.0,0.250377,8.03,2.676667,1.0,0.0,10.0,0.250377,3.0,8.03,2.676667,1.0,10.0,3.0,0.0,0.0,0.0,8.03,2.676667,1.0,0.0,10.0,0.250377,8.03,2.676667,1.0,0.0,10.0,0.250377,8.03,2.676667,1.0,0.0,10.0,0.250377,8.03,2.676667,1.0,0.0,10.0,0.250377,0,1,0,0,-0.88,0.88,-88.0,4,6,1,88830.8,0,0,-0.88,0.0,0.0,1
4,2026-01-25T20:03:24,2026-01-25,1763020786,2235160185,,BTCUSDm,SELL,0.01,-4.605170185988091,0,4.0,4.0,7.15,1.7875,0.75,9.125,0.0,1.0,-0.88,-0.88,7.15,1.7875,0.75,0.25,9.125,1.555271,7.15,1.7875,0.75,0.25,9.125,1.555271,7.15,1.7875,0.75,0.25,9.125,1.555271,7.15,1.7875,0.75,0.25,9.125,1.555271,4.0,7.15,1.7875,0.75,9.125,0.0,1.0,-0.88,-0.88,7.15,1.7875,0.75,0.25,9.125,1.555271,7.15,1.7875,0.75,0.25,9.125,1.555271,7.15,1.7875,0.75,0.25,9.125,1.555271,7.15,1.7875,0.75,0.25,9.125,1.555271,0.0,0.0,0.0,0.0,0.0,0.0,0.0,0.0,0.0,0.0,0.0,0.0,0.0,0.0,0.0,0.0,0.0,0.0,0.0,0.0,0.0,0.0,0.0,0.0,0.0,0.0,0.0,0.0,0.0,0.0,0.0,0.0,0.0,1,0,0,0,0.03,0.03,3.0,20,6,1,87204.8,0,0,0.03,0.0,0.0,1
5,2026-01-30T10:45:33,2026-01-30,1795531046,0,[tp 4952.31100],XAUUSDm,BUY,0.01,-4.605170185988091,1,5.0,5.0,7.18,1.436,0.8,9.159091,1.0,0.0,-0.85,-0.88,7.18,1.436,0.8,0.2,9.159091,1.558622,7.18,1.436,0.8,0.2,9.159091,1.558622,7.18,1.436,0.8,0.2,9.159091,1.558622,7.18,1.436,0.8,0.2,9.159091,1.558622,0.0,0.0,0.0,0.0,0.0,0.0,0.0,0.0,0.0,0.0,0.0,0.0,0.0,0.0,0.0,0.0,0.0,0.0,0.0,0.0,0.0,0.0,0.0,0.0,0.0,0.0,0.0,0.0,0.0,0.0,0.0,0.0,0.0,4.0,7.15,1.7875,0.75,9.125,0.0,1.0,-0.88,-0.88,7.15,1.7875,0.75,0.25,9.125,1.555271,7.15,1.7875,0.75,0.25,9.125,1.555271,7.15,1.7875,0.75,0.25,9.125,1.555271,7.15,1.7875,0.75,0.25,9.125,1.555271,1,0,1,0,107.03,107.03,10703.0,10,4,1,4952.311,1,0,107.03,0.0,0.0,1
6,2026-01-30T11:03:22,2026-01-30,1795682123,0,[sl 5052.31700],XAUUSDm,BUY,0.01,-4.605170185988091,1,6.0,6.0,114.21,19.035,0.833333,10.0,2.0,0.0,0.0,-0.88,111.46,22.292,0.8,0.2,10.0,42.392568,114.21,19.035,0.833333,0.166667,10.0,39.378274,114.21,19.035,0.833333,0.166667,10.0,39.378274,114.21,19.035,0.833333,0.166667,10.0,39.378274,1.0,107.03,107.03,1.0,10.0,1.0,0.0,0.0,0.0,107.03,107.03,1.0,0.0,10.0,0.0,107.03,107.03,1.0,0.0,10.0,0.0,107.03,107.03,1.0,0.0,10.0,0.0,107.03,107.03,1.0,0.0,10.0,0.0,5.0,114.18,22.836,0.8,10.0,1.0,0.0,0.0,-0.88,114.18,22.836,0.8,0.2,10.0,42.119977,114.18,22.836,0.8,0.2,10.0,42.119977,114.18,22.836,0.8,0.2,10.0,42.119977,114.18,22.836,0.8,0.2,10.0,42.119977,0,1,0,1,-71.78,71.78,-7178.0,11,4,1,5052.317,0,1,-71.78,0.0,0.0,1
7,2026-01-30T11:26:28,2026-01-30,1795877014,0,[sl 82487.96000],BTCUSDm,BUY,0.01,-4.605170185988091,1,7.0,7.0,42.43,6.061429,0.714286,1.583953,0.0,1.0,-71.78,-71.78,36.74,7.348,0.6,0.4,1.505643,57.173551,42.43,6.061429,0.714286,0.285714,1.583953,48.363298,42.43,6.061429,0.714286,0.285714,1.583953,48.363298,42.43,6.061429,0.714286,0.285714,1.583953,48.363298,5.0,7.18,1.436,0.8,9.159091,1.0,0.0,-0.85,-0.88,7.18,1.436,0.8,0.2,9.159091,1.558622,7.18,1.436,0.8,0.2,9.159091,1.558622,7.18,1.436,0.8,0.2,9.159091,1.558622,7.18,1.436,0.8,0.2,9.159091,1.558622,6.0,42.4,7.066667,0.666667,1.58354,0.0,1.0,-71.78,-71.78,39.65,7.93,0.6,0.4,1.545692,57.110872,42.4,7.066667,0.666667,0.333333,1.58354,52.170584,42.4,7.066667,0.666667,0.333333,1.58354,52.170584,42.4,7.066667,0.666667,0.333333,1.58354,52.170584,0,1,0,0,-3.48,3.48,-348.0,11,4,1,82489.77,0,1,-3.48,0.0,0.0,1
8,2026-01-30T15:11:29,2026-01-30,1797616063,0,[sl 82991.80000],BTCUSDm,BUY,0.01,-4.605170185988091,1,8.0,8.0,38.95,4.86875,0.625,1.511558,0.0,2.0,-75.26,-75.26,30.92,6.184,0.4,0.6,1.406094,57.322711,38.95,4.86875,0.625,0.375,1.511558,45.34964,38.95,4.86875,0.625,0.375,1.511558,45.34964,38.95,4.86875,0.625,0.375,1.511558,45.34964,6.0,3.7,0.616667,0.666667,1.848624,0.0,1.0,-4.33,-4.33,0.95,0.19,0.6,0.4,1.21789,2.316221,3.7,0.616667,0.666667,0.333333,1.848624,2.319689,3.7,0.616667,0.666667,0.333333,1.848624,2.319689,3.7,0.616667,0.666667,0.333333,1.848624,2.319689,7.0,38.92,5.56,0.571429,1.511164,0.0,2.0,-75.26,-75.26,33.23,6.646,0.4,0.6,1.436433,57.280543,38.92,5.56,0.571429,0.428571,1.511164,48.441365,38.92,5.56,0.571429,0.428571,1.511164,48.441365,38.92,5.56,0.571429,0.428571,1.511164,48.441365,0,1,0,0,-3.52,3.52,-352.0,15,4,1,82991.8,0,1,-3.52,0.0,0.0,1
9,2026-01-30T15:34:00,2026-01-30,1797823290,0,[sl 5107.22800],XAUUSDm,BUY,0.01,-4.605170185988091,1,9.0,9.0,35.43,3.936667,0.555556,1.444765,0.0,3.0,-78.78,-78.78,28.28,5.656,0.4,0.6,1.358974,57.397455,35.43,3.936667,0.555556,0.444444,1.444765,42.837251,35.43,3.936667,0.555556,0.444444,1.444765,42.837251,35.43,3.936667,0.555556,0.444444,1.444765,42.837251,2.0,35.25,17.625,0.5,1.491084,0.0,1.0,-71.78,-71.78,35.25,17.625,0.5,0.5,1.491084,89.405,35.25,17.625,0.5,0.5,1.491084,89.405,35.25,17.625,0.5,0.5,1.491084,89.405,35.25,17.625,0.5,0.5,1.491084,89.405,8.0,35.4,4.425,0.5,1.444389,0.0,3.0,-78.78,-78.78,27.37,5.474,0.2,0.8,1.343585,57.416446,35.4,4.425,0.5,0.5,1.444389,45.412142,35.4,4.425,0.5,0.5,1.444389,45.412142,35.4,4.425,0.5,0.5,1.444389,45.412142,0,1,0,1,-54.51,54.51,-5451.0,15,4,1,5107.228,0,1,-54.51,0.0,0.0,1
10,2026-01-30T16:04:00,2026-01-30,1798125433,0,[tp 1.18912],EURUSDm,BUY,0.01,-4.605170185988091,1,10.0,10.0,-19.08,-1.908,0.5,0.857792,0.0,4.0,-133.29,-133.29,-26.26,-5.252,0.2,0.8,0.802986,62.395052,-19.08,-1.908,0.5,0.5,0.857792,44.260233,-19.08,-1.908,0.5,0.5,0.857792,44.260233,-19.08,-1.908,0.5,0.5,0.857792,44.260233,0.0,0.0,0.0,0.0,0.0,0.0,0.0,0.0,0.0,0.0,0.0,0.0,0.0,0.0,0.0,0.0,0.0,0.0,0.0,0.0,0.0,0.0,0.0,0.0,0.0,0.0,0.0,0.0,0.0,0.0,0.0,0.0,0.0,9.0,-19.11,-2.123333,0.444444,0.857569,0.0,4.0,-133.29,-133.29,-26.26,-5.252,0.2,0.8,0.802986,62.395052,-19.11,-2.123333,0.444444,0.555556,0.857569,46.649413,-19.11,-2.123333,0.444444,0.555556,0.857569,46.649413,-19.11,-2.123333,0.444444,0.555556,0.857569,46.649413,1,0,0,0,2.44,2.44,244.0,16,4,1,1.18912,1,0,2.44,0.0,0.0,1
11,2026-01-30T16:16:37,2026-01-30,1798255626,0,[sl 5049.60400],XAUUSDm,BUY,0.01,-4.605170185988091,1,11.0,11.0,-16.64,-1.512727,0.545455,0.875978,1.0,0.0,-130.85,-133.29,-130.85,-26.17,0.2,0.8,0.018306,30.756523,-19.39,-1.939,0.5,0.5,0.855482,44.257068,-16.64,-1.512727,0.545455,0.454545,0.875978,42.218984,-16.64,-1.512727,0.545455,0.454545,0.875978,42.218984,3.0,-19.26,-6.42,0.333333,0.847494,0.0,2.0,-126.29,-126.29,-19.26,-6.42,0.333333,0.666667,0.847494,80.530492,-19.26,-6.42,0.333333,0.666667,0.847494,80.530492,-19.26,-6.42,0.333333,0.666667,0.847494,80.530492,-19.26,-6.42,0.333333,0.666667,0.847494,80.530492,10.0,-16.67,-1.667,0.5,0.875755,1.0,0.0,-130.85,-133.29,-130.85,-26.17,0.2,0.8,0.018306,30.756523,-16.67,-1.667,0.5,0.5,0.875755,44.276688,-16.67,-1.667,0.5,0.5,0.875755,44.276688,-16.67,-1.667,0.5,0.5,0.875755,44.276688,0,1,0,1,-67.58,67.58,-6758.0,16,4,1,5049.604,0,1,-67.58,0.0,0.0,1
12,2026-01-30T17:52:19,2026-01-30,1799074702,0,[tp 4947.57000],XAUUSDm,BUY,0.01,-4.605170185988091,1,12.0,12.0,-84.22,-7.018333,0.5,0.582553,0.0,1.0,-198.43,-198.43,-126.65,-25.33,0.2,0.8,0.018902,29.532377,-89.91,-8.991,0.4,0.6,0.554349,48.347193,-84.22,-7.018333,0.5,0.5,0.582553,44.354644,-84.22,-7.018333,0.5,0.5,0.582553,44.354644,4.0,-86.84,-21.71,0.25,0.552071,0.0,3.0,-193.87,-193.87,-86.84,-21.71,0.25,0.75,0.552071,74.600418,-86.84,-21.71,0.25,0.75,0.552071,74.600418,-86.84,-21.71,0.25,0.75,0.552071,74.600418,-86.84,-21.71,0.25,0.75,0.552071,74.600418,11.0,-84.25,-7.659091,0.454545,0.582404,0.0,1.0,-198.43,-198.43,-126.65,-25.33,0.2,0.8,0.018902,29.532377,-87.0,-8.7,0.4,0.6,0.568773,48.409332,-84.25,-7.659091,0.454545,0.545455,0.582404,46.273709,-84.25,-7.659091,0.454545,0.545455,0.582404,46.273709,1,0,1,0,102.41,102.41,10241.0,17,4,1,4947.57,1,0,102.41,0.0,0.0,1
13,2026-01-30T18:33:35,2026-01-30,1799458104,0,[tp 4895.46400],XAUUSDm,BUY,0.01,-4.605170185988091,1,13.0,13.0,18.19,1.399231,0.538462,1.090161,1.0,0.0,-96.02,-198.43,-20.76,-4.152,0.4,0.6,0.834727,59.930548,10.16,1.016,0.4,0.6,1.050359,58.868413,18.19,1.399231,0.538462,0.461538,1.090161,51.635895,18.19,1.399231,0.538462,0.461538,1.090161,51.635895,5.0,15.57,3.114,0.4,1.080312,1.0,0.0,-91.46,-193.87,15.57,3.114,0.4,0.6,1.080312,83.169116,15.57,3.114,0.4,0.6,1.080312,83.169116,15.57,3.114,0.4,0.6,1.080312,83.169116,15.57,3.114,0.4,0.6,1.080312,83.169116,12.0,18.16,1.513333,0.5,1.090012,1.0,0.0,-96.02,-198.43,-20.76,-4.152,0.4,0.6,0.834727,59.930548,12.47,1.247,0.4,0.6,1.061809,58.868623,18.16,1.513333,0.5,0.5,1.090012,53.742769,18.16,1.513333,0.5,0.5,1.090012,53.742769,1,0,1,0,83.87,83.87,8387.0,18,4,1,4895.118,1,0,83.87,0.0,0.0,1
14,2026-01-30T19:20:24,2026-01-30,1799940710,0,[tp 82005.14000],BTCUSDm,BUY,0.01,-4.605170185988091,1,14.0,14.0,102.06,7.29,0.571429,1.505874,2.0,0.0,-12.15,-198.43,66.63,13.326,0.6,0.4,1.545745,69.539088,94.91,9.491,0.5,0.5,1.472495,63.873183,102.06,7.29,0.571429,0.428571,1.505874,54.101139,102.06,7.29,0.571429,0.428571,1.505874,54.101139,7.0,0.18,0.025714,0.571429,1.022843,0.0,2.0,-7.85,-7.85,-5.51,-1.102,0.4,0.6,0.300761,2.221697,0.18,0.025714,0.571429,0.428571,1.022843,2.589903,0.18,0.025714,0.571429,0.428571,1.022843,2.589903,0.18,0.025714,0.571429,0.428571,1.022843,2.589903,13.0,102.03,7.848462,0.538462,1.505725,2.0,0.0,-12.15,-198.43,66.63,13.326,0.6,0.4,1.545745,69.539088,94.0,9.4,0.4,0.6,1.465923,63.887244,102.03,7.848462,0.538462,0.461538,1.505725,56.104506,102.03,7.848462,0.538462,0.461538,1.505725,56.104506,1,0,0,0,8.43,8.43,843.0,19,4,1,82005.14,1,0,8.43,0.0,0.0,1
15,2026-01-30T19:26:59,2026-01-30,1800018321,2279256278,,BTCUSDm,BUY,0.01,-4.605170185988091,0,15.0,15.0,110.49,7.366,0.6,1.547658,3.0,0.0,-3.72,-198.43,129.57,25.914,0.8,0.2,2.917283,61.332508,103.31,10.331,0.5,0.5,1.514313,63.798428,110.49,7.366,0.6,0.4,1.547658,52.267439,110.49,7.366,0.6,0.4,1.547658,52.267439,8.0,8.61,1.07625,0.625,2.09264,1.0,0.0,0.0,-7.85,0.58,0.116,0.4,0.6,1.073604,4.388023,8.61,1.07625,0.625,0.375,2.09264,3.687075,8.61,1.07625,0.625,0.375,2.09264,3.687075,8.61,1.07625,0.625,0.375,2.09264,3.687075,14.0,110.46,7.89,0.571429,1.547509,3.0,0.0,-3.72,-198.43,129.57,25.914,0.8,0.2,2.917283,61.332508,103.31,10.331,0.5,0.5,1.514313,63.798428,110.46,7.89,0.571429,0.428571,1.547509,54.063862,110.46,7.89,0.571429,0.428571,1.547509,54.063862,0,1,0,0,-4.21,4.21,-421.0,19,4,1,82323.97,0,0,-4.21,0.0,0.0,1
16,2026-01-30T19:44:53,2026-01-30,1800177073,0,[sl 83029.07000],BTCUSDm,BUY,0.01,-4.605170185988091,1,16.0,16.0,106.28,6.6425,0.5625,1.516023,0.0,1.0,-7.93,-198.43,122.92,24.584,0.6,0.4,2.712216,61.896632,-7.93,-0.793,0.4,0.6,0.961332,55.06878,106.28,6.6425,0.5625,0.4375,1.516023,50.685246,106.28,6.6425,0.5625,0.4375,1.516023,50.685246,9.0,4.4,0.488889,0.555556,1.363937,0.0,1.0,-4.21,-7.85,-2.75,-0.55,0.4,0.6,0.754683,4.728175,4.4,0.488889,0.555556,0.444444,1.363937,3.852787,4.4,0.488889,0.555556,0.444444,1.363937,3.852787,4.4,0.488889,0.555556,0.444444,1.363937,3.852787,15.0,106.25,7.083333,0.533333,1.515877,0.0,1.0,-7.93,-198.43,122.92,24.584,0.6,0.4,2.712216,61.896632,-7.93,-0.793,0.4,0.6,0.961332,55.06878,106.25,7.083333,0.533333,0.466667,1.515877,52.317789,106.25,7.083333,0.533333,0.466667,1.515877,52.317789,0,1,0,0,-6.55,6.55,-655.0,19,4,1,83031.63,0,1,-6.55,0.0,0.0,1
17,2026-01-30T19:52:54,2026-01-30,1800247373,2279539737,,XAUUSDm,BUY,0.01,-4.605170185988091,0,17.0,17.0,99.73,5.866471,0.529412,1.469296,0.0,2.0,-14.48,-198.43,183.95,36.79,0.6,0.4,10.0,46.66081,57.3,5.73,0.4,0.6,1.409725,49.894086,99.73,5.866471,0.529412,0.470588,1.469296,49.269792,99.73,5.866471,0.529412,0.470588,1.469296,49.269792,6.0,99.44,16.573333,0.5,1.512921,2.0,0.0,-7.59,-193.87,-7.59,-1.518,0.4,0.6,0.96085,77.719017,99.44,16.573333,0.5,0.5,1.512921,81.670189,99.44,16.573333,0.5,0.5,1.512921,81.670189,99.44,16.573333,0.5,0.5,1.512921,81.670189,16.0,99.7,6.23125,0.5,1.469154,0.0,2.0,-14.48,-198.43,183.95,36.79,0.6,0.4,10.0,46.66081,57.3,5.73,0.4,0.6,1.409725,49.894086,99.7,6.23125,0.5,0.5,1.469154,50.763863,99.7,6.23125,0.5,0.5,1.469154,50.763863,0,1,0,1,-48.27,48.27,-4827.0,19,4,1,4826.955,0,0,-48.27,0.0,0.0,1
18,2026-01-30T21:24:19,2026-01-30,1800737030,2280171190,,BTCUSDm,SELL,0.01,-4.605170185988091,0,18.0,18.0,51.46,2.858889,0.5,1.197331,0.0,3.0,-62.75,-198.43,33.27,6.654,0.4,0.6,1.563612,43.06851,12.51,1.251,0.4,0.6,1.067753,52.464045,51.46,2.858889,0.5,0.5,1.197331,49.461348,51.46,2.858889,0.5,0.5,1.197331,49.461348,10.0,-2.15,-0.215,0.5,0.884657,0.0,2.0,-10.76,-10.76,-9.33,-1.866,0.2,0.8,0.474662,5.268444,-2.15,-0.215,0.5,0.5,0.884657,4.221221,-2.15,-0.215,0.5,0.5,0.884657,4.221221,-2.15,-0.215,0.5,0.5,0.884657,4.221221,1.0,0.03,0.03,1.0,10.0,1.0,0.0,0.0,0.0,0.03,0.03,1.0,0.0,10.0,0.0,0.03,0.03,1.0,0.0,10.0,0.0,0.03,0.03,1.0,0.0,10.0,0.0,0.03,0.03,1.0,0.0,10.0,0.0,0,1,0,0,-3.59,3.59,-359.0,21,4,1,83779.91,0,0,-3.59,0.0,0.0,1
19,2026-01-30T21:29:21,2026-01-30,1800758209,2280197945,,EURUSDm,BUY,0.01,-4.605170185988091,0,19.0,19.0,47.87,2.519474,0.473684,1.181072,0.0,4.0,-66.34,-198.43,-54.19,-10.838,0.2,0.8,0.134622,19.428131,12.44,1.244,0.4,0.6,1.067349,52.464685,47.87,2.519474,0.473684,0.526316,1.181072,48.163672,47.87,2.519474,0.473684,0.526316,1.181072,48.163672,1.0,2.44,2.44,1.0,10.0,1.0,0.0,0.0,0.0,2.44,2.44,1.0,0.0,10.0,0.0,2.44,2.44,1.0,0.0,10.0,0.0,2.44,2.44,1.0,0.0,10.0,0.0,2.44,2.44,1.0,0.0,10.0,0.0,17.0,51.43,3.025294,0.470588,1.197216,0.0,3.0,-62.75,-198.43,33.27,6.654,0.4,0.6,1.563612,43.06851,12.51,1.251,0.4,0.6,1.067753,52.464045,51.43,3.025294,0.470588,0.529412,1.197216,50.89041,51.43,3.025294,0.470588,0.529412,1.197216,50.89041,1,0,0,0,0.16,0.16,16.0,21,4,1,1.18568,0,0,0.16,0.0,0.0,1
20,2026-01-30T21:50:42,2026-01-30,1800860529,2280329167,,EURUSDm,BUY,0.01,-4.605170185988091,0,20.0,20.0,48.03,2.4015,0.5,1.181677,1.0,0.0,-66.18,-198.43,-62.46,-12.492,0.2,0.8,0.002555,18.018229,67.11,6.711,0.5,0.5,1.515438,49.11132,48.03,2.4015,0.5,0.5,1.181677,46.946957,48.03,2.4015,0.5,0.5,1.181677,46.946957,2.0,2.6,1.3,1.0,10.0,2.0,0.0,0.0,0.0,2.6,1.3,1.0,0.0,10.0,1.14,2.6,1.3,1.0,0.0,10.0,1.14,2.6,1.3,1.0,0.0,10.0,1.14,2.6,1.3,1.0,0.0,10.0,1.14,18.0,51.59,2.866111,0.5,1.19783,1.0,0.0,-62.59,-198.43,-50.44,-10.088,0.4,0.6,0.145519,19.762952,16.19,1.619,0.5,0.5,1.089388,52.442191,51.59,2.866111,0.5,0.5,1.19783,49.460943,51.59,2.866111,0.5,0.5,1.19783,49.460943,0,1,0,0,-0.2,0.2,-20.0,21,4,1,1.18593,0,0,-0.2,0.0,0.0,1
21,2026-01-30T23:07:17,2026-01-30,1801104947,2280641262,,BTCUSDm,BUY,0.01,-4.605170185988091,0,21.0,21.0,47.83,2.277619,0.47619,1.180784,0.0,1.0,-66.38,-198.43,-58.45,-11.69,0.2,0.8,0.00273,18.453014,64.47,6.447,0.4,0.6,1.494402,49.140657,45.08,2.254,0.45,0.55,1.17039,46.950265,47.83,2.277619,0.47619,0.52381,1.180784,45.818889,11.0,-5.74,-0.521818,0.454545,0.74179,0.0,3.0,-14.35,-14.35,-9.44,-1.888,0.2,0.8,0.47174,5.275363,-8.49,-0.849,0.4,0.6,0.618084,4.204365,-5.74,-0.521818,0.454545,0.545455,0.74179,4.140072,-5.74,-0.521818,0.454545,0.545455,0.74179,4.140072,19.0,51.39,2.704737,0.473684,1.196912,0.0,1.0,-62.79,-198.43,-59.07,-11.814,0.2,0.8,0.002701,18.400175,70.5,7.05,0.5,0.5,1.55595,49.050708,51.39,2.704737,0.473684,0.526316,1.196912,48.146615,51.39,2.704737,0.473684,0.526316,1.196912,48.146615,1,0,0,0,0.3,0.3,30.0,23,4,1,83972.96,0,0,0.3,0.0,0.0,1
22,2026-02-02T00:11:26,2026-02-02,1803866900,0,[tp 4751.94400],XAUUSDm,BUY,0.01,-4.605170185988091,1,22.0,22.0,48.13,2.187727,0.5,1.181918,1.0,0.0,-66.08,-198.43,-51.6,-10.32,0.4,0.6,0.008836,19.029055,132.35,13.235,0.5,0.5,3.106813,42.714237,42.44,2.122,0.45,0.55,1.160411,46.951862,48.13,2.187727,0.5,0.5,1.181918,44.767335,7.0,51.17,7.31,0.428571,1.211324,0.0,1.0,-55.86,-193.87,15.92,3.184,0.4,0.6,1.093449,73.9455,51.17,7.31,0.428571,0.571429,1.211324,78.943118,51.17,7.31,0.428571,0.571429,1.211324,78.943118,51.17,7.31,0.428571,0.571429,1.211324,78.943118,20.0,51.69,2.5845,0.5,1.198061,1.0,0.0,-62.49,-198.43,-54.56,-10.912,0.4,0.6,0.008361,18.855727,68.36,6.836,0.5,0.5,1.539074,49.075016,51.69,2.5845,0.5,0.5,1.198061,46.930442,51.69,2.5845,0.5,0.5,1.198061,46.930442,1,0,1,0,85.33,85.33,8533.0,0,0,2,4750.642,1,0,85.33,0.0,0.0,1
23,2026-02-02T00:39:32,2026-02-02,1803960001,2283790194,[sl 1.18569],EURUSDm,BUY,0.01,-4.605170185988091,1,23.0,23.0,133.46,5.802609,0.521739,1.504441,2.0,0.0,0.0,-198.43,82.0,16.4,0.6,0.4,10.0,34.49479,115.27,11.527,0.5,0.5,2.834925,39.320982,125.43,6.2715,0.45,0.55,1.47409,50.333241,133.46,5.802609,0.521739,0.478261,1.504441,46.951688,3.0,2.4,0.8,0.666667,10.0,0.0,1.0,-0.2,-0.2,2.4,0.8,0.666667,0.333333,10.0,1.168931,2.4,0.8,0.666667,0.333333,10.0,1.168931,2.4,0.8,0.666667,0.333333,10.0,1.168931,2.4,0.8,0.666667,0.333333,10.0,1.168931,21.0,137.02,6.524762,0.52381,1.525021,2.0,0.0,0.0,-198.43,37.32,7.464,0.6,0.4,1.769961,43.203706,221.27,22.127,0.6,0.4,4.735776,47.295869,134.27,6.7135,0.5,0.5,1.514484,50.276807,137.02,6.524762,0.52381,0.47619,1.525021,49.072399,0,1,0,0,-0.73,0.73,-73.0,0,0,2,1.18569,0,1,-0.73,0.0,0.0,1
24,2026-02-03T02:01:00,2026-02-03,1813706425,0,[sl 61.92700],USOILm,BUY,0.01,-4.605170185988091,1,24.0,24.0,132.73,5.530417,0.5,1.500302,0.0,1.0,-0.73,-198.43,84.86,16.972,0.6,0.4,10.0,34.180853,30.67,3.067,0.4,0.6,1.482612,31.084409,125.58,6.279,0.45,0.55,1.474926,50.332186,132.73,5.530417,0.5,0.5,1.500302,45.981654,0.0,0.0,0.0,0.0,0.0,0.0,0.0,0.0,0.0,0.0,0.0,0.0,0.0,0.0,0.0,0.0,0.0,0.0,0.0,0.0,0.0,0.0,0.0,0.0,0.0,0.0,0.0,0.0,0.0,0.0,0.0,0.0,0.0,22.0,136.29,6.195,0.5,1.520767,0.0,1.0,-0.73,-198.43,84.86,16.972,0.6,0.4,10.0,34.180853,118.13,11.813,0.5,0.5,2.970147,39.220261,130.6,6.53,0.45,0.55,1.499026,50.296938,136.29,6.195,0.5,0.5,1.520767,47.967956,0,1,0,0,-1.76,1.76,-176.0,2,1,2,61.927,0,1,-1.76,0.0,0.0,1
25,2026-02-03T03:29:35,2026-02-03,1813964617,0,[tp 61.48000],USOILm,BUY,0.01,-4.605170185988091,1,25.0,25.0,130.97,5.2388,0.48,1.490414,0.0,2.0,-2.49,-198.43,82.94,16.588,0.4,0.6,10.0,34.377786,20.48,2.048,0.3,0.7,1.313581,31.058911,123.79,6.1895,0.4,0.6,1.465061,50.344808,130.97,5.2388,0.48,0.52,1.490414,45.075281,1.0,-1.76,-1.76,0.0,0.0,0.0,1.0,-1.76,-1.76,-1.76,-1.76,0.0,1.0,0.0,0.0,-1.76,-1.76,0.0,1.0,0.0,0.0,-1.76,-1.76,0.0,1.0,0.0,0.0,-1.76,-1.76,0.0,1.0,0.0,0.0,23.0,134.53,5.84913,0.478261,1.510608,0.0,2.0,-2.49,-198.43,82.94,16.588,0.4,0.6,10.0,34.377786,32.5,3.25,0.4,0.6,1.526572,31.050047,126.5,6.325,0.4,0.6,1.480131,50.321947,134.53,5.84913,0.478261,0.521739,1.510608,46.941628,1,0,0,0,2.9,2.9,290.0,3,1,2,61.48,1,0,2.9,0.0,0.0,1
26,2026-02-03T04:32:00,2026-02-03,1814129457,0,[sl 1.18078],EURUSDm,BUY,0.01,-4.605170185988091,1,26.0,26.0,133.87,5.148846,0.5,1.501273,1.0,0.0,0.0,-198.43,86.04,17.208,0.6,0.4,10.0,34.096226,27.59,2.759,0.4,0.6,1.451555,30.988817,19.66,0.983,0.4,0.6,1.07386,44.716807,133.87,5.148846,0.5,0.5,1.501273,44.202238,4.0,1.67,0.4175,0.5,2.795699,0.0,2.0,-0.93,-0.93,1.67,0.4175,0.5,0.5,2.795699,1.209842,1.67,0.4175,0.5,0.5,2.795699,1.209842,1.67,0.4175,0.5,0.5,2.795699,1.209842,1.67,0.4175,0.5,0.5,2.795699,1.209842,24.0,137.43,5.72625,0.5,1.521615,1.0,0.0,0.0,-198.43,86.04,17.208,0.6,0.4,10.0,34.096226,26.97,2.697,0.4,0.6,1.436973,31.002075,130.28,6.514,0.45,0.55,1.496135,50.301626,137.43,5.72625,0.5,0.5,1.521615,45.957051,0,1,0,0,-0.49,0.49,-49.0,4,1,2,1.18078,0,1,-0.49,0.0,0.0,1
27,2026-02-03T08:37:24,2026-02-03,1815089264,0,[tp 1.18222],EURUSDm,SELL,0.01,-4.605170185988091,1,27.0,27.0,133.38,4.94,0.481481,1.498524,0.0,1.0,-0.49,-198.43,85.25,17.05,0.4,0.6,10.0,34.175948,33.65,3.365,0.4,0.6,1.611374,30.859834,90.95,4.5475,0.4,0.6,1.466674,41.500276,133.38,4.94,0.481481,0.518519,1.498524,43.389025,5.0,1.18,0.236,0.4,1.830986,0.0,3.0,-1.42,-1.42,1.18,0.236,0.4,0.6,1.830986,1.141378,1.18,0.236,0.4,0.6,1.830986,1.141378,1.18,0.236,0.4,0.6,1.830986,1.141378,1.18,0.236,0.4,0.6,1.830986,1.141378,2.0,-3.56,-1.78,0.5,0.008357,0.0,1.0,-3.59,-3.59,-3.56,-1.78,0.5,0.5,0.008357,1.81,-3.56,-1.78,0.5,0.5,0.008357,1.81,-3.56,-1.78,0.5,0.5,0.008357,1.81,-3.56,-1.78,0.5,0.5,0.008357,1.81,1,0,0,0,0.72,0.72,72.0,8,1,2,1.18222,1,0,0.72,0.0,0.0,1
28,2026-02-03T08:43:44,2026-02-03,1815115560,0,[sl 61.78600],USOILm,BUY,0.01,-4.605170185988091,1,28.0,28.0,134.1,4.789286,0.5,1.501215,1.0,0.0,0.0,-198.43,0.64,0.128,0.4,0.6,1.214765,1.594809,82.64,8.264,0.5,0.5,10.0,25.737355,95.15,4.7575,0.45,0.55,1.4971,41.469739,134.1,4.789286,0.5,0.5,1.501215,42.614373,2.0,1.14,0.57,0.5,1.647727,1.0,0.0,0.0,-1.76,1.14,0.57,0.5,0.5,1.647727,2.33,1.14,0.57,0.5,0.5,1.647727,2.33,1.14,0.57,0.5,0.5,1.647727,2.33,1.14,0.57,0.5,0.5,1.647727,2.33,25.0,136.94,5.4776,0.48,1.518791,0.0,1.0,-0.49,-198.43,85.25,17.05,0.4,0.6,10.0,34.175948,30.69,3.069,0.4,0.6,1.529138,30.939219,22.76,1.138,0.4,0.6,1.086514,44.706058,136.94,5.4776,0.48,0.52,1.518791,45.045003,0,1,0,0,-1.67,1.67,-167.0,8,1,2,61.786,0,1,-1.67,0.0,0.0,1
29,2026-02-04T00:20:08,2026-02-04,1820832428,2303666356,[sl 1.18148],EURUSDm,SELL,0.01,-4.605170185988091,1,29.0,29.0,132.43,4.566552,0.482759,1.491903,0.0,1.0,-1.67,-198.43,-0.3,-0.06,0.4,0.6,0.923469,1.734186,84.56,8.456,0.5,0.5,10.0,25.655239,97.0,4.85,0.45,0.55,1.511711,41.453233,132.43,4.566552,0.482759,0.517241,1.491903,41.889781,6.0,1.9,0.316667,0.5,2.338028,1.0,0.0,-0.7,-1.42,-0.54,-0.108,0.4,0.6,0.619718,0.509643,1.9,0.316667,0.5,0.5,2.338028,1.057429,1.9,0.316667,0.5,0.5,2.338028,1.057429,1.9,0.316667,0.5,0.5,2.338028,1.057429,3.0,-2.84,-0.946667,0.666667,0.208914,1.0,0.0,-2.87,-3.59,-2.84,-0.946667,0.666667,0.333333,0.208914,1.890226,-2.84,-0.946667,0.666667,0.333333,0.208914,1.890226,-2.84,-0.946667,0.666667,0.333333,0.208914,1.890226,-2.84,-0.946667,0.666667,0.333333,0.208914,1.890226,0,1,0,0,-0.39,0.39,-39.0,0,2,2,1.18148,0,1,-0.39,0.0,0.0,1
30,2026-02-04T01:59:59,2026-02-04,1821138483,2304048543,[sl 63.468],USOILm,SELL,0.01,-4.605170185988091,1,30.0,30.0,132.04,4.401333,0.466667,1.489744,0.0,2.0,-2.06,-198.43,1.07,0.214,0.4,0.6,1.419608,1.541462,84.01,8.401,0.4,0.6,10.0,25.673548,151.12,7.556,0.45,0.55,2.115771,39.194904,132.04,4.401333,0.466667,0.533333,1.489744,41.19531,3.0,-0.53,-0.176667,0.333333,0.845481,0.0,1.0,-1.67,-1.76,-0.53,-0.176667,0.333333,0.666667,0.845481,2.175842,-0.53,-0.176667,0.333333,0.666667,0.845481,2.175842,-0.53,-0.176667,0.333333,0.666667,0.845481,2.175842,-0.53,-0.176667,0.333333,0.666667,0.845481,2.175842,4.0,-3.23,-0.8075,0.5,0.188442,0.0,1.0,-3.26,-3.59,-3.23,-0.8075,0.5,0.5,0.188442,1.654636,-3.23,-0.8075,0.5,0.5,0.188442,1.654636,-3.23,-0.8075,0.5,0.5,0.188442,1.654636,-3.23,-0.8075,0.5,0.5,0.188442,1.654636,0,1,0,0,-1.49,1.49,-149.0,1,2,2,63.468,0,1,-1.49,0.0,0.0,1
31,2026-02-04T05:54:30,2026-02-04,1821656212,0,[tp 1.18337],EURUSDm,SELL,0.01,-4.605170185988091,1,31.0,31.0,130.55,4.21129,0.451613,1.481557,0.0,3.0,-3.55,-198.43,-3.32,-0.664,0.2,0.8,0.178218,0.861988,82.72,8.272,0.4,0.6,10.0,25.719641,147.19,7.3595,0.4,0.6,2.074929,39.229895,130.55,4.21129,0.451613,0.548387,1.481557,40.538789,7.0,1.51,0.215714,0.428571,1.834254,0.0,1.0,-1.09,-1.42,-1.09,-0.218,0.2,0.8,0.39779,0.499175,1.51,0.215714,0.428571,0.571429,1.834254,1.009736,1.51,0.215714,0.428571,0.571429,1.834254,1.009736,1.51,0.215714,0.428571,0.571429,1.834254,1.009736,5.0,-4.72,-0.944,0.4,0.137112,0.0,2.0,-4.75,-4.75,-4.72,-0.944,0.4,0.6,0.137112,1.50492,-4.72,-0.944,0.4,0.6,0.137112,1.50492,-4.72,-0.944,0.4,0.6,0.137112,1.50492,-4.72,-0.944,0.4,0.6,0.137112,1.50492,1,0,0,0,0.63,0.63,63.0,5,2,2,1.18337,1,0,0.63,0.0,0.0,1
32,2026-02-04T06:16:09,2026-02-04,1821696756,0,[sl 63.49300],USOILm,SELL,0.01,-4.605170185988091,1,32.0,32.0,131.18,4.099375,0.46875,1.48388,1.0,0.0,-2.92,-198.43,-2.2,-0.44,0.4,0.6,0.380282,1.010782,83.05,8.305,0.4,0.6,10.0,25.709601,215.4,10.77,0.45,0.55,4.105984,35.338662,131.18,4.099375,0.46875,0.53125,1.48388,39.905208,4.0,-2.02,-0.505,0.25,0.589431,0.0,2.0,-3.16,-3.16,-2.02,-0.505,0.25,0.75,0.589431,1.96828,-2.02,-0.505,0.25,0.75,0.589431,1.96828,-2.02,-0.505,0.25,0.75,0.589431,1.96828,-2.02,-0.505,0.25,0.75,0.589431,1.96828,6.0,-4.09,-0.681667,0.5,0.252285,1.0,0.0,-4.12,-4.75,-4.12,-0.824,0.4,0.6,0.246801,1.598795,-4.09,-0.681667,0.5,0.5,0.252285,1.493792,-4.09,-0.681667,0.5,0.5,0.252285,1.493792,-4.09,-0.681667,0.5,0.5,0.252285,1.493792,0,1,0,0,-1.1,1.1,-110.0,6,2,2,63.493,0,1,-1.1,0.0,0.0,1
33,2026-02-04T10:31:56,2026-02-04,1822778499,0,[sl 1.18225],EURUSDm,SELL,0.01,-4.605170185988091,1,33.0,33.0,130.08,3.941818,0.454545,1.477884,0.0,1.0,-4.02,-198.43,-4.02,-0.804,0.2,0.8,0.135484,0.840942,-3.38,-0.338,0.3,0.7,0.557012,1.357371,111.89,5.5945,0.4,0.6,2.588219,28.446188,130.08,3.941818,0.454545,0.545455,1.477884,39.306039,8.0,2.14,0.2675,0.5,2.18232,1.0,0.0,-0.46,-1.42,-0.26,-0.052,0.4,0.6,0.838509,0.604463,2.14,0.2675,0.5,0.5,2.18232,0.954408,2.14,0.2675,0.5,0.5,2.18232,0.954408,2.14,0.2675,0.5,0.5,2.18232,0.954408,7.0,-5.19,-0.741429,0.428571,0.210046,0.0,1.0,-5.22,-5.22,-1.63,-0.326,0.4,0.6,0.45302,0.890631,-5.19,-0.741429,0.428571,0.571429,0.210046,1.390708,-5.19,-0.741429,0.428571,0.571429,0.210046,1.390708,-5.19,-0.741429,0.428571,0.571429,0.210046,1.390708,0,1,0,0,-0.84,0.84,-84.0,10,2,2,1.18225,0,1,-0.84,0.0,0.0,1
34,2026-02-04T15:49:51,2026-02-04,1824728456,2308417043,[sl 63.254],USOILm,BUY,0.01,-4.605170185988091,1,34.0,34.0,129.24,3.801176,0.441176,1.473337,0.0,2.0,-4.86,-198.43,-3.19,-0.638,0.2,0.8,0.164921,0.72794,-3.49,-0.349,0.3,0.7,0.549096,1.360944,27.18,1.359,0.35,0.65,1.38126,22.067252,129.24,3.801176,0.441176,0.558824,1.473337,38.732122,5.0,-3.12,-0.624,0.2,0.481728,0.0,3.0,-4.26,-4.26,-3.12,-0.624,0.2,0.8,0.481728,1.776498,-3.12,-0.624,0.2,0.8,0.481728,1.776498,-3.12,-0.624,0.2,0.8,0.481728,1.776498,-3.12,-0.624,0.2,0.8,0.481728,1.776498,26.0,135.27,5.202692,0.461538,1.509242,0.0,2.0,-2.16,-198.43,-1.75,-0.35,0.2,0.8,0.623656,1.700412,35.57,3.557,0.4,0.6,1.669616,30.821915,92.87,4.6435,0.4,0.6,1.481267,41.483558,135.27,5.202692,0.461538,0.538462,1.509242,44.191642,0,1,0,0,-2.94,2.94,-294.0,15,2,2,63.254,0,1,-2.94,0.0,0.0,1
35,2026-02-04T16:56:03,2026-02-04,1825324868,0,[tp 1.17955],EURUSDm,BUY,0.01,-4.605170185988091,1,35.0,35.0,126.3,3.608571,0.428571,1.457642,0.0,3.0,-7.8,-198.43,-5.74,-1.148,0.2,0.8,0.098901,1.147753,-4.67,-0.467,0.3,0.7,0.476457,1.520027,15.81,0.7905,0.3,0.7,1.212987,22.02418,126.3,3.608571,0.428571,0.571429,1.457642,38.191313,9.0,1.3,0.144444,0.444444,1.490566,0.0,1.0,-1.3,-1.42,-0.37,-0.074,0.4,0.6,0.784884,0.630194,1.3,0.144444,0.444444,0.555556,1.490566,0.964793,1.3,0.144444,0.444444,0.555556,1.490566,0.964793,1.3,0.144444,0.444444,0.555556,1.490566,0.964793,27.0,132.33,4.901111,0.444444,1.492721,0.0,3.0,-5.1,-198.43,-3.96,-0.792,0.2,0.8,0.422741,2.002193,80.9,8.09,0.4,0.6,10.0,25.788751,93.41,4.6705,0.4,0.6,1.485423,41.478438,132.33,4.901111,0.444444,0.555556,1.492721,43.392814,1,0,0,0,1.78,1.78,178.0,16,2,2,1.17955,1,0,1.78,0.0,0.0,1
36,2026-02-04T18:05:06,2026-02-04,1825907390,2309816236,TradePy Live,NVDAm,BUY,0.01,-4.605170185988091,0,36.0,36.0,128.08,3.557778,0.444444,1.464092,1.0,0.0,-6.02,-198.43,-2.47,-0.494,0.4,0.6,0.493852,1.606507,-5.79,-0.579,0.3,0.7,0.350897,1.291963,21.8,1.09,0.35,0.65,1.31134,21.994852,128.08,3.557778,0.444444,0.555556,1.464092,37.658341,0.0,0.0,0.0,0.0,0.0,0.0,0.0,0.0,0.0,0.0,0.0,0.0,0.0,0.0,0.0,0.0,0.0,0.0,0.0,0.0,0.0,0.0,0.0,0.0,0.0,0.0,0.0,0.0,0.0,0.0,0.0,0.0,0.0,28.0,134.11,4.789643,0.464286,1.499348,1.0,0.0,-3.32,-198.43,-0.42,-0.084,0.4,0.6,0.917647,2.154796,82.52,8.252,0.4,0.6,10.0,25.743476,98.71,4.9355,0.45,0.55,1.522524,41.442178,134.11,4.789643,0.464286,0.535714,1.499348,42.614833,1,0,0,0,0.77,0.77,77.0,18,2,2,175.01,0,0,0.77,0.0,0.0,1
37,2026-02-04T19:42:56,2026-02-04,1826595303,2310607278,[sl 64.503],USOILm,SELL,0.01,-4.605170185988091,1,37.0,37.0,128.85,3.482432,0.459459,1.466882,2.0,0.0,-5.25,-198.43,-2.33,-0.466,0.4,0.6,0.522541,1.626943,-4.53,-0.453,0.4,0.6,0.462633,1.35443,29.12,1.456,0.4,0.6,1.458799,21.92547,128.85,3.482432,0.459459,0.540541,1.466882,37.14871,6.0,-6.06,-1.01,0.166667,0.323661,0.0,4.0,-7.2,-7.2,-4.3,-0.86,0.2,0.8,0.402778,1.978616,-6.06,-1.01,0.166667,0.833333,0.323661,1.837099,-6.06,-1.01,0.166667,0.833333,0.323661,1.837099,-6.06,-1.01,0.166667,0.833333,0.323661,1.837099,8.0,-6.03,-0.75375,0.375,0.186235,0.0,2.0,-6.06,-6.06,-3.19,-0.638,0.2,0.8,0.164921,0.72794,-6.03,-0.75375,0.375,0.625,0.186235,1.301297,-6.03,-0.75375,0.375,0.625,0.186235,1.301297,-6.03,-0.75375,0.375,0.625,0.186235,1.301297,0,1,0,0,-5.23,5.23,-523.0,19,2,2,64.503,0,1,-5.23,0.0,0.0,1
38,2026-02-04T20:46:22,2026-02-04,1826938575,0,[sl 1.18064],EURUSDm,BUY,0.01,-4.605170185988091,1,38.0,38.0,123.62,3.253158,0.447368,1.4396,0.0,1.0,-10.48,-198.43,-6.46,-1.292,0.4,0.6,0.283019,2.534446,-10.48,-1.048,0.3,0.7,0.232796,1.9039,72.16,3.608,0.4,0.6,4.532061,18.833388,123.62,3.253158,0.447368,0.552632,1.4396,36.683172,10.0,3.08,0.308,0.5,2.162264,1.0,0.0,0.0,-1.42,1.9,0.38,0.6,0.4,2.544715,0.918629,3.08,0.308,0.5,0.5,2.162264,1.038507,3.08,0.308,0.5,0.5,2.162264,1.038507,3.08,0.308,0.5,0.5,2.162264,1.038507,29.0,134.88,4.651034,0.482759,1.502215,2.0,0.0,-2.55,-198.43,-2.55,-0.51,0.4,0.6,0.5,1.681273,83.49,8.349,0.5,0.5,10.0,25.713256,153.99,7.6995,0.5,0.5,2.145759,39.166231,134.88,4.651034,0.482759,0.517241,1.502215,41.880072,0,1,0,0,-0.99,0.99,-99.0,20,2,2,1.18064,0,1,-0.99,0.0,0.0,1
39,2026-02-05T00:34:08,2026-02-05,1827684447,0,[sl 1.18060],EURUSDm,BUY,0.01,-4.605170185988091,1,39.0,39.0,122.63,3.144359,0.435897,1.43455,0.0,2.0,-11.47,-198.43,-6.61,-1.322,0.4,0.6,0.278384,2.529802,-9.8,-0.98,0.3,0.7,0.244992,1.89258,74.76,3.738,0.4,0.6,5.192933,18.792182,122.63,3.144359,0.435897,0.564103,1.43455,36.216032,11.0,2.09,0.19,0.454545,1.574176,0.0,1.0,-0.99,-1.42,0.19,0.038,0.4,0.6,1.085586,1.038834,-0.35,-0.035,0.4,0.6,0.903846,0.821453,2.09,0.19,0.454545,0.545455,1.574176,1.058154,2.09,0.19,0.454545,0.545455,1.574176,1.058154,30.0,133.89,4.463,0.466667,1.496698,0.0,1.0,-3.54,-198.43,-3.05,-0.61,0.4,0.6,0.455357,1.691946,82.2,8.22,0.4,0.6,10.0,25.756513,150.56,7.528,0.45,0.55,2.112047,39.196383,133.89,4.463,0.466667,0.533333,1.496698,41.188604,0,1,0,0,-0.31,0.31,-31.0,0,3,2,1.1806,0,1,-0.31,0.0,0.0,1
40,2026-02-05T02:17:02,2026-02-05,1827939278,2312248358,[sl 63.982],USOILm,SELL,0.01,-4.605170185988091,1,40.0,40.0,122.32,3.058,0.425,1.432976,0.0,3.0,-11.78,-198.43,-3.98,-0.796,0.4,0.6,0.390505,2.409246,-9.72,-0.972,0.3,0.7,0.246512,1.895225,74.29,3.7145,0.35,0.65,5.095369,18.796935,122.32,3.058,0.425,0.575,1.432976,35.764532,7.0,-11.29,-1.612857,0.142857,0.204369,0.0,5.0,-12.43,-12.43,-12.43,-2.486,0.0,1.0,0.0,1.504295,-11.29,-1.612857,0.142857,0.857143,0.204369,2.252425,-11.29,-1.612857,0.142857,0.857143,0.204369,2.252425,-11.29,-1.612857,0.142857,0.857143,0.204369,2.252425,9.0,-11.26,-1.251111,0.333333,0.109177,0.0,3.0,-11.29,-11.29,-8.03,-1.606,0.2,0.8,0.072748,1.948811,-11.26,-1.251111,0.333333,0.666667,0.109177,1.866592,-11.26,-1.251111,0.333333,0.666667,0.109177,1.866592,-11.26,-1.251111,0.333333,0.666667,0.109177,1.866592,0,1,0,0,-2.39,2.39,-239.0,2,3,2,63.982,0,1,-2.39,0.0,0.0,1
41,2026-02-05T06:43:11,2026-02-05,1828822814,2313429700,[sl 63.594],USOILm,BUY,0.01,-4.605170185988091,1,41.0,41.0,119.93,2.925122,0.414634,1.420955,0.0,4.0,-14.17,-198.43,-8.15,-1.63,0.2,0.8,0.086323,2.071212,-10.62,-1.062,0.3,0.7,0.230435,1.93856,72.1,3.605,0.35,0.65,4.546483,18.825776,119.93,2.925122,0.414634,0.585366,1.420955,35.335682,8.0,-13.68,-1.71,0.125,0.17491,0.0,6.0,-14.82,-14.82,-13.15,-2.63,0.0,1.0,0.0,1.452873,-13.68,-1.71,0.125,0.875,0.17491,2.122569,-13.68,-1.71,0.125,0.875,0.17491,2.122569,-13.68,-1.71,0.125,0.875,0.17491,2.122569,31.0,133.58,4.309032,0.451613,1.494979,0.0,2.0,-3.85,-198.43,-1.69,-0.338,0.4,0.6,0.601415,1.606853,-3.44,-0.344,0.3,0.7,0.613048,1.654305,217.83,10.8915,0.45,0.55,4.197739,35.299496,133.58,4.309032,0.451613,0.548387,1.494979,40.527601,0,1,0,0,-1.21,1.21,-121.0,6,3,2,63.594,0,1,-1.21,0.0,0.0,1
42,2026-02-05T08:00:16,2026-02-05,1829165876,0,[sl 1.17928],EURUSDm,BUY,0.01,-4.605170185988091,1,42.0,42.0,118.72,2.826667,0.404762,1.414945,0.0,5.0,-15.38,-198.43,-10.13,-2.026,0.0,1.0,0.0,1.736774,-12.46,-1.246,0.2,0.8,0.169887,1.854741,70.59,3.5295,0.3,0.7,4.277159,18.841901,118.72,2.826667,0.404762,0.595238,1.414945,34.918177,12.0,1.78,0.148333,0.416667,1.450633,0.0,2.0,-1.3,-1.42,0.27,0.054,0.4,0.6,1.126168,1.032717,-0.82,-0.082,0.3,0.7,0.792405,0.822396,1.78,0.148333,0.416667,0.583333,1.450633,1.022487,1.78,0.148333,0.416667,0.583333,1.450633,1.022487,32.0,132.37,4.136563,0.4375,1.488306,0.0,3.0,-5.06,-198.43,0.04,0.008,0.4,0.6,1.015936,1.122611,-3.92,-0.392,0.3,0.7,0.581644,1.671681,114.21,5.7105,0.4,0.6,2.647339,28.420982,132.37,4.136563,0.4375,0.5625,1.488306,39.900888,0,1,0,0,-0.7,0.7,-70.0,8,3,2,1.17928,0,1,-0.7,0.0,0.0,1
43,2026-02-06T00:44:19,2026-02-06,1835713127,0,[tp 62.71700],USOILm,BUY,0.01,-4.605170185988091,1,43.0,43.0,118.02,2.744651,0.395349,1.411492,0.0,6.0,-16.08,-198.43,-5.6,-1.12,0.0,1.0,0.0,0.702908,-12.06,-1.206,0.2,0.8,0.174538,1.861758,-15.44,-0.772,0.25,0.75,0.305755,1.686018,118.02,2.744651,0.395349,0.604651,1.411492,34.513856,9.0,-14.89,-1.654444,0.111111,0.163013,0.0,7.0,-16.03,-16.03,-12.87,-2.574,0.0,1.0,0.0,1.500355,-14.89,-1.654444,0.111111,0.888889,0.163013,2.007337,-14.89,-1.654444,0.111111,0.888889,0.163013,2.007337,-14.89,-1.654444,0.111111,0.888889,0.163013,2.007337,33.0,131.67,3.99,0.424242,1.484473,0.0,4.0,-5.76,-198.43,-2.44,-0.488,0.2,0.8,0.239875,0.697493,-2.86,-0.286,0.3,0.7,0.655836,1.614195,29.64,1.482,0.35,0.65,1.423247,22.056322,131.67,3.99,0.424242,0.575758,1.484473,39.300425,1,0,0,0,2.26,2.26,226.0,0,4,2,62.717,1,0,2.26,0.0,0.0,1
44,2026-02-06T01:17:57,2026-02-06,1835895169,0,[tp 1.17708],EURUSDm,BUY,0.01,-4.605170185988091,1,44.0,44.0,120.28,2.733636,0.409091,1.419372,1.0,0.0,-13.82,-198.43,-2.35,-0.47,0.2,0.8,0.490239,1.533975,-8.96,-0.896,0.3,0.7,0.34931,2.134939,-12.45,-0.6225,0.3,0.7,0.421199,1.811041,120.28,2.733636,0.409091,0.590909,1.419372,34.119475,13.0,1.08,0.083077,0.384615,1.232258,0.0,3.0,-2.0,-2.0,-1.06,-0.212,0.2,0.8,0.626761,1.021321,-1.32,-0.132,0.3,0.7,0.703371,0.842992,1.08,0.083077,0.384615,0.615385,1.232258,1.008048,1.08,0.083077,0.384615,0.615385,1.232258,1.008048,34.0,133.93,3.939118,0.441176,1.492788,1.0,0.0,-3.5,-198.43,-0.95,-0.19,0.2,0.8,0.70405,1.261539,-3.5,-0.35,0.3,0.7,0.578821,1.494885,23.47,1.1735,0.35,0.65,1.335142,22.000062,133.93,3.939118,0.441176,0.558824,1.492788,38.719267,1,0,0,0,0.59,0.59,59.0,1,4,2,1.17708,1,0,0.59,0.0,0.0,1
45,2026-02-06T06:16:58,2026-02-06,1836795766,0,[tp 1.18008],EURUSDm,SELL,0.01,-4.605170185988091,1,45.0,45.0,120.87,2.686,0.422222,1.421429,2.0,0.0,-13.23,-198.43,-1.45,-0.29,0.4,0.6,0.662791,1.593826,-5.43,-0.543,0.4,0.6,0.498615,2.058247,-10.1,-0.505,0.35,0.65,0.488608,1.809662,120.87,2.686,0.422222,0.577778,1.421429,33.73972,14.0,1.67,0.119286,0.428571,1.35914,1.0,0.0,-1.41,-2.0,0.37,0.074,0.4,0.6,1.185,1.005517,0.0,0.0,0.4,0.6,1.0,0.842366,1.67,0.119286,0.428571,0.571429,1.35914,0.980113,1.67,0.119286,0.428571,0.571429,1.35914,0.980113,10.0,-13.65,-1.365,0.3,0.091816,0.0,4.0,-13.68,-13.68,-8.93,-1.786,0.2,0.8,0.0659,1.971219,-13.65,-1.365,0.3,0.7,0.091816,1.803465,-13.65,-1.365,0.3,0.7,0.091816,1.803465,-13.65,-1.365,0.3,0.7,0.091816,1.803465,1,0,0,0,0.52,0.52,52.0,6,4,2,1.18008,1,0,0.52,0.0,0.0,1
46,2026-02-06T06:34:18,2026-02-06,1836862997,0,[tp 63.67600],USOILm,SELL,0.01,-4.605170185988091,1,46.0,46.0,121.39,2.638913,0.434783,1.423242,3.0,0.0,-12.71,-198.43,1.46,0.292,0.6,0.4,1.764398,1.204482,-6.69,-0.669,0.4,0.6,0.382271,1.947786,-12.48,-0.624,0.35,0.65,0.368101,1.653343,121.39,2.638913,0.434783,0.565217,1.423242,33.372463,10.0,-12.63,-1.263,0.2,0.290051,1.0,0.0,-13.77,-16.03,-9.51,-1.902,0.2,0.8,0.192014,2.457327,-12.63,-1.263,0.2,0.8,0.290051,2.237302,-12.63,-1.263,0.2,0.8,0.290051,2.237302,-12.63,-1.263,0.2,0.8,0.290051,2.237302,11.0,-13.13,-1.193636,0.363636,0.126414,1.0,0.0,-13.16,-13.68,-9.04,-1.808,0.2,0.8,0.054393,1.944566,-13.16,-1.316,0.3,0.7,0.124418,1.846836,-13.13,-1.193636,0.363636,0.636364,0.126414,1.802903,-13.13,-1.193636,0.363636,0.636364,0.126414,1.802903,1,0,0,0,1.9,1.9,190.0,6,4,2,63.676,1,0,1.9,0.0,0.0,1
47,2026-02-06T11:06:27,2026-02-06,1838170015,2325263920,[sl 63.639],USOILm,SELL,0.01,-4.605170185988091,1,47.0,47.0,123.29,2.623191,0.446809,1.429866,4.0,0.0,-10.81,-198.43,4.57,0.914,0.8,0.2,7.528571,1.062932,-5.56,-0.556,0.4,0.6,0.486611,2.05767,-10.09,-0.5045,0.4,0.6,0.476116,1.742669,123.29,2.623191,0.446809,0.553191,1.429866,33.015701,11.0,-10.73,-0.975455,0.272727,0.396852,2.0,0.0,-11.87,-16.03,-4.67,-0.934,0.4,0.6,0.471121,2.788724,-8.97,-0.897,0.3,0.7,0.440424,2.418123,-10.73,-0.975455,0.272727,0.727273,0.396852,2.3189,-10.73,-0.975455,0.272727,0.727273,0.396852,2.3189,12.0,-11.23,-0.935833,0.416667,0.252828,2.0,0.0,-11.26,-13.68,-6.04,-1.208,0.4,0.6,0.286052,2.463927,-7.67,-0.767,0.4,0.6,0.329545,1.904353,-11.23,-0.935833,0.416667,0.583333,0.252828,1.926311,-11.23,-0.935833,0.416667,0.583333,0.252828,1.926311,0,1,0,0,-3.67,3.67,-367.0,11,4,2,63.639,0,1,-3.67,0.0,0.0,1
48,2026-02-06T14:34:58,2026-02-06,1839409449,0,[tp 1.18043],EURUSDm,SELL,0.01,-4.605170185988091,1,48.0,48.0,119.62,2.492083,0.4375,1.411801,0.0,1.0,-14.48,-198.43,1.6,0.32,0.8,0.2,1.435967,2.11154,-4.0,-0.4,0.4,0.6,0.568501,1.730532,-14.48,-0.724,0.35,0.65,0.368513,1.847908,119.62,2.492083,0.4375,0.5625,1.411801,32.682339,15.0,2.19,0.146,0.466667,1.470968,2.0,0.0,-0.89,-2.0,-0.89,-0.178,0.4,0.6,0.555,0.636597,1.01,0.101,0.5,0.5,1.312693,0.838098,2.19,0.146,0.466667,0.533333,1.470968,0.95214,2.19,0.146,0.466667,0.533333,1.470968,0.95214,13.0,-14.9,-1.146154,0.384615,0.203209,0.0,1.0,-14.93,-14.93,-8.87,-1.774,0.4,0.6,0.214349,2.633588,-12.06,-1.206,0.3,0.7,0.201853,2.013818,-14.9,-1.146154,0.384615,0.615385,0.203209,1.988983,-14.9,-1.146154,0.384615,0.615385,0.203209,1.988983,1,0,0,0,1.1,1.1,110.0,14,4,2,1.18043,1,0,1.1,0.0,0.0,1
49,2026-02-06T15:03:54,2026-02-06,1839622799,0,[tp 1.18132],EURUSDm,SELL,0.01,-4.605170185988091,1,49.0,49.0,120.72,2.463673,0.44898,1.415588,1.0,0.0,-13.38,-198.43,0.44,0.088,0.8,0.2,1.119891,1.942611,-1.91,-0.191,0.5,0.5,0.769324,1.772357,-11.71,-0.5855,0.4,0.6,0.4492,1.875416,120.72,2.463673,0.44898,0.55102,1.415588,32.347726,16.0,3.29,0.205625,0.5,1.707527,3.0,0.0,0.0,-2.0,1.2,0.24,0.6,0.4,2.188119,0.652166,1.39,0.139,0.5,0.5,1.430341,0.873183,3.29,0.205625,0.5,0.5,1.707527,0.950388,3.29,0.205625,0.5,0.5,1.707527,0.950388,14.0,-13.8,-0.985714,0.428571,0.262032,1.0,0.0,-13.83,-14.93,-2.54,-0.508,0.6,0.4,0.580858,2.143879,-10.57,-1.057,0.4,0.6,0.281929,2.120953,-13.8,-0.985714,0.428571,0.571429,0.262032,2.002027,-13.8,-0.985714,0.428571,0.571429,0.262032,2.002027,1,0,0,0,0.82,0.82,82.0,15,4,2,1.18132,1,0,0.82,0.0,0.0,1
50,2026-02-06T15:28:03,2026-02-06,1839802516,2327344800,[sl 62.767],USOILm,BUY,0.01,-4.605170185988091,1,50.0,50.0,121.54,2.4308,0.46,1.418411,2.0,0.0,-12.56,-198.43,0.67,0.134,0.8,0.2,1.182561,1.956626,-0.78,-0.078,0.6,0.4,0.902133,1.797019,-10.5,-0.525,0.45,0.55,0.496885,1.900101,121.54,2.4308,0.46,0.54,1.418411,32.023441,12.0,-14.4,-1.2,0.25,0.328984,0.0,1.0,-15.54,-16.03,-3.11,-0.622,0.4,0.6,0.572215,2.342148,-15.54,-1.554,0.2,0.8,0.211168,2.177821,-14.4,-1.2,0.25,0.75,0.328984,2.341755,-14.4,-1.2,0.25,0.75,0.328984,2.341755,35.0,134.52,3.843429,0.457143,1.494959,2.0,0.0,-2.91,-198.43,0.63,0.126,0.4,0.6,1.283784,1.21873,-2.42,-0.242,0.4,0.6,0.690537,1.519676,28.27,1.4135,0.4,0.6,1.429505,21.966179,134.52,3.843429,0.457143,0.542857,1.494959,38.166205,0,1,0,0,-5.91,5.91,-591.0,15,4,2,62.767,0,1,-5.91,0.0,0.0,1
51,2026-02-06T16:22:49,2026-02-06,1840291576,0,[sl 1.18107],EURUSDm,SELL,0.01,-4.605170185988091,1,51.0,51.0,115.63,2.267255,0.45098,1.390128,0.0,1.0,-18.47,-198.43,-5.76,-1.152,0.6,0.4,0.398747,3.074211,-4.3,-0.43,0.6,0.4,0.625762,2.44378,-14.92,-0.746,0.45,0.55,0.410043,2.228204,112.88,2.2576,0.44,0.56,1.38085,32.044659,17.0,4.11,0.241765,0.529412,1.883871,4.0,0.0,0.0,-2.0,2.33,0.466,0.8,0.2,4.328571,0.617271,2.6,0.26,0.6,0.4,1.915493,0.875329,4.11,0.241765,0.529412,0.470588,1.883871,0.933275,4.11,0.241765,0.529412,0.470588,1.883871,0.933275,15.0,-12.98,-0.865333,0.466667,0.305882,2.0,0.0,-13.01,-14.93,0.67,0.134,0.8,0.2,1.182561,1.956626,-8.26,-0.826,0.5,0.5,0.375661,2.186011,-12.98,-0.865333,0.466667,0.533333,0.305882,1.985896,-12.98,-0.865333,0.466667,0.533333,0.305882,1.985896,0,1,0,0,-0.92,0.92,-92.0,16,4,2,1.18107,0,1,-0.92,0.0,0.0,1
52,2026-02-06T16:28:20,2026-02-06,1840337863,0,[tp 182.65000],NVDAm,SELL,0.01,-4.605170185988091,1,52.0,52.0,114.71,2.205962,0.442308,1.385826,0.0,2.0,-19.39,-198.43,-8.58,-1.716,0.4,0.6,0.182857,2.698241,-4.01,-0.401,0.6,0.4,0.641964,2.43606,-16.47,-0.8235,0.4,0.6,0.371614,2.205841,109.02,2.1804,0.42,0.58,1.366688,32.047571,1.0,0.77,0.77,1.0,10.0,1.0,0.0,0.0,0.0,0.77,0.77,1.0,0.0,10.0,0.0,0.77,0.77,1.0,0.0,10.0,0.0,0.77,0.77,1.0,0.0,10.0,0.0,0.77,0.77,1.0,0.0,10.0,0.0,16.0,-13.9,-0.86875,0.4375,0.291539,0.0,1.0,-13.93,-14.93,-0.77,-0.154,0.6,0.4,0.832244,1.984395,-9.81,-0.981,0.4,0.6,0.306714,2.131551,-13.9,-0.86875,0.4375,0.5625,0.291539,1.922882,-13.9,-0.86875,0.4375,0.5625,0.291539,1.922882,1,0,0,0,2.93,2.93,293.0,16,4,2,182.66,1,0,2.93,0.0,0.0,1
53,2026-02-06T19:21:37,2026-02-06,1841336144,0,[sl 63.69600],USOILm,SELL,0.01,-4.605170185988091,1,53.0,53.0,117.64,2.219623,0.45283,1.395681,1.0,0.0,-16.46,-198.43,-1.98,-0.396,0.6,0.4,0.710102,3.015219,-0.38,-0.038,0.7,0.3,0.96381,2.627401,-12.44,-0.622,0.45,0.55,0.50458,2.350691,109.61,2.1922,0.42,0.58,1.368672,32.047736,13.0,-20.31,-1.562308,0.230769,0.257947,0.0,2.0,-21.45,-21.45,-6.63,-1.326,0.4,0.6,0.385542,3.155545,-19.78,-1.978,0.2,0.8,0.173768,2.541507,-20.31,-1.562308,0.230769,0.769231,0.257947,2.576274,-20.31,-1.562308,0.230769,0.769231,0.257947,2.576274,17.0,-10.97,-0.645294,0.470588,0.440877,1.0,0.0,-11.0,-14.93,0.26,0.052,0.6,0.4,1.056645,2.225717,-5.78,-0.578,0.5,0.5,0.557088,2.4309,-10.97,-0.645294,0.470588,0.529412,0.440877,2.068549,-10.97,-0.645294,0.470588,0.529412,0.440877,2.068549,0,1,0,0,-3.02,3.02,-302.0,19,4,2,63.696,0,1,-3.02,0.0,0.0,1
54,2026-02-08T17:54:15,2026-02-08,1844435507,0,[sl 70236.17000],BTCUSDm,SELL,0.02,-3.912023005428146,1,54.0,54.0,114.62,2.122593,0.444444,1.381647,0.0,1.0,-19.48,-198.43,-6.1,-1.22,0.4,0.6,0.380711,3.056475,-5.66,-0.566,0.6,0.4,0.581361,2.643029,-14.62,-0.731,0.45,0.55,0.464273,2.408113,107.47,2.1494,0.42,0.58,1.358891,32.053239,12.0,-5.44,-0.453333,0.5,0.755286,1.0,0.0,-14.05,-14.35,-5.62,-1.124,0.4,0.6,0.608362,5.26028,-11.13,-1.113,0.4,0.6,0.499325,4.037742,-5.44,-0.453333,0.5,0.5,0.755286,3.97032,-5.44,-0.453333,0.5,0.5,0.755286,3.97032,18.0,-13.99,-0.777222,0.444444,0.382067,0.0,1.0,-14.02,-14.93,0.91,0.182,0.6,0.4,1.230964,2.013379,-7.96,-0.796,0.5,0.5,0.477347,2.539926,-13.99,-0.777222,0.444444,0.555556,0.382067,2.082562,-13.99,-0.777222,0.444444,0.555556,0.382067,2.082562,0,1,0,1,-13.22,13.22,-661.0,17,6,2,70236.17,0,1,-13.22,0.0,0.0,1
55,2026-02-08T20:50:12,2026-02-08,1844668231,0,[tp 71368.79000],BTCUSDm,SELL,0.02,-3.912023005428146,1,55.0,55.0,101.4,1.843636,0.436364,1.323393,0.0,2.0,-32.7,-198.43,-20.14,-4.028,0.2,0.8,0.127005,5.424468,-19.47,-1.947,0.5,0.5,0.271877,4.577901,-24.9,-1.245,0.45,0.55,0.337237,3.617953,94.22,1.8844,0.4,0.6,1.30134,32.124359,13.0,-18.66,-1.435385,0.461538,0.473625,0.0,1.0,-27.27,-27.27,-27.27,-5.454,0.2,0.8,0.010881,4.464135,-26.69,-2.669,0.3,0.7,0.247109,5.229517,-18.66,-1.435385,0.461538,0.538462,0.473625,5.111161,-18.66,-1.435385,0.461538,0.538462,0.473625,5.111161,19.0,-27.21,-1.432105,0.421053,0.241216,0.0,2.0,-27.24,-27.24,-13.41,-2.682,0.4,0.6,0.218531,5.621866,-15.95,-1.595,0.5,0.5,0.313092,4.391169,-27.21,-1.432105,0.421053,0.578947,0.241216,3.439257,-27.21,-1.432105,0.421053,0.578947,0.241216,3.439257,1,0,0,0,8.71,8.71,435.5,20,6,2,71368.79,1,0,8.71,0.0,0.0,1
56,2026-02-09T00:05:24,2026-02-09,1844918643,0,[tp 71583.94000],BTCUSDm,SELL,0.02,-3.912023005428146,1,56.0,56.0,110.11,1.96625,0.446429,1.351172,1.0,0.0,-23.99,-198.43,-5.52,-1.104,0.4,0.6,0.678322,7.253828,-11.28,-1.128,0.5,0.5,0.57816,5.570904,-17.97,-0.8985,0.45,0.55,0.521693,4.179365,-4.1,-0.082,0.4,0.6,0.986887,28.424066,14.0,-9.95,-0.710714,0.5,0.719323,1.0,0.0,-18.56,-27.27,-14.35,-2.87,0.4,0.6,0.385702,7.284622,-17.1,-1.71,0.4,0.6,0.505351,6.249502,-9.95,-0.710714,0.5,0.5,0.719323,5.575381,-9.95,-0.710714,0.5,0.5,0.719323,5.575381,20.0,-18.5,-0.925,0.45,0.484105,1.0,0.0,-18.53,-27.24,-5.52,-1.104,0.4,0.6,0.678322,7.253828,-4.85,-0.485,0.6,0.4,0.767163,5.348492,-18.5,-0.925,0.45,0.55,0.484105,4.015349,-18.5,-0.925,0.45,0.55,0.484105,4.015349,1,0,1,0,15.95,15.95,797.5,0,0,2,71583.94,1,0,15.95,0.0,0.0,1
57,2026-02-09T00:17:27,2026-02-09,1844980304,2333339802,[sl 62.848],USOILm,BUY,0.01,-4.605170185988091,1,57.0,57.0,126.06,2.211579,0.45614,1.402041,2.0,0.0,-8.04,-198.43,11.35,2.27,0.6,0.4,1.698892,9.969712,2.77,0.277,0.5,0.5,1.10359,7.570329,-2.79,-0.1395,0.45,0.55,0.925739,5.56286,83.63,1.6726,0.42,0.58,1.347171,26.592807,14.0,-23.33,-1.666429,0.214286,0.232313,0.0,3.0,-24.47,-24.47,-8.44,-1.688,0.4,0.6,0.330159,3.22454,-21.31,-2.131,0.2,0.8,0.163329,2.553548,-23.33,-1.666429,0.214286,0.785714,0.232313,2.510784,-23.33,-1.666429,0.214286,0.785714,0.232313,2.510784,36.0,128.61,3.5725,0.444444,1.463142,0.0,1.0,-8.82,-198.43,-4.97,-0.994,0.4,0.6,0.36445,2.734875,-6.66,-0.666,0.4,0.6,0.447761,2.266792,28.91,1.4455,0.4,0.6,1.443541,21.955018,128.61,3.5725,0.444444,0.555556,1.463142,37.666504,0,1,0,0,-2.21,2.21,-221.0,0,0,2,62.848,0,1,-2.21,0.0,0.0,1
58,2026-02-09T06:30:05,2026-02-09,1846157613,0,[sl 62.85400],USOILm,BUY,0.01,-4.605170185988091,1,58.0,58.0,123.85,2.135345,0.448276,1.392228,0.0,1.0,-10.25,-198.43,6.21,1.242,0.4,0.6,1.336585,10.112632,4.23,0.423,0.5,0.5,1.167326,7.50661,0.23,0.0115,0.45,0.55,1.006657,5.462719,84.9,1.698,0.42,0.58,1.354311,26.588479,15.0,-25.54,-1.702667,0.2,0.216564,0.0,4.0,-26.68,-26.68,-12.91,-2.582,0.2,0.8,0.128292,2.556477,-22.42,-2.242,0.2,0.8,0.156509,2.530339,-25.54,-1.702667,0.2,0.8,0.216564,2.429435,-25.54,-1.702667,0.2,0.8,0.216564,2.429435,37.0,126.4,3.416216,0.432432,1.45159,0.0,2.0,-11.03,-198.43,-5.97,-1.194,0.4,0.6,0.323129,2.779558,-5.93,-0.593,0.4,0.6,0.476611,2.203248,74.97,3.7485,0.4,0.6,4.921025,18.809721,126.4,3.416216,0.432432,0.567568,1.45159,37.165842,0,1,0,0,-0.67,0.67,-67.0,6,0,2,62.854,0,1,-0.67,0.0,0.0,1
59,2026-02-09T07:00:32,2026-02-09,1846279118,0,[tp 1.18375],EURUSDm,SELL,0.01,-4.605170185988091,1,59.0,59.0,123.18,2.087797,0.440678,1.38928,0.0,2.0,-10.92,-198.43,8.56,1.712,0.4,0.6,1.531677,9.957041,2.46,0.246,0.4,0.6,1.094798,7.509428,0.55,0.0275,0.45,0.55,1.016068,5.460231,87.75,1.755,0.42,0.58,1.370613,26.580285,18.0,3.19,0.177222,0.5,1.572711,0.0,1.0,-0.92,-2.0,2.11,0.422,0.8,0.2,3.293478,0.700982,1.05,0.105,0.5,0.5,1.279255,0.931518,3.19,0.177222,0.5,0.5,1.572711,0.945215,3.19,0.177222,0.5,0.5,1.572711,0.945215,21.0,-2.55,-0.121429,0.47619,0.92889,2.0,0.0,-2.58,-27.24,11.35,2.27,0.6,0.4,1.698892,9.969712,10.58,1.058,0.6,0.4,1.507921,7.289406,-2.58,-0.129,0.45,0.55,0.928054,5.448127,-2.55,-0.121429,0.47619,0.52381,0.92889,5.316935,1,0,0,0,0.48,0.48,48.0,7,0,2,1.18375,1,0,0.48,0.0,0.0,1
60,2026-02-09T14:00:03,2026-02-09,1848699593,0,[sl 63.45000],USOILm,SELL,0.01,-4.605170185988091,1,60.0,60.0,123.66,2.061,0.45,1.390797,1.0,0.0,-10.44,-198.43,22.26,4.452,0.6,0.4,8.729167,6.880821,2.12,0.212,0.4,0.6,1.081696,7.507521,1.34,0.067,0.5,0.5,1.039505,5.460504,142.74,2.8548,0.44,0.56,1.783167,25.338104,16.0,-26.21,-1.638125,0.1875,0.212203,0.0,5.0,-27.35,-27.35,-15.48,-3.096,0.0,1.0,0.0,1.727676,-20.15,-2.015,0.2,0.8,0.171123,2.559196,-26.21,-1.638125,0.1875,0.8125,0.212203,2.365534,-26.21,-1.638125,0.1875,0.8125,0.212203,2.365534,22.0,-2.07,-0.094091,0.5,0.942276,3.0,0.0,-2.1,-27.24,8.9,1.78,0.6,0.4,1.54803,9.985427,9.16,0.916,0.6,0.4,1.43975,7.28545,1.49,0.0745,0.5,0.5,1.046173,5.39076,-2.07,-0.094091,0.5,0.5,0.942276,5.196201,0,1,0,0,-2.25,2.25,-225.0,14,0,2,63.45,0,1,-2.25,0.0,0.0,1
61,2026-02-09T14:01:27,2026-02-09,1848713823,0,[tp 1.18837],EURUSDm,SELL,0.01,-4.605170185988091,1,61.0,61.0,121.41,1.990328,0.442623,1.380978,0.0,1.0,-12.69,-198.43,11.3,2.26,0.4,0.6,3.202729,6.920844,5.78,0.578,0.4,0.6,1.259309,7.286095,1.48,0.074,0.5,0.5,1.043813,5.457438,138.05,2.761,0.42,0.58,1.748198,25.348145,19.0,3.67,0.193158,0.526316,1.658887,1.0,0.0,-0.44,-2.0,2.0,0.4,0.8,0.2,3.173913,0.69708,2.37,0.237,0.6,0.4,1.811644,0.880375,3.67,0.193158,0.526316,0.473684,1.658887,0.922486,3.67,0.193158,0.526316,0.473684,1.658887,0.922486,23.0,-4.32,-0.187826,0.478261,0.886644,0.0,1.0,-4.35,-27.24,9.67,1.934,0.6,0.4,1.625081,9.915908,10.58,1.058,0.6,0.4,1.54508,7.208109,-1.48,-0.074,0.45,0.55,0.957126,5.4118,-4.32,-0.187826,0.478261,0.521739,0.886644,5.100967,1,0,0,0,0.95,0.95,95.0,14,0,2,1.18837,1,0,0.95,0.0,0.0,1
62,2026-02-10T00:25:06,2026-02-10,1851880082,0,[sl 1.19066],EURUSDm,SELL,0.01,-4.605170185988091,1,62.0,62.0,122.36,1.973548,0.451613,1.383959,1.0,0.0,-11.74,-198.43,-3.7,-0.74,0.4,0.6,0.278752,1.325926,7.65,0.765,0.5,0.5,1.357978,7.269226,3.64,0.182,0.55,0.45,1.111759,5.45233,206.58,4.1316,0.44,0.56,2.766698,23.275704,20.0,4.62,0.231,0.55,1.829443,2.0,0.0,0.0,-2.0,2.43,0.486,0.8,0.2,3.641304,0.732219,1.54,0.154,0.6,0.4,1.527397,0.762184,4.62,0.231,0.55,0.45,1.829443,0.914133,4.62,0.231,0.55,0.45,1.829443,0.914133,24.0,-3.37,-0.140417,0.5,0.911572,1.0,0.0,-3.4,-27.24,23.84,4.768,0.8,0.2,10.0,6.675221,10.43,1.043,0.6,0.4,1.537352,7.208162,-0.14,-0.007,0.5,0.5,0.995898,5.415766,-3.37,-0.140417,0.5,0.5,0.911572,4.99874,0,1,0,0,-0.76,0.76,-76.0,0,1,2,1.19066,0,1,-0.76,0.0,0.0,1
63,2026-02-10T02:04:08,2026-02-10,1852108574,2342013737,[sl 63.911],USOILm,SELL,0.01,-4.605170185988091,1,63.0,63.0,121.6,1.930159,0.444444,1.380666,0.0,1.0,-12.5,-198.43,-2.25,-0.45,0.4,0.6,0.388587,1.114397,3.96,0.396,0.4,0.6,1.178943,7.243571,3.58,0.179,0.55,0.45,1.109715,5.452831,103.41,2.0682,0.42,0.58,1.878664,18.568965,17.0,-28.46,-1.674118,0.176471,0.198761,0.0,6.0,-29.6,-29.6,-14.06,-2.812,0.0,1.0,0.0,1.726689,-17.17,-1.717,0.2,0.8,0.19503,2.33079,-28.46,-1.674118,0.176471,0.823529,0.198761,2.299417,-28.46,-1.674118,0.176471,0.823529,0.198761,2.299417,25.0,-4.13,-0.1652,0.48,0.893748,0.0,1.0,-4.16,-27.24,14.37,2.874,0.6,0.4,5.774086,6.631382,8.85,0.885,0.5,0.5,1.43877,7.228606,0.59,0.0295,0.5,0.5,1.017665,5.408103,-4.13,-0.1652,0.48,0.52,0.893748,4.89925,0,1,0,0,-3.83,3.83,-383.0,2,1,2,63.911,0,1,-3.83,0.0,0.0,1
64,2026-02-10T04:31:00,2026-02-10,1852398107,0,[tp 69265.08000],BTCUSDm,BUY,0.02,-3.912023005428146,1,64.0,64.0,117.77,1.840156,0.4375,1.364308,0.0,2.0,-16.33,-198.43,-5.41,-1.082,0.4,0.6,0.209064,1.765689,3.15,0.315,0.4,0.6,1.137315,7.285723,-2.51,-0.1255,0.5,0.5,0.931157,5.497975,15.71,0.3142,0.4,0.6,1.129279,14.442819,15.0,6.0,0.4,0.533333,1.169252,2.0,0.0,-2.61,-27.27,8.15,1.63,0.6,0.4,1.48483,10.047175,-1.18,-0.118,0.4,0.6,0.965866,8.210153,6.0,0.4,0.533333,0.466667,1.169252,6.803246,6.0,0.4,0.533333,0.466667,1.169252,6.803246,38.0,125.73,3.308684,0.421053,1.448123,0.0,3.0,-11.7,-198.43,-5.94,-1.188,0.4,0.6,0.324232,2.78065,-8.38,-0.838,0.3,0.7,0.301667,2.057123,74.14,3.707,0.35,0.65,4.746337,18.818506,125.73,3.308684,0.421053,0.578947,1.448123,36.67939,1,0,1,0,15.93,15.93,796.5,4,1,2,69265.08,1,0,15.93,0.0,0.0,1
65,2026-02-10T11:00:00,2026-02-10,1853784983,2344202698,[sl 63.975],USOILm,SELL,0.01,-4.605170185988091,1,65.0,65.0,133.7,2.056923,0.446154,1.413586,1.0,0.0,-0.4,-198.43,10.04,2.008,0.4,0.6,2.467836,7.138853,32.3,3.23,0.5,0.5,4.323045,7.116723,12.83,0.6415,0.5,0.5,1.351892,6.519417,23.21,0.4642,0.4,0.6,1.190997,14.564761,18.0,-32.29,-1.793889,0.166667,0.179416,0.0,7.0,-33.43,-33.43,-11.98,-2.396,0.0,1.0,0.0,1.046969,-18.61,-1.861,0.2,0.8,0.182697,2.411022,-32.29,-1.793889,0.166667,0.833333,0.179416,2.288547,-32.29,-1.793889,0.166667,0.833333,0.179416,2.288547,26.0,-7.96,-0.306154,0.461538,0.813583,0.0,2.0,-7.99,-27.24,-5.41,-1.082,0.4,0.6,0.209064,1.765689,5.94,0.594,0.5,0.5,1.257366,7.352917,-3.87,-0.1935,0.45,0.55,0.896052,5.470338,-7.96,-0.306154,0.461538,0.538462,0.813583,4.85553,0,1,0,0,-2.57,2.57,-257.0,11,1,2,63.975,0,1,-2.57,0.0,0.0,1
66,2026-02-11T05:23:38,2026-02-11,1858285470,0,[tp 67654.06000],BTCUSDm,BUY,0.02,-3.912023005428146,1,66.0,66.0,131.13,1.986818,0.439394,1.402437,0.0,1.0,-2.97,-198.43,9.72,1.944,0.4,0.6,2.357542,7.178065,21.02,2.102,0.4,0.6,2.710334,7.052398,9.74,0.487,0.45,0.55,1.249552,6.556971,24.85,0.497,0.4,0.6,1.207291,14.556042,16.0,21.93,1.370625,0.5625,1.618618,3.0,0.0,0.0,-27.27,27.67,5.534,0.8,0.2,3.093041,11.006944,18.23,1.823,0.5,0.5,1.586362,9.394821,21.93,1.370625,0.5625,0.4375,1.618618,7.584398,21.93,1.370625,0.5625,0.4375,1.618618,7.584398,39.0,141.66,3.632308,0.435897,1.504901,1.0,0.0,0.0,-198.43,7.73,1.546,0.4,0.6,1.879408,7.515631,6.78,0.678,0.3,0.7,1.565,5.45816,90.27,4.5135,0.4,0.6,5.607963,18.97874,141.66,3.632308,0.435897,0.564103,1.504901,36.261007,1,0,1,0,14.86,14.86,743.0,5,2,2,67654.06,1,0,14.86,0.0,0.0,1
67,2026-02-11T05:51:54,2026-02-11,1858343226,0,[sl 5048.72800],XAUUSDm,SELL,0.01,-4.605170185988091,1,67.0,67.0,145.99,2.178955,0.447761,1.448042,1.0,0.0,0.0,-198.43,23.63,4.726,0.4,0.6,4.300279,8.772235,19.93,1.993,0.4,0.6,2.621644,6.842834,22.7,1.135,0.45,0.55,1.581604,7.266588,46.26,0.9252,0.42,0.58,1.408188,14.657002,8.0,136.5,17.0625,0.5,1.563723,1.0,0.0,0.0,-193.87,155.76,31.152,0.6,0.4,2.344497,73.277565,136.5,17.0625,0.5,0.5,1.563723,78.222712,136.5,17.0625,0.5,0.5,1.563723,78.222712,136.5,17.0625,0.5,0.5,1.563723,78.222712,27.0,-10.53,-0.39,0.444444,0.767396,0.0,3.0,-10.56,-27.24,-8.46,-1.692,0.2,0.8,0.100956,1.643294,0.44,0.044,0.4,0.6,1.017154,7.363307,-5.34,-0.267,0.45,0.55,0.862016,5.491858,-10.53,-0.39,0.444444,0.555556,0.767396,4.783907,0,1,0,0,-9.37,9.37,-937.0,5,2,2,5048.728,0,1,-9.37,0.0,0.0,1
68,2026-02-11T06:03:03,2026-02-11,1858370384,2349853094,[sl 64.167],USOILm,SELL,0.01,-4.605170185988091,1,68.0,68.0,136.62,2.009118,0.441176,1.407565,0.0,1.0,-9.37,-198.43,15.02,3.004,0.4,0.6,1.952441,10.378199,12.77,1.277,0.4,0.6,1.656555,7.580038,17.0,0.85,0.45,0.55,1.380058,7.555489,85.16,1.7032,0.42,0.58,2.144162,12.959124,19.0,-34.86,-1.834737,0.157895,0.168416,0.0,8.0,-36.0,-36.0,-11.53,-2.306,0.0,1.0,0.0,1.008079,-19.97,-1.997,0.2,0.8,0.1724,2.408821,-34.86,-1.834737,0.157895,0.842105,0.168416,2.234239,-34.86,-1.834737,0.157895,0.842105,0.168416,2.234239,28.0,-19.9,-0.710714,0.428571,0.635798,0.0,4.0,-19.93,-27.24,-15.58,-3.116,0.2,0.8,0.057471,3.521463,-5.91,-0.591,0.4,0.6,0.815312,7.857391,-13.87,-0.6935,0.45,0.55,0.706331,5.839984,-19.9,-0.710714,0.428571,0.571429,0.635798,4.984533,0,1,0,0,-1.95,1.95,-195.0,6,2,2,64.167,0,1,-1.95,0.0,0.0,1
69,2026-02-11T06:54:37,2026-02-11,1858510549,2350026526,TradePy Live,EURUSDm,SELL,0.01,-4.605170185988091,0,69.0,69.0,134.67,1.951739,0.434783,1.399425,0.0,2.0,-11.32,-198.43,16.9,3.38,0.4,0.6,2.216703,10.15546,11.49,1.149,0.4,0.6,1.554269,7.622524,13.95,0.6975,0.4,0.6,1.298843,7.579646,86.8,1.736,0.42,0.58,2.192471,12.947755,21.0,3.86,0.18381,0.52381,1.609795,0.0,1.0,-0.76,-2.0,0.57,0.114,0.6,0.4,1.339286,0.795527,1.77,0.177,0.6,0.4,1.657993,0.73011,1.42,0.071,0.5,0.5,1.224329,0.784321,3.86,0.18381,0.52381,0.47619,1.609795,0.916725,29.0,-21.85,-0.753448,0.413793,0.613889,0.0,5.0,-21.88,-27.24,-18.48,-3.696,0.0,1.0,0.0,3.004953,5.36,0.536,0.4,0.6,1.258562,6.686104,-10.59,-0.5295,0.45,0.55,0.759044,5.755733,-21.85,-0.753448,0.413793,0.586207,0.613889,4.903056,1,0,0,0,1.16,1.16,116.0,6,2,2,1.19162,0,0,1.16,0.0,0.0,1
70,2026-02-16T00:38:48,2026-02-16,1878068676,2373438964,TradePy Live,USOILm,BUY,0.01,-4.605170185988091,0,70.0,70.0,135.83,1.940429,0.442857,1.402865,1.0,0.0,-10.16,-198.43,2.13,0.426,0.4,0.6,1.153348,7.993274,12.17,1.217,0.4,0.6,1.587072,7.619285,14.29,0.7145,0.4,0.6,1.306127,7.580283,87.8,1.756,0.42,0.58,2.20621,12.946078,20.0,-36.81,-1.8405,0.15,0.16093,0.0,9.0,-37.95,-37.95,-11.27,-2.254,0.0,1.0,0.0,1.018344,-24.18,-2.418,0.1,0.9,0.072853,1.952741,-36.81,-1.8405,0.15,0.85,0.16093,2.177812,-36.81,-1.8405,0.15,0.85,0.16093,2.177812,40.0,156.52,3.913,0.45,1.557864,2.0,0.0,0.0,-198.43,22.0,4.4,0.4,0.6,3.502844,9.143802,22.63,2.263,0.4,0.6,3.055404,6.863962,104.83,5.2415,0.4,0.6,6.3512,19.082123,156.52,3.913,0.45,0.55,1.557864,35.847759,0,1,0,0,-0.73,0.73,-73.0,0,0,2,62.773,0,0,-0.73,0.0,0.0,1
71,2026-02-16T01:07:59,2026-02-16,1878142550,0,[sl 68822.67000],BTCUSDm,BUY,0.02,-3.912023005428146,1,71.0,71.0,135.1,1.902817,0.43662,1.399834,0.0,1.0,-10.89,-198.43,3.97,0.794,0.4,0.6,1.329461,7.88854,13.69,1.369,0.4,0.6,1.71265,7.563562,19.47,0.9735,0.4,0.6,1.469157,7.436649,87.27,1.7454,0.42,0.58,2.190262,12.947892,17.0,36.79,2.164118,0.588235,2.0378,4.0,0.0,0.0,-27.27,42.23,8.446,0.8,0.2,4.194402,11.161944,36.61,3.661,0.6,0.4,2.327893,9.95118,36.79,2.164118,0.588235,0.411765,2.0378,8.013331,36.79,2.164118,0.588235,0.411765,2.0378,8.013331,41.0,155.79,3.799756,0.439024,1.553822,0.0,1.0,-0.73,-198.43,27.18,5.436,0.4,0.6,8.529086,8.157204,22.21,2.221,0.4,0.6,2.943132,6.880842,18.77,0.9385,0.35,0.65,1.92372,5.165865,155.79,3.799756,0.439024,0.560976,1.553822,35.415136,0,1,0,0,-6.6,6.6,-330.0,1,0,2,68823.78,0,1,-6.6,0.0,0.0,1
72,2026-02-16T01:45:14,2026-02-16,1878219421,2373624919,[sl 62.725],USOILm,SELL,0.01,-4.605170185988091,1,72.0,72.0,128.5,1.784722,0.430556,1.373015,0.0,2.0,-17.49,-198.43,-17.49,-3.498,0.2,0.8,0.062198,3.895071,6.14,0.614,0.3,0.7,1.237892,7.935388,13.79,0.6895,0.4,0.6,1.292285,7.609975,80.37,1.6074,0.4,0.6,2.005631,12.99923,21.0,-37.54,-1.787619,0.142857,0.158296,0.0,10.0,-38.68,-38.68,-11.33,-2.266,0.0,1.0,0.0,0.999792,-26.81,-2.681,0.0,1.0,0.0,1.471207,-35.78,-1.789,0.15,0.85,0.164799,2.191244,-37.54,-1.787619,0.142857,0.857143,0.158296,2.138444,30.0,-20.69,-0.689667,0.433333,0.634388,1.0,0.0,-20.72,-27.24,-16.56,-3.312,0.2,0.8,0.065463,3.445927,-2.19,-0.219,0.4,0.6,0.894356,6.123028,-7.04,-0.352,0.5,0.5,0.830606,5.750357,-20.69,-0.689667,0.433333,0.566667,0.634388,4.832867,0,1,0,0,-0.57,0.57,-57.0,1,0,2,62.725,0,1,-0.57,0.0,0.0,1
73,2026-02-16T13:26:28,2026-02-16,1880250950,0,[sl 69203.39000],BTCUSDm,BUY,0.02,-3.912023005428146,1,73.0,73.0,127.93,1.752466,0.424658,1.370747,0.0,3.0,-18.06,-198.43,-8.69,-1.738,0.2,0.8,0.117766,2.625364,6.33,0.633,0.3,0.7,1.247073,7.932302,10.29,0.5145,0.35,0.65,1.215497,7.596671,-5.53,-0.1106,0.38,0.62,0.931296,5.092525,18.0,30.19,1.677222,0.555556,1.717955,0.0,1.0,-6.6,-27.27,48.85,9.77,0.8,0.2,8.401515,8.615644,21.58,2.158,0.5,0.5,1.631548,10.247998,30.19,1.677222,0.555556,0.444444,1.717955,8.042151,30.19,1.677222,0.555556,0.444444,1.717955,8.042151,42.0,149.19,3.552143,0.428571,1.518201,0.0,2.0,-7.33,-198.43,22.79,4.558,0.4,0.6,3.84875,9.113172,16.82,1.682,0.4,0.6,2.0,7.325251,12.9,0.645,0.35,0.65,1.492554,5.413158,149.19,3.552143,0.428571,0.571429,1.518201,35.026889,0,1,0,0,-9.87,9.87,-493.5,13,0,2,69203.39,0,1,-9.87,0.0,0.0,1
74,2026-02-16T13:47:22,2026-02-16,1880354737,0,[tp 1.18535],EURUSDm,BUY,0.01,-4.605170185988091,1,74.0,74.0,118.06,1.595405,0.418919,1.332629,0.0,4.0,-27.93,-198.43,-16.61,-3.322,0.2,0.8,0.065279,4.19528,0.29,0.029,0.3,0.7,1.00916,8.461446,3.44,0.172,0.35,0.65,1.063004,7.896795,-14.67,-0.2934,0.38,0.62,0.836327,5.272347,22.0,5.02,0.228182,0.545455,1.793049,1.0,0.0,0.0,-2.0,0.91,0.182,0.6,0.4,1.541667,0.864509,3.24,0.324,0.7,0.3,2.361345,0.764437,2.42,0.121,0.5,0.5,1.382306,0.819487,5.02,0.228182,0.545455,0.454545,1.793049,0.918441,43.0,139.32,3.24,0.418605,1.467878,0.0,3.0,-17.2,-198.43,13.59,2.718,0.4,0.6,1.790116,10.762497,7.65,0.765,0.4,0.6,1.294344,8.099129,4.79,0.2395,0.35,0.65,1.13965,5.863182,139.32,3.24,0.418605,0.581395,1.467878,34.67626,1,0,0,0,1.09,1.09,109.0,13,0,2,1.18535,1,0,1.09,0.0,0.0,1
75,2026-02-16T13:52:23,2026-02-16,1880375609,0,[sl 62.90700],USOILm,SELL,0.01,-4.605170185988091,1,75.0,75.0,119.15,1.588667,0.426667,1.3357,1.0,0.0,-26.84,-198.43,-16.68,-3.336,0.2,0.8,0.061339,4.18039,-14.55,-1.455,0.3,0.7,0.54043,6.649978,17.75,0.8875,0.4,0.6,1.428951,7.27477,-11.82,-0.2364,0.4,0.6,0.865483,5.271589,22.0,-38.11,-1.732273,0.136364,0.156298,0.0,11.0,-39.25,-39.25,-9.65,-1.93,0.0,1.0,0.0,1.209099,-23.71,-2.371,0.0,1.0,0.0,1.554403,-39.25,-1.9625,0.1,0.9,0.09583,1.935564,-38.11,-1.732273,0.136364,0.863636,0.156298,2.104616,31.0,-21.26,-0.685806,0.419355,0.628062,0.0,1.0,-21.29,-27.24,-13.3,-2.66,0.2,0.8,0.080221,3.591568,-18.71,-1.871,0.3,0.7,0.121596,2.937861,-8.13,-0.4065,0.45,0.55,0.807026,5.746999,-21.26,-0.685806,0.419355,0.580645,0.628062,4.754326,0,1,0,0,-0.57,0.57,-57.0,13,0,2,62.907,0,1,-0.57,0.0,0.0,1
76,2026-02-16T14:03:38,2026-02-16,1880416764,0,[tp 70083.13000],BTCUSDm,SELL,0.02,-3.912023005428146,1,76.0,76.0,118.58,1.560263,0.421053,1.333558,0.0,1.0,-27.41,-198.43,-16.52,-3.304,0.2,0.8,0.061897,4.200779,-12.55,-1.255,0.3,0.7,0.576871,6.643508,8.47,0.4235,0.35,0.65,1.201907,7.053625,-15.29,-0.3058,0.38,0.62,0.827114,5.252649,19.0,20.32,1.069474,0.526316,1.391371,0.0,2.0,-16.47,-27.27,30.27,6.054,0.6,0.4,2.837887,11.719295,15.92,1.592,0.5,0.5,1.399699,10.729084,20.32,1.069474,0.526316,0.473684,1.391371,8.241398,20.32,1.069474,0.526316,0.473684,1.391371,8.241398,32.0,-21.83,-0.682187,0.40625,0.62186,0.0,2.0,-21.86,-27.24,-11.3,-2.26,0.2,0.8,0.093098,3.689358,-19.76,-1.976,0.2,0.8,0.096479,2.869938,-10.6,-0.53,0.4,0.6,0.751756,5.722594,-21.83,-0.682187,0.40625,0.59375,0.62186,4.679493,1,0,1,0,11.32,11.32,566.0,14,0,2,70083.13,1,0,11.32,0.0,0.0,1
77,2026-02-16T14:28:39,2026-02-16,1880505789,2376356494,[sl 68711.28],BTCUSDm,SELL,0.02,-3.912023005428146,1,77.0,77.0,129.9,1.687013,0.428571,1.365401,1.0,0.0,-16.09,-198.43,1.4,0.28,0.4,0.6,1.127157,6.738029,-16.09,-1.609,0.3,0.7,0.457519,5.818473,3.84,0.192,0.35,0.65,1.091538,6.60175,-3.48,-0.0696,0.4,0.6,0.960432,5.498821,20.0,31.64,1.582,0.55,1.609399,1.0,0.0,-5.15,-27.27,25.64,5.128,0.6,0.4,2.55677,11.065459,33.79,3.379,0.6,0.4,2.015325,10.712332,31.64,1.582,0.55,0.45,1.609399,8.337601,31.64,1.582,0.55,0.45,1.609399,8.337601,33.0,-10.51,-0.318485,0.424242,0.817946,1.0,0.0,-10.54,-27.24,9.39,1.878,0.4,0.6,4.038835,4.822984,-6.19,-0.619,0.3,0.7,0.684506,4.905706,4.39,0.2195,0.45,0.55,1.112478,6.222096,-10.51,-0.318485,0.424242,0.575758,0.817946,5.046488,0,1,0,1,-11.23,11.23,-561.5,14,0,2,68711.28,0,1,-11.23,0.0,0.0,1
78,2026-02-16T14:41:03,2026-02-16,1880585831,0,[tp 63.01400],USOILm,SELL,0.01,-4.605170185988091,1,78.0,78.0,118.67,1.52141,0.423077,1.32359,0.0,1.0,-27.32,-198.43,-9.26,-1.852,0.4,0.6,0.572681,8.197996,-17.95,-1.795,0.3,0.7,0.43052,6.087125,-5.18,-0.259,0.35,0.65,0.898372,7.043744,-15.43,-0.3086,0.38,0.62,0.844424,5.714764,23.0,-38.68,-1.681739,0.130435,0.154351,0.0,12.0,-39.82,-39.82,-6.39,-1.278,0.0,1.0,0.0,0.827488,-18.37,-1.837,0.0,1.0,0.0,1.096778,-38.15,-1.9075,0.1,0.9,0.098322,1.958586,-38.68,-1.681739,0.130435,0.869565,0.154351,2.071957,34.0,-21.74,-0.639412,0.411765,0.684745,0.0,1.0,-21.77,-27.24,0.11,0.022,0.4,0.6,1.008892,7.158887,-18.37,-1.837,0.2,0.8,0.404538,5.79617,-7.94,-0.397,0.4,0.6,0.842021,6.697029,-21.74,-0.639412,0.411765,0.588235,0.684745,5.302529,1,0,0,0,0.36,0.36,36.0,14,0,2,63.014,1,0,0.36,0.0,0.0,1
79,2026-02-16T15:05:43,2026-02-16,1880712750,0,[sl 1.18591],EURUSDm,BUY,0.01,-4.605170185988091,1,79.0,79.0,119.03,1.506709,0.43038,1.324571,1.0,0.0,-26.96,-198.43,0.97,0.194,0.6,0.4,1.082203,7.15136,-15.64,-1.564,0.4,0.6,0.471086,6.120598,-4.15,-0.2075,0.4,0.6,0.917495,7.044316,-13.4,-0.268,0.4,0.6,0.862578,5.712159,23.0,6.11,0.265652,0.565217,1.965245,2.0,0.0,0.0,-2.0,2.92,0.584,0.8,0.2,4.842105,0.71259,5.03,0.503,0.8,0.2,3.994048,0.711436,3.71,0.1855,0.55,0.45,1.60522,0.842137,6.11,0.265652,0.565217,0.434783,1.965245,0.915285,44.0,140.41,3.191136,0.431818,1.471538,1.0,0.0,-16.11,-198.43,-1.25,-0.25,0.4,0.6,0.927326,8.522969,6.48,0.648,0.4,0.6,1.249327,8.085126,2.98,0.149,0.35,0.65,1.08688,5.835321,140.41,3.191136,0.431818,0.568182,1.471538,34.281444,0,1,0,0,-0.44,0.44,-44.0,15,0,2,1.18591,0,1,-0.44,0.0,0.0,1
80,2026-02-16T16:03:01,2026-02-16,1881043267,0,[tp 4976.82100],XAUUSDm,BUY,0.01,-4.605170185988091,1,80.0,80.0,118.59,1.482375,0.425,1.322984,0.0,1.0,-27.4,-198.43,-0.56,-0.112,0.4,0.6,0.954248,7.139197,-17.24,-1.724,0.3,0.7,0.425525,6.067985,-5.07,-0.2535,0.35,0.65,0.900079,7.04268,-13.45,-0.269,0.4,0.6,0.862136,5.712184,9.0,127.13,14.125556,0.444444,1.505467,0.0,1.0,-9.37,-193.87,213.97,42.794,0.6,0.4,4.712179,60.107157,127.13,14.125556,0.444444,0.555556,1.505467,74.215443,127.13,14.125556,0.444444,0.555556,1.505467,74.215443,127.13,14.125556,0.444444,0.555556,1.505467,74.215443,45.0,139.97,3.110444,0.422222,1.469367,0.0,1.0,-16.55,-198.43,-16.55,-3.31,0.2,0.8,0.061791,4.19788,5.45,0.545,0.3,0.7,1.206205,8.091766,3.03,0.1515,0.35,0.65,1.088467,5.835057,139.97,3.110444,0.422222,0.577778,1.469367,33.902625,1,0,1,0,20.8,20.8,2080.0,16,0,2,4976.821,1,0,20.8,0.0,0.0,1
81,2026-02-16T17:26:08,2026-02-16,1881484190,0,[sl 4984.20800],XAUUSDm,BUY,0.01,-4.605170185988091,1,81.0,81.0,139.39,1.720864,0.432099,1.379633,1.0,0.0,-6.6,-198.43,20.81,4.162,0.6,0.4,2.783205,10.959993,4.29,0.429,0.4,0.6,1.146516,9.10051,17.98,0.899,0.4,0.6,1.370798,8.380589,8.84,0.1768,0.42,0.58,1.092016,6.424839,10.0,147.93,14.793,0.5,1.588167,1.0,0.0,0.0,-193.87,132.36,26.472,0.6,0.4,3.296322,52.272329,147.93,14.793,0.5,0.5,1.588167,70.435418,147.93,14.793,0.5,0.5,1.588167,70.435418,147.93,14.793,0.5,0.5,1.588167,70.435418,46.0,160.77,3.495,0.434783,1.539117,1.0,0.0,0.0,-198.43,4.98,0.996,0.4,0.6,1.2945,10.677439,32.16,3.216,0.4,0.6,2.567251,9.757164,25.5,1.275,0.4,0.6,1.782689,7.344234,160.77,3.495,0.434783,0.565217,1.539117,33.631176,0,1,0,1,-10.43,10.43,-1043.0,17,0,2,4984.208,0,1,-10.43,0.0,0.0,1
82,2026-02-16T20:58:22,2026-02-16,1882037576,0,[sl 1.18542],EURUSDm,BUY,0.01,-4.605170185988091,1,82.0,82.0,128.96,1.572683,0.426829,1.341525,0.0,1.0,-17.03,-198.43,-0.94,-0.188,0.4,0.6,0.957466,11.555815,0.46,0.046,0.4,0.6,1.013893,9.461697,6.6,0.33,0.35,0.65,1.112016,8.736573,-2.22,-0.0444,0.4,0.6,0.979155,6.593603,24.0,5.67,0.23625,0.541667,1.837518,0.0,1.0,-0.44,-2.0,2.0,0.4,0.6,0.4,2.666667,0.825518,4.0,0.4,0.7,0.3,2.886792,0.764003,4.0,0.2,0.55,0.45,1.684932,0.828637,5.67,0.23625,0.541667,0.458333,1.837518,0.907041,47.0,150.34,3.198723,0.425532,1.487105,0.0,1.0,-10.43,-198.43,1.15,0.23,0.4,0.6,1.055448,11.313346,23.94,2.394,0.4,0.6,1.832985,10.497797,18.01,0.9005,0.4,0.6,1.449463,7.730431,150.34,3.198723,0.425532,0.574468,1.487105,33.3321,0,1,0,0,-0.51,0.51,-51.0,20,0,2,1.18542,0,1,-0.51,0.0,0.0,1
83,2026-02-17T01:52:15,2026-02-17,1882384611,0,[tp 4965.46200],XAUUSDm,BUY,0.01,-4.605170185988091,1,83.0,83.0,128.45,1.54759,0.421687,1.339716,0.0,2.0,-17.54,-198.43,9.78,1.956,0.4,0.6,1.859402,10.226226,0.52,0.052,0.4,0.6,1.015734,9.461323,6.85,0.3425,0.35,0.65,1.116755,8.735183,-1.63,-0.0326,0.4,0.6,0.98461,6.592231,11.0,137.5,12.5,0.454545,1.524929,0.0,1.0,-10.43,-193.87,38.06,7.612,0.4,0.6,1.55913,44.61101,30.47,3.047,0.4,0.6,1.116324,63.529782,137.5,12.5,0.454545,0.545455,1.524929,67.547858,137.5,12.5,0.454545,0.545455,1.524929,67.547858,48.0,149.83,3.121458,0.416667,1.484651,0.0,2.0,-10.94,-198.43,10.51,2.102,0.4,0.6,1.92355,10.207592,24.1,2.41,0.4,0.6,1.843247,10.493236,15.72,0.786,0.35,0.65,1.387383,7.733515,149.83,3.121458,0.416667,0.583333,1.484651,32.987316,1,0,1,0,24.52,24.52,2452.0,1,1,2,4964.12,1,0,24.52,0.0,0.0,1
84,2026-02-17T01:58:31,2026-02-17,1882426640,0,[tp 4933.35500],XAUUSDm,BUY,0.01,-4.605170185988091,1,84.0,84.0,152.97,1.821071,0.428571,1.404565,1.0,0.0,0.0,-198.43,33.94,6.788,0.4,0.6,3.982425,13.510916,34.91,3.491,0.5,0.5,2.50604,11.301045,35.2,1.76,0.4,0.6,1.641867,10.131693,23.73,0.4746,0.42,0.58,1.225849,7.432619,12.0,162.02,13.501667,0.5,1.618539,1.0,0.0,0.0,-193.87,110.85,22.17,0.6,0.4,6.598485,34.796887,126.77,12.677,0.5,0.5,1.666649,58.561909,162.02,13.501667,0.5,0.5,1.618539,64.757422,162.02,13.501667,0.5,0.5,1.618539,64.757422,49.0,174.35,3.558163,0.428571,1.563966,1.0,0.0,0.0,-198.43,33.94,6.788,0.4,0.6,3.982425,13.510916,32.69,3.269,0.4,0.6,2.143807,11.831158,39.47,1.9735,0.35,0.65,1.972647,9.303882,174.35,3.558163,0.428571,0.571429,1.563966,32.788866,1,0,1,0,19.04,19.04,1904.0,1,1,2,4933.355,1,0,19.04,0.0,0.0,1
85,2026-02-17T02:01:18,2026-02-17,1882442186,0,[sl 63.46000],USOILm,SELL,0.01,-4.605170185988091,1,85.0,85.0,172.01,2.023647,0.435294,1.454921,2.0,0.0,0.0,-198.43,53.42,10.684,0.6,0.4,5.882998,13.672584,52.86,5.286,0.5,0.5,3.280414,12.169316,38.31,1.9155,0.4,0.6,1.698578,10.369064,45.71,0.9142,0.44,0.56,1.447567,7.855626,24.0,-38.32,-1.596667,0.166667,0.162221,1.0,0.0,-39.46,-39.82,-3.46,-0.692,0.2,0.8,0.094241,0.737629,-14.99,-1.499,0.1,0.9,0.023453,1.196415,-36.3,-1.815,0.15,0.85,0.11073,2.018877,-38.32,-1.596667,0.166667,0.833333,0.162221,2.068958,35.0,-21.38,-0.610857,0.428571,0.689965,1.0,0.0,-21.41,-27.24,-0.69,-0.138,0.4,0.6,0.94422,7.140581,-17.25,-1.725,0.3,0.7,0.42672,5.826639,-8.4,-0.42,0.4,0.6,0.832869,6.693598,-21.38,-0.610857,0.428571,0.571429,0.689965,5.228881,0,1,0,0,-0.88,0.88,-88.0,2,1,2,63.46,0,1,-0.88,0.0,0.0,1
86,2026-02-17T02:32:25,2026-02-17,1882507257,0,[tp 63.59500],USOILm,SELL,0.01,-4.605170185988091,1,86.0,86.0,171.13,1.989884,0.430233,1.451542,0.0,1.0,-0.88,-198.43,31.74,6.348,0.4,0.6,3.685279,13.20671,52.55,5.255,0.5,0.5,3.237122,12.184579,40.0,2.0,0.4,0.6,1.752587,10.339009,43.05,0.861,0.42,0.58,1.417921,7.858589,25.0,-39.2,-1.568,0.16,0.159159,0.0,1.0,-40.34,-40.34,-2.39,-0.478,0.2,0.8,0.130909,0.434576,-13.66,-1.366,0.1,0.9,0.025678,1.183843,-36.08,-1.804,0.15,0.85,0.11133,2.023337,-39.2,-1.568,0.16,0.84,0.159159,2.032016,36.0,-22.26,-0.618333,0.416667,0.681271,0.0,1.0,-22.29,-27.24,-1.0,-0.2,0.4,0.6,0.921136,7.145407,-14.3,-1.43,0.3,0.7,0.473102,5.787141,-8.36,-0.418,0.4,0.6,0.833532,6.693455,-22.26,-0.618333,0.416667,0.583333,0.681271,5.155936,1,0,0,0,0.16,0.16,16.0,2,1,2,63.595,1,0,0.16,0.0,0.0,1
87,2026-02-17T03:12:50,2026-02-17,1882569169,0,[tp 69022.97000],BTCUSDm,SELL,0.02,-3.912023005428146,1,87.0,87.0,171.29,1.968851,0.436782,1.451964,1.0,0.0,-0.72,-198.43,42.33,8.466,0.6,0.4,10.0,11.013141,41.39,4.139,0.5,0.5,2.762026,12.088672,25.3,1.265,0.4,0.6,1.476011,9.912375,42.44,0.8488,0.42,0.58,1.411999,7.859195,21.0,20.41,0.971905,0.52381,1.323199,0.0,1.0,-16.38,-27.27,-1.52,-0.304,0.4,0.6,0.945126,11.095853,26.15,2.615,0.6,0.4,1.639052,11.430483,17.66,0.883,0.5,0.5,1.279652,8.784426,20.41,0.971905,0.52381,0.47619,1.323199,8.581937,37.0,-22.1,-0.597297,0.432432,0.683562,1.0,0.0,-22.13,-27.24,-0.27,-0.054,0.6,0.4,0.977704,7.143813,-11.57,-1.157,0.4,0.6,0.529101,5.791314,-11.13,-0.5565,0.4,0.6,0.778375,6.651271,-22.1,-0.597297,0.432432,0.567568,0.683562,5.08735,1,0,0,0,8.42,8.42,421.0,3,1,2,69022.97,1,0,8.42,0.0,0.0,1
88,2026-02-17T04:01:03,2026-02-17,1882627738,0,[sl 68780.15000],BTCUSDm,SELL,0.02,-3.912023005428146,1,88.0,88.0,179.71,2.042159,0.443182,1.474181,2.0,0.0,0.0,-198.43,51.26,10.252,0.8,0.2,10.0,10.098821,61.04,6.104,0.6,0.4,5.978793,10.97665,43.09,2.1545,0.45,0.55,1.984239,9.714346,56.09,1.1218,0.44,0.56,1.573635,7.880345,22.0,28.83,1.310455,0.545455,1.456532,1.0,0.0,-7.96,-27.27,-7.96,-1.592,0.4,0.6,0.712635,9.523196,34.27,3.427,0.6,0.4,1.837488,11.525211,23.14,1.157,0.5,0.5,1.366429,8.928596,28.83,1.310455,0.545455,0.454545,1.456532,8.52695,38.0,-13.68,-0.36,0.447368,0.804124,2.0,0.0,-13.71,-27.24,-3.17,-0.634,0.6,0.4,0.738233,6.259858,6.22,0.622,0.5,0.5,1.409211,5.727219,0.31,0.0155,0.45,0.55,1.006568,6.902004,-13.68,-0.36,0.447368,0.552632,0.804124,5.223362,0,1,0,0,-7.04,7.04,-352.0,4,1,2,68780.15,0,1,-7.04,0.0,0.0,1
89,2026-02-17T06:15:36,2026-02-17,1882849286,0,[tp 4924.72200],XAUUSDm,BUY,0.01,-4.605170185988091,1,89.0,89.0,172.67,1.940112,0.438202,1.447297,0.0,1.0,-7.04,-198.43,19.7,3.94,0.6,0.4,3.487374,9.012897,53.64,5.364,0.5,0.5,3.779275,11.572224,38.0,1.9,0.45,0.55,1.777573,9.883741,50.04,1.0008,0.44,0.56,1.481942,7.957908,13.0,181.06,13.927692,0.538462,1.691227,2.0,0.0,0.0,-193.87,44.56,8.912,0.6,0.4,3.250505,15.465155,200.32,20.032,0.6,0.4,2.476742,54.111373,181.06,13.927692,0.538462,0.461538,1.691227,62.234419,181.06,13.927692,0.538462,0.461538,1.691227,62.234419,50.0,193.39,3.8678,0.44,1.625554,2.0,0.0,0.0,-198.43,53.42,10.684,0.6,0.4,5.882998,13.672584,36.87,3.687,0.4,0.6,2.290063,12.297922,59.5,2.975,0.4,0.6,2.502905,9.984156,193.39,3.8678,0.44,0.56,1.625554,32.531606,1,0,1,0,38.59,38.59,3859.0,6,1,2,4924.722,1,0,38.59,0.0,0.0,1
90,2026-02-17T06:32:02,2026-02-17,1882952467,0,[tp 4877.63100],XAUUSDm,BUY,0.01,-4.605170185988091,1,90.0,90.0,211.26,2.347333,0.444444,1.547263,1.0,0.0,0.0,-198.43,39.25,7.85,0.6,0.4,5.955808,16.138981,92.67,9.267,0.6,0.4,5.913574,15.023682,75.43,3.7715,0.45,0.55,2.543483,12.706937,88.94,1.7788,0.46,0.54,1.859158,9.536646,14.0,219.65,15.689286,0.571429,1.838551,3.0,0.0,0.0,-193.87,92.52,18.504,0.8,0.2,9.870566,16.014836,306.49,30.649,0.7,0.3,5.502571,45.630841,219.65,15.689286,0.571429,0.428571,1.838551,60.305995,219.65,15.689286,0.571429,0.428571,1.838551,60.305995,51.0,231.98,4.548627,0.45098,1.75038,3.0,0.0,0.0,-198.43,71.21,14.242,0.6,0.4,7.509141,17.594387,76.19,7.619,0.5,0.5,3.735727,15.989034,98.4,4.92,0.45,0.55,3.505092,12.600881,229.23,4.5846,0.44,0.56,1.741485,32.891933,1,0,1,0,22.98,22.98,2298.0,6,1,2,4877.631,1,0,22.98,0.0,0.0,1
91,2026-02-17T08:30:12,2026-02-17,1883344052,0,[sl 63.08300],USOILm,BUY,0.01,-4.605170185988091,1,91.0,91.0,234.24,2.574066,0.450549,1.606792,2.0,0.0,0.0,-198.43,63.11,12.622,0.8,0.2,9.964489,16.377898,94.85,9.485,0.6,0.4,6.029162,15.204181,99.14,4.957,0.5,0.5,3.05941,13.322762,114.31,2.2862,0.48,0.52,2.130327,9.966564,26.0,-39.04,-1.501538,0.192308,0.162591,1.0,0.0,-40.18,-40.34,-1.5,-0.3,0.4,0.6,0.257426,0.475268,-12.83,-1.283,0.2,0.8,0.038951,1.256591,-32.98,-1.649,0.2,0.8,0.12427,2.048953,-39.04,-1.501538,0.192308,0.807692,0.162591,2.020076,52.0,254.96,4.903077,0.461538,1.824713,4.0,0.0,0.0,-198.43,104.62,20.924,0.8,0.2,10.0,12.587388,105.77,10.577,0.6,0.4,5.977412,15.820161,122.59,6.1295,0.5,0.5,4.220121,13.105291,249.27,4.9854,0.44,0.56,1.806308,32.991398,0,1,0,0,-0.3,0.3,-30.0,8,1,2,63.083,0,1,-0.3,0.0,0.0,1
92,2026-02-17T08:41:36,2026-02-17,1883396470,0,[sl 4921.41400],XAUUSDm,BUY,0.01,-4.605170185988091,1,92.0,92.0,233.94,2.542826,0.445652,1.605544,0.0,1.0,-0.3,-198.43,62.65,12.53,0.6,0.4,9.535422,16.448781,104.98,10.498,0.6,0.4,10.0,14.144075,105.44,5.272,0.5,0.5,3.520076,13.118703,115.22,2.3044,0.48,0.52,2.149671,9.960992,15.0,242.63,16.175333,0.6,1.926281,4.0,0.0,0.0,-193.87,94.7,18.94,0.8,0.2,10.0,16.100853,227.06,22.706,0.7,0.3,4.335684,38.858714,242.63,16.175333,0.6,0.4,1.926281,58.289504,242.63,16.175333,0.6,0.4,1.926281,58.289504,53.0,254.66,4.804906,0.45283,1.822944,0.0,1.0,-0.3,-198.43,104.83,20.966,0.8,0.2,10.0,12.515948,115.34,11.534,0.6,0.4,10.0,14.811636,122.99,6.1495,0.5,0.5,4.264932,13.095154,246.63,4.9326,0.42,0.58,1.796995,32.997701,0,1,0,1,-29.6,29.6,-2960.0,8,1,2,4921.414,0,1,-29.6,0.0,0.0,1
93,2026-02-17T08:50:35,2026-02-17,1883428663,0,[tp 1.18316],EURUSDm,BUY,0.01,-4.605170185988091,1,93.0,93.0,204.34,2.197204,0.44086,1.491285,0.0,2.0,-29.9,-198.43,24.63,4.926,0.4,0.6,1.666757,23.756063,75.89,7.589,0.6,0.4,3.00661,18.446136,76.41,3.8205,0.5,0.5,2.078171,15.135715,86.32,1.7264,0.48,0.52,1.668525,10.911671,25.0,5.16,0.2064,0.52,1.708791,0.0,2.0,-0.95,-2.0,0.54,0.108,0.4,0.6,1.315789,0.837458,2.97,0.297,0.6,0.4,2.129278,0.808988,3.98,0.199,0.55,0.45,1.679181,0.829481,5.16,0.2064,0.52,0.48,1.708791,0.900666,54.0,225.06,4.167778,0.444444,1.663796,0.0,2.0,-29.9,-198.43,50.71,10.142,0.6,0.4,2.695987,23.416828,84.65,8.465,0.5,0.5,3.05063,19.190067,91.13,4.5565,0.45,0.55,2.35469,15.234512,217.91,4.3582,0.42,0.58,1.64438,33.342055,1,0,0,0,2.15,2.15,215.0,8,1,2,1.18316,1,0,2.15,0.0,0.0,1
94,2026-02-17T09:19:26,2026-02-17,1883555905,0,[sl 1.18360],EURUSDm,BUY,0.01,-4.605170185988091,1,94.0,94.0,206.49,2.196702,0.446809,1.496454,1.0,0.0,-27.75,-198.43,33.82,6.764,0.6,0.4,2.131104,23.105768,53.52,5.352,0.6,0.4,2.415124,17.593981,88.43,4.4215,0.55,0.45,2.449672,14.815421,86.21,1.7242,0.48,0.52,1.667673,10.911574,26.0,7.31,0.281154,0.538462,2.004121,1.0,0.0,0.0,-2.0,3.45,0.69,0.6,0.4,4.631579,1.022683,4.02,0.402,0.6,0.4,2.528517,0.960373,5.41,0.2705,0.55,0.45,1.923208,0.927186,7.31,0.281154,0.538462,0.461538,2.004121,0.959011,55.0,227.21,4.131091,0.454545,1.670137,1.0,0.0,-27.75,-198.43,33.82,6.764,0.6,0.4,2.131104,23.105768,87.24,8.724,0.6,0.4,3.136141,19.085325,92.69,4.6345,0.45,0.55,2.37788,15.217988,113.03,2.2606,0.42,0.58,1.33424,29.942616,0,1,0,0,-0.61,0.61,-61.0,9,1,2,1.1836,0,1,-0.61,0.0,0.0,1
95,2026-02-17T09:31:23,2026-02-17,1883606415,2380237961,[sl 63.058],USOILm,BUY,0.01,-4.605170185988091,1,95.0,95.0,205.88,2.167158,0.442105,1.494262,0.0,1.0,-28.36,-198.43,-5.38,-1.076,0.4,0.6,0.823664,16.75432,33.87,3.387,0.5,0.5,1.881343,17.044217,86.73,4.3365,0.5,0.5,2.407726,14.839149,85.01,1.7002,0.46,0.54,1.655284,10.915362,27.0,-39.34,-1.457037,0.185185,0.161552,0.0,1.0,-40.48,-40.48,-1.23,-0.246,0.4,0.6,0.297143,0.456491,-10.88,-1.088,0.2,0.8,0.045614,1.242625,-28.05,-1.4025,0.2,0.8,0.142988,1.894006,-39.34,-1.457037,0.185185,0.814815,0.161552,1.995259,56.0,226.6,4.046429,0.446429,1.667138,0.0,1.0,-28.36,-198.43,-5.38,-1.076,0.4,0.6,0.823664,16.75432,65.83,6.583,0.5,0.5,2.588179,18.809442,97.99,4.8995,0.45,0.55,2.581249,15.077561,184.2,3.684,0.42,0.58,1.689888,28.018901,0,1,0,0,-0.45,0.45,-45.0,9,1,2,63.058,0,1,-0.45,0.0,0.0,1
96,2026-02-17T11:16:36,2026-02-17,1884058571,0,[tp 67822.19000],BTCUSDm,BUY,0.02,-3.912023005428146,1,96.0,96.0,205.43,2.139896,0.4375,1.49265,0.0,2.0,-28.81,-198.43,-28.81,-5.762,0.2,0.8,0.069444,11.961972,34.3,3.43,0.5,0.5,1.902632,17.033937,86.85,4.3425,0.5,0.5,2.412425,14.837188,84.04,1.6808,0.44,0.56,1.645568,10.918304,23.0,21.79,0.947391,0.521739,1.310443,0.0,1.0,-15.0,-27.27,-8.4,-1.68,0.4,0.6,0.701493,9.570979,40.45,4.045,0.6,0.4,2.164364,10.756026,13.76,0.688,0.45,0.55,1.196039,9.098869,21.79,0.947391,0.521739,0.478261,1.310443,8.511612,57.0,226.15,3.967544,0.438596,1.664932,0.0,2.0,-28.81,-198.43,-28.81,-5.762,0.2,0.8,0.069444,11.961972,75.81,7.581,0.5,0.5,3.408961,18.132876,99.75,4.9875,0.45,0.55,2.656702,15.040902,187.23,3.7446,0.42,0.58,1.709285,28.006615,1,0,1,0,14.23,14.23,711.5,11,1,2,67822.19,1,0,14.23,0.0,0.0,1
97,2026-02-17T13:07:26,2026-02-17,1884599193,0,[sl 68055.00000],BTCUSDm,BUY,0.02,-3.912023005428146,1,97.0,97.0,219.66,2.264536,0.443299,1.526775,1.0,0.0,-14.58,-198.43,-14.28,-2.856,0.4,0.6,0.534247,14.443451,48.37,4.837,0.5,0.5,2.272895,17.284967,89.76,4.488,0.5,0.5,2.45975,14.918942,96.37,1.9274,0.44,0.56,1.740283,11.058808,24.0,36.02,1.500833,0.541667,1.513179,1.0,0.0,-0.77,-27.27,15.7,3.14,0.6,0.4,1.859332,10.275293,45.97,4.597,0.6,0.4,2.323258,11.116861,28.87,1.4435,0.5,0.5,1.416534,9.553272,36.02,1.500833,0.541667,0.458333,1.513179,8.744927,58.0,240.38,4.144483,0.448276,1.706771,1.0,0.0,-14.58,-198.43,-14.28,-2.856,0.4,0.6,0.534247,14.443451,90.55,9.055,0.6,0.4,3.924742,18.013967,114.65,5.7325,0.5,0.5,2.925596,15.111073,204.98,4.0996,0.44,0.56,1.787022,28.024772,0,1,0,0,-4.52,4.52,-226.0,13,1,2,68055.0,0,1,-4.52,0.0,0.0,1
98,2026-02-17T16:02:21,2026-02-17,1885990075,0,[tp 1.18157],EURUSDm,BUY,0.01,-4.605170185988091,1,98.0,98.0,215.14,2.195306,0.438776,1.510403,0.0,1.0,-19.1,-198.43,10.8,2.16,0.4,0.6,2.935484,6.399881,35.43,3.543,0.4,0.6,1.833255,17.451854,96.47,4.8235,0.5,0.5,2.761044,14.634436,95.52,1.9104,0.44,0.56,1.728993,11.068049,27.0,6.7,0.248148,0.518519,1.849176,0.0,1.0,-0.61,-2.0,1.68,0.336,0.4,0.6,2.076923,1.101991,2.59,0.259,0.5,0.5,1.799383,0.993383,5.19,0.2595,0.55,0.45,1.853618,0.936218,6.7,0.248148,0.518519,0.481481,1.849176,0.956014,59.0,235.86,3.997627,0.440678,1.684386,0.0,1.0,-19.1,-198.43,10.8,2.16,0.4,0.6,2.935484,6.399881,61.51,6.151,0.5,0.5,2.733653,17.623315,94.2,4.71,0.45,0.55,2.470496,15.078304,254.97,5.0994,0.44,0.56,2.211489,26.780076,1,0,0,0,1.44,1.44,144.0,16,1,2,1.18157,1,0,1.44,0.0,0.0,1
99,2026-02-17T16:51:52,2026-02-17,1886390046,0,[sl 181.48000],NVDAm,BUY,0.01,-4.605170185988091,1,99.0,99.0,216.58,2.187677,0.444444,1.513819,1.0,0.0,-17.66,-198.43,10.09,2.018,0.4,0.6,2.808244,6.406401,43.91,4.391,0.5,0.5,2.237599,17.119882,97.55,4.8775,0.5,0.5,2.780759,14.619851,95.86,1.9172,0.44,0.56,1.731588,11.067653,2.0,3.7,1.85,1.0,10.0,2.0,0.0,0.0,0.0,3.7,1.85,1.0,0.0,10.0,1.08,3.7,1.85,1.0,0.0,10.0,1.08,3.7,1.85,1.0,0.0,10.0,1.08,3.7,1.85,1.0,0.0,10.0,1.08,60.0,237.3,3.955,0.45,1.688565,1.0,0.0,-17.66,-198.43,10.09,2.018,0.4,0.6,2.808244,6.406401,43.91,4.391,0.5,0.5,2.237599,17.119882,80.78,4.039,0.45,0.55,2.261005,14.909344,253.97,5.0794,0.44,0.56,2.206738,26.782428,0,1,0,0,-1.64,1.64,-164.0,16,1,2,181.48,0,1,-1.64,0.0,0.0,1
100,2026-02-17T17:14:40,2026-02-17,1886551396,0,[sl 1.18221],EURUSDm,BUY,0.01,-4.605170185988091,1,100.0,100.0,214.94,2.1494,0.44,1.507952,0.0,1.0,-19.3,-198.43,9.06,1.812,0.4,0.6,2.370651,6.503419,3.68,0.368,0.4,0.6,1.099138,12.790073,96.35,4.8175,0.5,0.5,2.72115,14.643994,93.4,1.868,0.42,0.58,1.704002,11.077884,28.0,8.14,0.290714,0.535714,2.031686,1.0,0.0,0.0,-2.0,2.03,0.406,0.4,0.6,2.301282,1.157387,4.95,0.495,0.6,0.4,3.133621,0.965187,6.0,0.3,0.55,0.45,1.986842,0.968339,8.14,0.290714,0.535714,0.464286,2.031686,0.964491,61.0,235.66,3.863279,0.442623,1.680567,0.0,1.0,-19.3,-198.43,9.06,1.812,0.4,0.6,2.370651,6.503419,3.68,0.368,0.4,0.6,1.099138,12.790073,79.87,3.9935,0.45,0.55,2.229337,14.925208,319.91,6.3982,0.44,0.56,3.213604,24.715874,0,1,0,0,-0.98,0.98,-98.0,17,1,2,1.18221,0,1,-0.98,0.0,0.0,1
101,2026-02-17T21:31:39,2026-02-17,1887911153,0,[sl 185.21000],NVDAm,SELL,0.01,-4.605170185988091,1,101.0,101.0,213.96,2.118416,0.435644,1.504468,0.0,2.0,-20.28,-198.43,8.53,1.706,0.4,0.6,2.194678,6.543619,-20.28,-2.028,0.3,0.7,0.467717,10.339082,74.57,3.7285,0.45,0.55,2.309164,14.21862,98.33,1.9666,0.42,0.58,1.769767,11.030053,3.0,2.06,0.686667,0.666667,2.256098,0.0,1.0,-1.64,-1.64,2.06,0.686667,0.666667,0.333333,2.256098,1.866625,2.06,0.686667,0.666667,0.333333,2.256098,1.866625,2.06,0.686667,0.666667,0.333333,2.256098,1.866625,2.06,0.686667,0.666667,0.333333,2.256098,1.866625,39.0,-20.72,-0.531282,0.435897,0.730489,0.0,1.0,-20.75,-27.24,1.02,0.204,0.6,0.4,1.128788,4.922997,1.13,0.113,0.5,0.5,1.055692,6.144189,6.49,0.3245,0.45,0.55,1.158216,6.424349,-20.72,-0.531282,0.435897,0.564103,0.730489,5.262962,0,1,0,0,-0.94,0.94,-94.0,21,1,2,185.21,0,1,-0.94,0.0,0.0,1
102,2026-02-17T22:39:17,2026-02-17,1888118176,0,[tp 1.18541],EURUSDm,SELL,0.01,-4.605170185988091,1,102.0,102.0,213.02,2.088431,0.431373,1.501141,0.0,3.0,-21.22,-198.43,-6.64,-1.328,0.2,0.8,0.178218,1.90891,-20.92,-2.092,0.3,0.7,0.45999,10.330164,84.06,4.203,0.45,0.55,2.770803,13.892826,98.31,1.9662,0.42,0.58,1.76949,11.030158,29.0,7.16,0.246897,0.517241,1.807215,0.0,1.0,-0.98,-2.0,1.49,0.298,0.4,0.6,1.709524,1.252572,3.49,0.349,0.5,0.5,2.057576,1.061984,5.86,0.293,0.55,0.45,1.942122,0.977021,7.16,0.246897,0.517241,0.482759,1.807215,0.975666,40.0,-21.66,-0.5415,0.425,0.721665,0.0,2.0,-21.69,-27.24,-0.28,-0.056,0.4,0.6,0.968397,4.942184,-0.97,-0.097,0.4,0.6,0.95431,6.140702,-3.16,-0.158,0.4,0.6,0.92469,6.132175,-21.66,-0.5415,0.425,0.575,0.721665,5.19715,1,0,0,0,0.53,0.53,53.0,22,1,2,1.18541,1,0,0.53,0.0,0.0,1
103,2026-02-18T00:02:21,2026-02-18,1888166195,2385540178,[sl 62.212],USOILm,BUY,0.01,-4.605170185988091,1,103.0,103.0,213.55,2.073301,0.436893,1.502388,1.0,0.0,-20.69,-198.43,-1.59,-0.318,0.4,0.6,0.553371,1.129821,9.21,0.921,0.4,0.6,2.007659,4.759476,85.1,4.255,0.5,0.5,2.812181,13.877025,95.91,1.9182,0.42,0.58,1.750704,11.031082,28.0,-39.79,-1.421071,0.178571,0.160017,0.0,2.0,-40.93,-40.93,-1.11,-0.222,0.4,0.6,0.319018,0.441742,-7.5,-0.75,0.2,0.8,0.064838,0.847774,-26.11,-1.3055,0.2,0.8,0.151997,1.890623,-39.79,-1.421071,0.178571,0.821429,0.160017,1.968198,62.0,234.68,3.785161,0.435484,1.675824,0.0,2.0,-20.28,-198.43,8.53,1.706,0.4,0.6,2.194678,6.543619,-20.28,-2.028,0.3,0.7,0.467717,10.339082,85.49,4.2745,0.45,0.55,2.440438,14.775268,216.52,4.3304,0.42,0.58,2.48811,20.574793,0,1,0,0,-0.7,0.7,-70.0,0,2,2,62.212,0,1,-0.7,0.0,0.0,1
104,2026-02-18T00:48:51,2026-02-18,1888272323,0,[sl 1.18505],EURUSDm,SELL,0.01,-4.605170185988091,1,104.0,104.0,212.85,2.046635,0.432692,1.499918,0.0,1.0,-21.39,-198.43,-3.73,-0.746,0.2,0.8,0.124413,0.7102,6.36,0.636,0.3,0.7,1.646341,4.762678,59.88,2.994,0.45,0.55,2.256399,13.102511,98.23,1.9646,0.42,0.58,1.783084,11.01508,30.0,7.69,0.256333,0.533333,1.866967,1.0,0.0,-0.45,-2.0,2.53,0.506,0.6,0.4,2.591195,1.185691,3.07,0.307,0.5,0.5,1.930303,1.045563,4.61,0.2305,0.55,0.45,1.741158,0.918104,7.69,0.256333,0.533333,0.466667,1.866967,0.960613,41.0,-21.13,-0.515366,0.439024,0.728476,1.0,0.0,-21.16,-27.24,1.13,0.226,0.6,0.4,1.141604,4.927326,0.13,0.013,0.5,0.5,1.006292,6.141096,-18.58,-0.929,0.4,0.6,0.557197,4.905039,-21.13,-0.515366,0.439024,0.560976,0.728476,5.136039,0,1,0,0,-0.35,0.35,-35.0,0,2,2,1.18505,0,1,-0.35,0.0,0.0,1
105,2026-02-18T00:53:32,2026-02-18,1888287349,0,[tp 4856.18200],XAUUSDm,BUY,0.01,-4.605170185988091,1,105.0,105.0,212.5,2.02381,0.428571,1.498686,0.0,2.0,-21.74,-198.43,-2.44,-0.488,0.2,0.8,0.178451,0.55618,6.62,0.662,0.3,0.7,1.691023,4.756511,40.49,2.0245,0.4,0.6,1.843366,12.586551,111.1,2.222,0.42,0.58,1.986941,10.805621,16.0,213.03,13.314375,0.5625,1.730706,0.0,1.0,-29.6,-193.87,75.53,15.106,0.8,0.2,3.551689,23.307614,113.59,11.359,0.6,0.4,2.162998,35.787338,213.03,13.314375,0.5625,0.4375,1.730706,57.515983,213.03,13.314375,0.5625,0.4375,1.730706,57.515983,63.0,233.98,3.713968,0.428571,1.672453,0.0,3.0,-20.98,-198.43,-6.4,-1.28,0.2,0.8,0.183673,1.921041,-20.68,-2.068,0.3,0.7,0.462857,10.333091,94.66,4.733,0.45,0.55,2.886409,14.46832,131.95,2.639,0.4,0.6,1.902531,17.159149,1,0,1,0,26.53,26.53,2653.0,0,2,2,4856.182,1,0,26.53,0.0,0.0,1
106,2026-02-18T01:01:07,2026-02-18,1888307385,2385713815,[sl 62.208],USOILm,BUY,0.01,-4.605170185988091,1,106.0,106.0,239.03,2.255,0.433962,1.560945,1.0,0.0,0.0,-198.43,25.07,5.014,0.4,0.6,10.0,10.769558,33.6,3.36,0.4,0.6,4.680175,9.06294,67.9,3.395,0.45,0.55,2.440696,13.643576,128.92,2.5784,0.42,0.58,2.145243,11.296465,29.0,-40.49,-1.396207,0.172414,0.157687,0.0,3.0,-41.63,-41.63,-2.17,-0.434,0.2,0.8,0.06867,0.357972,-5.63,-0.563,0.2,0.8,0.084553,0.593937,-25.6,-1.28,0.2,0.8,0.154557,1.895173,-40.49,-1.396207,0.172414,0.827586,0.157687,1.938436,64.0,260.51,4.070469,0.4375,1.7487,1.0,0.0,0.0,-198.43,24.65,4.93,0.4,0.6,8.424699,10.84924,35.45,3.545,0.4,0.6,4.983146,9.013904,120.1,6.005,0.45,0.55,3.393384,15.192306,150.05,3.001,0.4,0.6,2.026334,17.465687,0,1,0,0,-0.48,0.48,-48.0,1,2,2,62.208,0,1,-0.48,0.0,0.0,1
107,2026-02-18T01:47:30,2026-02-18,1888406981,0,[sl 62.16000],USOILm,BUY,0.01,-4.605170185988091,1,107.0,107.0,238.55,2.229439,0.429907,1.559189,0.0,1.0,-0.48,-198.43,25.53,5.106,0.4,0.6,10.0,10.720154,18.89,1.889,0.3,0.7,2.965661,8.344574,67.26,3.363,0.4,0.6,2.412728,13.651874,112.49,2.2498,0.4,0.6,1.995046,11.140612,30.0,-40.97,-1.365667,0.166667,0.156128,0.0,4.0,-42.11,-42.11,-1.77,-0.354,0.2,0.8,0.082902,0.287026,-4.16,-0.416,0.2,0.8,0.111111,0.373449,-28.34,-1.417,0.15,0.85,0.078674,1.725784,-40.97,-1.365667,0.166667,0.833333,0.156128,1.912938,65.0,260.03,4.000462,0.430769,1.746291,0.0,1.0,-0.48,-198.43,22.73,4.546,0.2,0.8,6.981579,10.998916,32.82,3.282,0.3,0.7,4.498934,9.088826,120.06,6.003,0.45,0.55,3.390681,15.193157,153.78,3.0756,0.4,0.6,2.079385,17.442679,0,1,0,0,-0.43,0.43,-43.0,1,2,2,62.16,0,1,-0.43,0.0,0.0,1
108,2026-02-18T02:03:07,2026-02-18,1888441386,2385883619,[sl 4887.184],XAUUSDm,BUY,0.01,-4.605170185988091,1,108.0,108.0,238.12,2.204815,0.425926,1.557619,0.0,2.0,-0.91,-198.43,24.57,4.914,0.2,0.8,10.0,10.808624,22.98,2.298,0.3,0.7,5.163043,8.117566,58.41,2.9205,0.35,0.65,2.215862,13.62419,114.27,2.2854,0.4,0.6,2.026961,11.129141,17.0,239.56,14.091765,0.588235,1.821705,1.0,0.0,-3.07,-193.87,77.54,15.508,0.8,0.2,3.619595,23.483188,188.39,18.839,0.7,0.3,4.813563,29.870341,239.56,14.091765,0.588235,0.411765,1.821705,55.885278,239.56,14.091765,0.588235,0.411765,1.821705,55.885278,66.0,259.6,3.933333,0.424242,1.744138,0.0,2.0,-0.91,-198.43,23.94,4.788,0.2,0.8,10.0,10.872735,33.0,3.3,0.3,0.7,4.586957,9.081275,98.83,4.9415,0.4,0.6,2.951234,14.860244,159.9,3.198,0.4,0.6,2.172717,17.396115,0,1,0,1,-20.43,20.43,-2043.0,2,2,2,4887.184,0,1,-20.43,0.0,0.0,1
109,2026-02-18T07:45:55,2026-02-18,1889060064,0,[sl 67938.11000],BTCUSDm,BUY,0.02,-3.912023005428146,1,109.0,109.0,217.69,1.997156,0.422018,1.486502,0.0,3.0,-21.34,-198.43,4.84,0.968,0.2,0.8,1.223144,14.947097,1.11,0.111,0.2,0.8,1.042775,10.615766,45.02,2.251,0.35,0.65,1.732867,14.403889,94.51,1.8902,0.4,0.6,1.721285,11.569214,25.0,31.5,1.26,0.52,1.42163,0.0,1.0,-5.29,-27.27,-0.14,-0.028,0.4,0.6,0.993857,9.690101,25.5,2.55,0.5,0.5,1.649516,10.715283,24.32,1.216,0.45,0.55,1.329405,9.638024,31.5,1.26,0.52,0.48,1.42163,8.649093,67.0,239.17,3.569701,0.41791,1.647648,0.0,3.0,-21.34,-198.43,4.49,0.898,0.2,0.8,1.203721,14.953923,13.02,1.302,0.3,0.7,1.446196,11.549138,88.83,4.4415,0.4,0.6,2.464633,15.522511,187.74,3.7548,0.4,0.6,2.730163,16.140054,0,1,0,0,-8.86,8.86,-443.0,7,2,2,67942.99,0,1,-8.86,0.0,0.0,1
110,2026-02-19T00:39:26,2026-02-19,1893385427,2391843620,[sl 64.993],USOILm,SELL,0.01,-4.605170185988091,1,110.0,110.0,208.83,1.898455,0.418182,1.457639,0.0,4.0,-30.2,-198.43,-3.67,-0.734,0.2,0.8,0.878477,15.475445,-6.11,-0.611,0.2,0.8,0.815797,10.950547,-2.43,-0.1215,0.3,0.7,0.965429,11.915949,85.17,1.7034,0.38,0.62,1.608836,11.665478,31.0,-41.4,-1.335484,0.16129,0.154757,0.0,5.0,-42.54,-42.54,-2.36,-0.472,0.0,1.0,0.0,0.129522,-3.86,-0.386,0.2,0.8,0.118721,0.358781,-30.67,-1.5335,0.1,0.9,0.016672,1.569504,-41.4,-1.335484,0.16129,0.83871,0.154757,1.889079,42.0,-21.48,-0.511429,0.428571,0.725214,0.0,1.0,-21.51,-27.24,0.62,0.124,0.4,0.6,1.07443,4.932912,0.35,0.035,0.5,0.5,1.017123,6.139362,-19.41,-0.9705,0.35,0.65,0.541243,4.896446,-21.48,-0.511429,0.428571,0.571429,0.725214,5.07459,0,1,0,0,-1.52,1.52,-152.0,0,3,2,64.993,0,1,-1.52,0.0,0.0,1
111,2026-02-19T02:54:45,2026-02-19,1893627131,0,[tp 65.13400],USOILm,SELL,0.01,-4.605170185988091,1,111.0,111.0,207.31,1.867658,0.414414,1.4528,0.0,5.0,-31.72,-198.43,-31.72,-6.344,0.0,1.0,0.0,7.712049,-6.65,-0.665,0.2,0.8,0.802729,10.953565,-26.93,-1.3465,0.25,0.75,0.624983,10.672537,85.9,1.718,0.38,0.62,1.617275,11.660977,32.0,-42.92,-1.34125,0.15625,0.150099,0.0,6.0,-44.06,-44.06,-3.58,-0.716,0.0,1.0,0.0,0.413502,-4.81,-0.481,0.2,0.8,0.097561,0.494883,-28.52,-1.426,0.1,0.9,0.017906,1.491162,-42.92,-1.34125,0.15625,0.84375,0.150099,1.859605,43.0,-23.0,-0.534884,0.418605,0.711382,0.0,2.0,-23.03,-27.24,-9.32,-1.864,0.2,0.8,0.053807,2.675314,-12.49,-1.249,0.4,0.6,0.431239,4.852812,-18.68,-0.934,0.35,0.65,0.550746,4.889488,-23.0,-0.534884,0.418605,0.581395,0.711382,5.017539,1,0,0,0,1.38,1.38,138.0,2,3,2,65.134,1,0,1.38,0.0,0.0,1
112,2026-02-19T03:01:11,2026-02-19,1893633904,0,[tp 65.16500],USOILm,SELL,0.01,-4.605170185988091,1,112.0,112.0,208.69,1.863304,0.419643,1.455814,1.0,0.0,-30.34,-198.43,-29.86,-5.972,0.2,0.8,0.044174,8.024466,-4.33,-0.433,0.3,0.7,0.867867,10.969841,-25.25,-1.2625,0.3,0.7,0.646903,10.687044,86.33,1.7266,0.38,0.62,1.620365,11.660566,33.0,-41.54,-1.258788,0.181818,0.177426,1.0,0.0,-42.68,-44.06,-1.75,-0.35,0.2,0.8,0.440895,0.949484,-2.86,-0.286,0.3,0.7,0.39916,0.743252,-21.23,-1.0615,0.15,0.85,0.082144,1.216171,-41.54,-1.258788,0.181818,0.818182,0.177426,1.889693,44.0,-21.62,-0.491364,0.431818,0.728699,1.0,0.0,-21.65,-27.24,-0.9,-0.18,0.4,0.6,0.679715,1.033422,0.12,0.012,0.5,0.5,1.011184,3.562134,-18.25,-0.9125,0.35,0.65,0.561087,4.898662,-21.62,-0.491364,0.431818,0.568182,0.728699,4.968397,1,0,0,0,0.39,0.39,39.0,3,3,2,65.165,1,0,0.39,0.0,0.0,1
113,2026-02-19T04:04:49,2026-02-19,1893712666,0,[tp 65.27800],USOILm,SELL,0.01,-4.605170185988091,1,113.0,113.0,209.08,1.850265,0.424779,1.456666,2.0,0.0,-29.95,-198.43,-29.04,-5.808,0.4,0.6,0.057449,8.143551,-4.47,-0.447,0.3,0.7,0.863595,10.968692,4.74,0.237,0.35,0.65,1.113099,8.48235,87.48,1.7496,0.4,0.6,1.632081,11.656772,34.0,-41.15,-1.210294,0.205882,0.185149,2.0,0.0,-42.29,-44.06,-0.66,-0.132,0.4,0.6,0.728395,0.969028,-2.83,-0.283,0.3,0.7,0.405462,0.74591,-17.82,-0.891,0.2,0.8,0.113874,1.167715,-41.15,-1.210294,0.205882,0.794118,0.185149,1.882423,45.0,-21.23,-0.471778,0.444444,0.733593,2.0,0.0,-21.26,-27.24,0.43,0.086,0.6,0.4,1.229947,0.972967,0.15,0.015,0.5,0.5,1.013979,3.562438,-17.1,-0.855,0.4,0.6,0.581088,4.906857,-21.23,-0.471778,0.444444,0.555556,0.733593,4.9146,1,0,0,0,0.42,0.42,42.0,4,3,2,65.278,1,0,0.42,0.0,0.0,1
114,2026-02-19T05:12:08,2026-02-19,1893809659,0,[tp 4984.43500],XAUUSDm,SELL,0.01,-4.605170185988091,1,114.0,114.0,209.5,1.837719,0.429825,1.457583,3.0,0.0,-29.53,-198.43,-8.19,-1.638,0.6,0.4,0.210983,3.731693,-3.35,-0.335,0.4,0.6,0.895541,10.971254,3.01,0.1505,0.35,0.65,1.071821,8.471214,91.73,1.8346,0.42,0.58,1.681653,11.631243,18.0,219.13,12.173889,0.555556,1.702407,0.0,1.0,-23.5,-193.87,38.07,7.614,0.6,0.4,1.760943,27.293916,82.63,8.263,0.6,0.4,2.183302,22.192018,219.13,12.173889,0.555556,0.444444,1.702407,54.88338,219.13,12.173889,0.555556,0.444444,1.702407,54.88338,46.0,-20.81,-0.452391,0.456522,0.738863,3.0,0.0,-20.84,-27.24,0.32,0.064,0.6,0.4,1.171123,0.96388,1.45,0.145,0.6,0.4,1.147208,3.551108,-12.85,-0.6425,0.45,0.55,0.652609,4.865269,-20.81,-0.452391,0.456522,0.543478,0.738863,4.862626,1,0,1,0,11.04,11.04,1104.0,5,3,2,4984.435,1,0,11.04,0.0,0.0,1
115,2026-02-19T07:05:25,2026-02-19,1894022266,0,[tp 5000.00400],XAUUSDm,SELL,0.01,-4.605170185988091,1,115.0,115.0,220.54,1.917739,0.434783,1.481697,4.0,0.0,-18.49,-198.43,11.71,2.342,0.8,0.2,8.703947,4.449721,8.04,0.804,0.5,0.5,1.253468,11.489567,14.66,0.733,0.4,0.6,1.354964,8.793311,86.84,1.7368,0.42,0.58,1.645315,11.532452,19.0,230.17,12.114211,0.578947,1.737795,1.0,0.0,-12.46,-193.87,10.52,2.104,0.6,0.4,1.210274,22.913811,103.04,10.304,0.7,0.3,2.704267,21.400908,230.17,12.114211,0.578947,0.421053,1.737795,53.420159,230.17,12.114211,0.578947,0.421053,1.737795,53.420159,47.0,-9.77,-0.207872,0.468085,0.8774,4.0,0.0,-9.8,-27.24,11.71,2.342,0.8,0.2,8.703947,4.449721,12.33,1.233,0.6,0.4,2.251777,4.826666,0.76,0.038,0.5,0.5,1.02208,5.463153,-9.77,-0.207872,0.468085,0.531915,0.8774,5.088454,1,0,1,0,18.31,18.31,1831.0,7,3,2,5000.004,1,0,18.31,0.0,0.0,1
116,2026-02-19T07:33:58,2026-02-19,1894097740,0,[tp 5006.81800],XAUUSDm,SELL,0.01,-4.605170185988091,1,116.0,116.0,238.85,2.059052,0.439655,1.521689,5.0,0.0,-0.18,-198.43,31.54,6.308,1.0,0.0,10.0,7.216873,-0.18,-0.018,0.5,0.5,0.994325,9.787633,33.42,1.671,0.45,0.55,1.818115,9.582277,107.72,2.1544,0.44,0.56,1.816061,11.74502,20.0,248.48,12.424,0.6,1.796487,2.0,0.0,0.0,-193.87,5.85,1.17,0.6,0.4,1.11693,22.125456,100.55,10.055,0.7,0.3,2.663083,21.291544,248.48,12.424,0.6,0.4,1.796487,52.085038,248.48,12.424,0.6,0.4,1.796487,52.085038,48.0,8.54,0.177917,0.479167,1.107165,5.0,0.0,0.0,-27.24,31.54,6.308,1.0,0.0,10.0,7.216873,22.22,2.222,0.6,0.4,3.255838,6.805562,28.44,1.422,0.55,0.45,2.135329,6.340217,8.54,0.177917,0.479167,0.520833,1.107165,5.687539,1,0,0,0,7.93,7.93,793.0,7,3,2,5006.818,1,0,7.93,0.0,0.0,1
117,2026-02-19T08:56:30,2026-02-19,1894386657,0,[sl 5010.95000],XAUUSDm,SELL,0.01,-4.605170185988091,1,117.0,117.0,246.78,2.109231,0.444444,1.539009,6.0,0.0,0.0,-198.43,38.09,7.618,1.0,0.0,10.0,6.785005,8.23,0.823,0.6,0.4,1.263444,10.069072,27.12,1.356,0.45,0.55,1.663892,9.262459,100.79,2.0158,0.44,0.56,1.763561,11.634638,21.0,256.41,12.21,0.619048,1.821906,3.0,0.0,0.0,-193.87,43.38,8.676,0.8,0.2,3.123348,15.905241,118.91,11.891,0.8,0.2,3.376774,20.210072,149.38,7.469,0.6,0.4,1.478828,47.347589,256.41,12.21,0.619048,0.380952,1.821906,50.838801,49.0,16.47,0.336122,0.489796,1.206676,6.0,0.0,0.0,-27.24,38.09,7.618,1.0,0.0,10.0,6.785005,37.19,3.719,0.7,0.3,10.0,6.225298,38.32,1.916,0.6,0.4,2.658874,6.442321,16.47,0.336122,0.489796,0.510204,1.206676,5.734922,0,1,0,0,-7.0,7.0,-700.0,8,3,2,5010.95,0,1,-7.0,0.0,0.0,1
118,2026-02-19T15:14:25,2026-02-19,1896361555,0,[tp 1.17502],EURUSDm,BUY,0.01,-4.605170185988091,1,118.0,118.0,239.78,2.032034,0.440678,1.515833,0.0,1.0,-7.0,-198.43,30.7,6.14,0.8,0.2,5.385714,8.725835,1.66,0.166,0.6,0.4,1.043904,10.340091,24.64,1.232,0.45,0.55,1.568659,9.356417,103.16,2.0632,0.44,0.56,1.795803,11.592908,31.0,7.34,0.236774,0.516129,1.796095,0.0,1.0,-0.8,-2.0,0.03,0.006,0.4,0.6,1.015464,0.872848,3.48,0.348,0.5,0.5,2.204152,1.010364,5.25,0.2625,0.55,0.45,1.94086,0.885584,7.34,0.236774,0.516129,0.483871,1.796095,0.951045,68.0,230.31,3.386912,0.411765,1.609044,0.0,4.0,-30.2,-198.43,-3.67,-0.734,0.2,0.8,0.878477,15.475445,-10.07,-1.007,0.2,0.8,0.735279,11.03016,80.48,4.024,0.4,0.6,2.166377,15.760542,178.72,3.5744,0.38,0.62,2.522706,16.229387,1,0,0,0,3.55,3.55,355.0,15,3,2,1.17502,1,0,3.55,0.0,0.0,1
119,2026-02-19T16:03:02,2026-02-19,1896786161,0,[sl 1.17647],EURUSDm,BUY,0.01,-4.605170185988091,1,119.0,119.0,243.33,2.04479,0.445378,1.52347,1.0,0.0,-3.45,-198.43,33.83,6.766,0.8,0.2,5.832857,8.399182,25.64,2.564,0.7,0.3,2.475259,7.739038,26.75,1.3375,0.45,0.55,1.617355,9.370053,108.66,2.1732,0.46,0.54,1.851034,11.580393,32.0,10.89,0.340313,0.53125,2.181128,1.0,0.0,0.0,-2.0,4.19,0.838,0.6,0.4,4.150376,1.582952,5.87,0.587,0.5,0.5,3.031142,1.386745,9.11,0.4555,0.6,0.4,2.728653,1.127388,10.89,0.340313,0.53125,0.46875,2.181128,1.099339,69.0,233.86,3.389275,0.42029,1.618432,1.0,0.0,-26.65,-198.43,-26.65,-5.33,0.2,0.8,0.11755,8.56572,-2.0,-0.2,0.3,0.7,0.940334,11.038826,59.51,2.9755,0.4,0.6,1.862464,15.043346,182.47,3.6494,0.4,0.6,2.55731,16.220433,0,1,0,0,-1.63,1.63,-163.0,16,3,2,1.17647,0,1,-1.63,0.0,0.0,1
120,2026-02-19T16:10:16,2026-02-19,1896850022,2396007487,TradePy Live,BTCUSDm,BUY,0.02,-3.912023005428146,0,120.0,120.0,241.7,2.014167,0.441667,1.518147,0.0,1.0,-5.08,-198.43,21.16,4.232,0.6,0.4,3.451912,8.635407,32.87,3.287,0.7,0.3,4.238424,6.933842,26.76,1.338,0.45,0.55,1.617729,9.369895,105.87,2.1174,0.44,0.56,1.81873,11.591857,26.0,22.64,0.870769,0.5,1.270911,0.0,2.0,-14.15,-27.27,2.23,0.446,0.4,0.6,1.109207,9.174817,0.71,0.071,0.4,0.6,1.014755,10.187651,18.94,0.947,0.45,0.55,1.239111,9.838334,22.64,0.870769,0.5,0.5,1.270911,8.70156,70.0,232.23,3.317571,0.414286,1.611486,0.0,1.0,-28.28,-198.43,-27.8,-5.56,0.2,0.8,0.113238,8.447021,-5.07,-0.507,0.2,0.8,0.855761,11.031635,38.84,1.942,0.35,0.65,1.549908,14.607918,180.54,3.6108,0.38,0.62,2.519697,16.230651,0,1,0,0,-0.67,0.67,-33.5,16,3,2,66405.97,0,0,-0.67,0.0,0.0,1
121,2026-02-19T17:51:37,2026-02-19,1897472348,0,[sl 186.48000],NVDAm,SELL,0.01,-4.605170185988091,1,121.0,121.0,241.03,1.991983,0.438017,1.51597,0.0,2.0,-5.75,-198.43,2.18,0.436,0.4,0.6,1.234409,5.032747,33.72,3.372,0.7,0.3,4.625806,6.879389,27.07,1.3535,0.45,0.55,1.629389,9.366303,105.93,2.1186,0.44,0.56,1.819574,11.591565,4.0,1.12,0.28,0.5,1.434109,0.0,2.0,-2.58,-2.58,1.12,0.28,0.5,0.5,1.434109,1.763335,1.12,0.28,0.5,0.5,1.434109,1.763335,1.12,0.28,0.5,0.5,1.434109,1.763335,1.12,0.28,0.5,0.5,1.434109,1.763335,50.0,9.47,0.1894,0.48,1.10924,0.0,1.0,-7.0,-27.24,30.7,6.14,0.8,0.2,5.385714,8.725835,31.13,3.113,0.7,0.3,4.509583,6.906965,30.16,1.508,0.55,0.45,2.001993,6.72928,9.47,0.1894,0.48,0.52,1.10924,5.769435,0,1,0,0,-1.38,1.38,-138.0,17,3,2,186.48,0,1,-1.38,0.0,0.0,1
122,2026-02-19T18:14:37,2026-02-19,1897574621,0,[sl 66677.98000],BTCUSDm,BUY,0.02,-3.912023005428146,1,122.0,122.0,239.65,1.964344,0.434426,1.511504,0.0,3.0,-7.13,-198.43,-7.13,-1.426,0.2,0.8,0.332397,3.35992,30.96,3.096,0.6,0.4,3.898876,7.007936,26.63,1.3315,0.45,0.55,1.612888,9.372179,111.15,2.223,0.44,0.56,1.896154,11.535944,27.0,21.97,0.813704,0.481481,1.260802,0.0,3.0,-14.82,-27.27,-6.86,-1.372,0.2,0.8,0.674727,8.270689,-14.82,-1.482,0.3,0.7,0.696249,8.919634,21.79,1.0895,0.45,0.55,1.285359,9.793138,21.97,0.813704,0.481481,0.518519,1.260802,8.543856,71.0,231.56,3.261408,0.408451,1.608648,0.0,2.0,-28.95,-198.43,-28.04,-5.608,0.2,0.8,0.112377,8.418367,-4.1,-0.41,0.2,0.8,0.880047,11.025509,-0.42,-0.021,0.3,0.7,0.994109,11.946766,94.54,1.8908,0.36,0.64,1.791328,11.281915,0,1,0,1,-13.46,13.46,-673.0,18,3,2,66677.98,0,1,-13.46,0.0,0.0,1
123,2026-02-20T00:18:04,2026-02-20,1898656710,2398254704,[sl 4993.804],XAUUSDm,SELL,0.01,-4.605170185988091,1,123.0,123.0,226.19,1.838943,0.430894,1.469293,0.0,4.0,-20.59,-198.43,-13.59,-2.718,0.2,0.8,0.207118,5.689406,17.11,1.711,0.5,0.5,1.708782,8.594813,12.64,0.632,0.4,0.6,1.222105,9.912404,98.26,1.9652,0.44,0.56,1.717645,11.737745,22.0,249.41,11.336818,0.590909,1.781923,0.0,1.0,-7.0,-193.87,9.85,1.97,0.6,0.4,1.359096,13.906854,87.39,8.739,0.7,0.3,2.532351,20.451155,214.16,10.708,0.6,0.4,1.866378,43.906155,249.41,11.336818,0.590909,0.409091,1.781923,49.830854,51.0,8.09,0.158627,0.470588,1.091859,0.0,2.0,-8.38,-27.24,28.9,5.78,0.6,0.4,4.448687,8.987603,29.22,2.922,0.6,0.4,3.850732,7.001514,29.35,1.4675,0.55,0.45,1.949531,6.744086,8.06,0.1612,0.46,0.54,1.091518,5.77359,0,1,0,0,-8.4,8.4,-840.0,0,4,2,4993.804,0,1,-8.4,0.0,0.0,1
124,2026-02-20T01:15:08,2026-02-20,1898769327,0,[tp 67204.73000],BTCUSDm,SELL,0.02,-3.912023005428146,1,124.0,124.0,217.79,1.756371,0.427419,1.444125,0.0,5.0,-28.99,-198.43,-25.54,-5.108,0.0,1.0,0.0,5.025604,8.29,0.829,0.4,0.6,1.254763,9.118632,4.94,0.247,0.4,0.6,1.076459,10.104339,99.73,1.9946,0.44,0.56,1.736286,11.709872,28.0,8.51,0.303929,0.464286,1.087103,0.0,4.0,-28.28,-28.28,-13.28,-2.656,0.2,0.8,0.517266,9.463316,-21.68,-2.168,0.3,0.7,0.610422,9.529803,-0.1,-0.005,0.4,0.6,0.998887,10.12906,8.51,0.303929,0.464286,0.535714,1.087103,8.798121,52.0,-0.31,-0.005962,0.461538,0.996787,0.0,3.0,-16.78,-27.24,9.46,1.892,0.4,0.6,1.563766,10.017056,21.17,2.117,0.6,0.4,2.156831,7.753795,21.52,1.076,0.55,0.45,1.555498,7.070377,3.25,0.065,0.46,0.54,1.034991,5.874482,1,0,0,0,5.83,5.83,291.5,1,4,2,67204.73,1,0,5.83,0.0,0.0,1
125,2026-02-20T01:22:01,2026-02-20,1898779245,0,[sl 66.37400],USOILm,SELL,0.01,-4.605170185988091,1,125.0,125.0,223.62,1.78896,0.432,1.456014,1.0,0.0,-23.16,-198.43,-18.08,-3.616,0.2,0.8,0.243831,6.673777,3.08,0.308,0.4,0.6,1.094653,8.657514,11.12,0.556,0.45,0.55,1.173047,10.175601,104.47,2.0894,0.44,0.56,1.771281,11.721346,35.0,-40.73,-1.163714,0.228571,0.193465,3.0,0.0,-41.87,-44.06,0.24,0.048,0.6,0.4,1.123077,0.971255,-1.53,-0.153,0.4,0.6,0.60567,0.743815,-15.19,-0.7595,0.25,0.75,0.151397,1.159834,-40.73,-1.163714,0.228571,0.771429,0.193465,1.875111,53.0,5.52,0.104151,0.471698,1.05722,1.0,0.0,-10.95,-27.24,-3.02,-0.604,0.4,0.6,0.820024,6.580488,28.52,2.852,0.7,0.3,2.699642,7.722498,16.03,0.8015,0.55,0.45,1.413784,6.767417,8.36,0.1672,0.46,0.54,1.090009,5.929184,0,1,0,0,-1.34,1.34,-134.0,1,4,2,66.374,0,1,-1.34,0.0,0.0,1
126,2026-02-20T01:26:41,2026-02-20,1898788924,0,[tp 67432.67000],BTCUSDm,SELL,0.02,-3.912023005428146,1,126.0,126.0,222.28,1.764127,0.428571,1.452046,0.0,1.0,-24.5,-198.43,-18.75,-3.75,0.2,0.8,0.237185,6.619789,-16.57,-1.657,0.3,0.7,0.510921,6.241452,-16.75,-0.8375,0.4,0.6,0.744665,8.24914,103.7,2.074,0.44,0.56,1.761269,11.725335,29.0,14.34,0.494483,0.482759,1.146776,1.0,0.0,-22.45,-28.28,-21.68,-4.336,0.2,0.8,0.211923,6.641309,-5.98,-0.598,0.4,0.6,0.869375,9.424275,9.94,0.497,0.45,0.55,1.116108,10.156974,14.34,0.494483,0.482759,0.517241,1.146776,8.703702,54.0,4.18,0.077407,0.462963,1.042736,0.0,1.0,-12.29,-27.24,-12.29,-2.458,0.2,0.8,0.321744,5.040636,25.8,2.58,0.6,0.4,2.423841,7.816879,25.92,1.296,0.55,0.45,1.89844,6.20845,7.41,0.1482,0.46,0.54,1.078973,5.93246,1,0,0,0,4.98,4.98,249.0,1,4,2,67432.67,1,0,4.98,0.0,0.0,1
127,2026-02-20T06:32:03,2026-02-20,1899271074,0,[tp 67535.38000],BTCUSDm,SELL,0.02,-3.912023005428146,1,127.0,127.0,227.26,1.789449,0.433071,1.462174,1.0,0.0,-19.52,-198.43,-12.39,-2.478,0.4,0.6,0.465948,7.504853,-19.52,-1.952,0.3,0.7,0.423849,5.838032,-11.29,-0.5645,0.45,0.55,0.826628,8.346231,97.36,1.9472,0.44,0.56,1.714726,11.658754,30.0,19.32,0.644,0.5,1.197748,2.0,0.0,-17.47,-28.28,-12.18,-2.436,0.4,0.6,0.470204,7.605773,-12.32,-1.232,0.4,0.6,0.730887,8.793323,21.47,1.0735,0.5,0.5,1.271566,10.067454,19.32,0.644,0.5,0.5,1.197748,8.595207,55.0,9.16,0.166545,0.472727,1.093651,1.0,0.0,-7.31,-27.24,-0.31,-0.062,0.4,0.6,0.972122,5.158102,30.39,3.039,0.6,0.4,2.677152,7.809565,30.54,1.527,0.55,0.45,2.058579,6.2551,13.88,0.2776,0.48,0.52,1.150314,5.965785,1,0,0,0,6.57,6.57,328.5,6,4,2,67535.38,1,0,6.57,0.0,0.0,1
128,2026-02-20T06:48:17,2026-02-20,1899312063,0,[tp 66.81800],USOILm,SELL,0.01,-4.605170185988091,1,128.0,128.0,233.83,1.826797,0.4375,1.475535,2.0,0.0,-12.95,-198.43,7.64,1.528,0.6,0.4,1.784394,5.70326,-5.95,-0.595,0.4,0.6,0.778646,6.079094,-4.29,-0.2145,0.5,0.5,0.933684,8.490066,115.16,2.3032,0.46,0.54,1.921354,11.521911,36.0,-42.07,-1.168611,0.222222,0.188465,0.0,1.0,-43.21,-44.06,-0.67,-0.134,0.6,0.4,0.765734,1.117955,-3.03,-0.303,0.3,0.7,0.41954,0.813548,-15.86,-0.793,0.25,0.75,0.145934,1.166422,-42.07,-1.168611,0.222222,0.777778,0.188465,1.849111,56.0,15.73,0.280893,0.482143,1.160822,2.0,0.0,-0.74,-27.24,7.64,1.528,0.6,0.4,1.784394,5.70326,36.54,3.654,0.6,0.4,3.016556,7.821251,37.99,1.8995,0.6,0.4,2.358241,6.322138,19.82,0.3964,0.48,0.52,1.214642,6.030413,1,0,0,0,3.64,3.64,364.0,6,4,2,66.818,1,0,3.64,0.0,0.0,1
129,2026-02-20T06:50:37,2026-02-20,1899320191,2399179046,[sl 66.787],USOILm,SELL,0.01,-4.605170185988091,1,129.0,129.0,237.47,1.840853,0.44186,1.482937,3.0,0.0,-9.31,-198.43,19.68,3.936,0.8,0.2,10.0,2.812078,-5.86,-0.586,0.4,0.6,0.781994,6.085288,19.78,0.989,0.55,0.45,1.446905,7.13739,118.44,2.3688,0.46,0.54,1.947596,11.519998,37.0,-38.43,-1.038649,0.243243,0.258681,1.0,0.0,-39.57,-44.06,4.49,0.898,0.8,0.2,4.350746,1.627641,0.91,0.091,0.4,0.6,1.184959,1.43574,-9.97,-0.4985,0.3,0.7,0.389093,1.466371,-38.43,-1.038649,0.243243,0.756757,0.258681,1.983646,57.0,19.37,0.339825,0.491228,1.198037,3.0,0.0,0.0,-27.24,19.68,3.936,0.8,0.2,10.0,2.812078,29.14,2.914,0.6,0.4,2.608168,7.427589,41.47,2.0735,0.6,0.4,2.48266,6.319757,24.56,0.4912,0.5,0.5,1.26918,6.043387,0,1,0,0,-0.47,0.47,-47.0,6,4,2,66.787,0,1,-0.47,0.0,0.0,1
130,2026-02-20T07:01:02,2026-02-20,1899349393,0,[tp 5015.93500],XAUUSDm,SELL,0.01,-4.605170185988091,1,130.0,130.0,237.0,1.823077,0.438462,1.481521,0.0,1.0,-9.78,-198.43,13.38,2.676,0.6,0.4,8.392265,3.079822,-4.7,-0.47,0.4,0.6,0.817263,6.075329,28.17,1.4085,0.55,0.45,1.785336,6.784,118.41,2.3682,0.46,0.54,1.947128,11.520145,23.0,241.01,10.478696,0.565217,1.736201,0.0,2.0,-15.4,-193.87,21.88,4.376,0.6,0.4,2.420779,10.429149,59.95,5.995,0.6,0.4,1.916246,20.723988,260.27,13.0135,0.6,0.4,2.29436,41.569478,241.01,10.478696,0.565217,0.434783,1.736201,48.901459,58.0,18.9,0.325862,0.482759,1.192308,0.0,1.0,-0.47,-27.24,13.38,2.676,0.6,0.4,8.392265,3.079822,10.36,1.036,0.5,0.5,1.557289,5.392927,32.58,1.629,0.55,0.45,2.14557,6.168575,24.93,0.4986,0.5,0.5,1.274348,6.041979,1,0,1,0,22.25,22.25,2225.0,7,4,2,5015.935,1,0,22.25,0.0,0.0,1
131,2026-02-20T07:03:02,2026-02-20,1899358474,0,[sl 67689.16000],BTCUSDm,SELL,0.02,-3.912023005428146,1,131.0,131.0,259.25,1.979008,0.442748,1.526727,1.0,0.0,0.0,-198.43,36.97,7.394,0.8,0.2,10.0,7.786426,18.22,1.822,0.5,0.5,1.727345,9.12536,51.94,2.597,0.6,0.4,2.512082,8.117864,119.86,2.3972,0.46,0.54,1.958727,11.568232,31.0,25.89,0.835161,0.516129,1.264995,3.0,0.0,-10.9,-28.28,3.25,0.65,0.6,0.4,1.230007,7.502829,5.48,0.548,0.5,0.5,1.158611,8.381244,31.63,1.5815,0.55,0.45,1.419107,10.07565,25.89,0.835161,0.516129,0.483871,1.264995,8.520019,59.0,41.15,0.697458,0.491525,1.418702,1.0,0.0,0.0,-27.24,36.97,7.394,0.8,0.2,10.0,7.786426,24.68,2.468,0.5,0.5,2.327595,8.202664,61.87,3.0935,0.6,0.4,3.891121,7.308233,52.41,1.0482,0.52,0.48,1.61198,6.708918,0,1,0,0,-4.38,4.38,-219.0,7,4,2,67687.39,0,1,-4.38,0.0,0.0,1
132,2026-02-20T07:50:29,2026-02-20,1899498580,0,[sl 66.86900],USOILm,SELL,0.01,-4.605170185988091,1,132.0,132.0,254.87,1.930833,0.439394,1.513261,0.0,1.0,-4.38,-198.43,27.61,5.522,0.6,0.4,6.692784,9.147895,15.22,1.522,0.5,0.5,1.542602,9.273802,46.18,2.309,0.55,0.45,2.192357,8.256915,125.91,2.5182,0.46,0.54,2.058334,11.464607,38.0,-38.9,-1.023684,0.236842,0.256356,0.0,1.0,-40.04,-44.06,2.64,0.528,0.6,0.4,2.458564,1.68527,0.89,0.089,0.4,0.6,1.180162,1.436506,-6.61,-0.3305,0.3,0.7,0.489969,1.251845,-38.9,-1.023684,0.236842,0.763158,0.256356,1.959486,60.0,36.77,0.612833,0.483333,1.358173,0.0,1.0,-4.38,-27.24,27.61,5.522,0.6,0.4,6.692784,9.147895,27.3,2.73,0.5,0.5,2.709455,7.93349,58.43,2.9215,0.6,0.4,3.352254,7.440422,50.42,1.0084,0.52,0.48,1.575374,6.735048,0,1,0,0,-0.58,0.58,-58.0,7,4,2,66.869,0,1,-0.58,0.0,0.0,1
133,2026-02-20T10:10:17,2026-02-20,1900042427,0,[tp 5039.21900],XAUUSDm,SELL,0.01,-4.605170185988091,1,133.0,133.0,254.29,1.911955,0.43609,1.511496,0.0,2.0,-4.96,-198.43,20.46,4.092,0.4,0.6,4.767956,9.426892,28.1,2.81,0.5,0.5,2.85234,7.895585,45.21,2.2605,0.5,0.5,2.150089,8.270882,125.84,2.5168,0.46,0.54,2.057124,11.464981,24.0,263.26,10.969167,0.583333,1.804167,1.0,0.0,0.0,-193.87,33.09,6.618,0.6,0.4,3.148701,12.599793,43.61,4.361,0.6,0.4,1.666514,18.627743,350.1,17.505,0.65,0.35,3.622472,37.24712,263.26,10.969167,0.583333,0.416667,1.804167,47.929594,61.0,36.19,0.593279,0.47541,1.350542,0.0,2.0,-4.96,-27.24,20.46,4.092,0.4,0.6,4.767956,9.426892,28.1,2.81,0.5,0.5,2.85234,7.895585,57.32,2.866,0.55,0.45,3.254917,7.462162,49.32,0.9864,0.5,0.5,1.55912,6.738404,1,0,1,0,22.24,22.24,2224.0,10,4,2,5039.219,1,0,22.24,0.0,0.0,1
134,2026-02-20T11:11:39,2026-02-20,1900338105,0,[sl 5020.07000],XAUUSDm,SELL,0.01,-4.605170185988091,1,134.0,134.0,276.53,2.063657,0.440299,1.556231,1.0,0.0,0.0,-198.43,39.06,7.812,0.4,0.6,8.19337,11.86832,58.74,5.874,0.6,0.4,9.676514,8.839584,67.03,3.3515,0.5,0.5,2.705164,9.327746,123.56,2.4712,0.46,0.54,2.03797,11.381608,25.0,285.5,11.42,0.6,1.872102,2.0,0.0,0.0,-193.87,37.02,7.404,0.6,0.4,3.403896,13.401708,42.87,4.287,0.6,0.4,1.655204,18.554958,269.93,13.4965,0.65,0.35,3.021948,31.811287,285.5,11.42,0.6,0.4,1.872102,47.013127,62.0,58.43,0.942419,0.483871,1.565963,1.0,0.0,0.0,-27.24,39.06,7.812,0.4,0.6,8.19337,11.86832,58.74,5.874,0.6,0.4,9.676514,8.839584,79.91,3.9955,0.6,0.4,4.187475,8.523999,69.66,1.3932,0.5,0.5,1.789706,7.366017,0,1,0,1,-19.16,19.16,-1916.0,11,4,2,5020.07,0,1,-19.16,0.0,0.0,1
135,2026-02-20T16:13:34,2026-02-20,1902188886,0,[sl 1.17969],EURUSDm,BUY,0.01,-4.605170185988091,1,135.0,135.0,257.37,1.906444,0.437037,1.49848,0.0,1.0,-19.16,-198.43,20.37,4.074,0.4,0.6,1.844527,16.083029,33.75,3.375,0.5,0.5,2.301581,11.600136,36.83,1.8415,0.45,0.55,1.629896,10.349371,85.36,1.7072,0.44,0.56,1.617656,11.524972,33.0,9.26,0.280606,0.515152,1.853456,0.0,1.0,-1.63,-2.0,1.12,0.224,0.4,0.6,1.378378,1.809548,3.15,0.315,0.4,0.6,1.696903,1.521606,8.18,0.409,0.6,0.4,2.319355,1.191448,9.26,0.280606,0.515152,0.484848,1.853456,1.134019,72.0,218.1,3.029167,0.402778,1.55368,0.0,3.0,-42.41,-198.43,-21.07,-4.214,0.2,0.8,0.144192,6.108855,-16.58,-1.658,0.2,0.8,0.644664,11.704789,-36.86,-1.843,0.25,0.75,0.565125,11.044618,81.81,1.6362,0.36,0.64,1.618835,11.480085,0,1,0,0,-2.6,2.6,-260.0,16,4,2,1.17969,0,1,-2.6,0.0,0.0,1
136,2026-02-20T18:17:49,2026-02-20,1903119053,0,[sl 1.17720],EURUSDm,SELL,0.01,-4.605170185988091,1,136.0,136.0,254.77,1.873309,0.433824,1.490971,0.0,2.0,-21.76,-198.43,-4.48,-0.896,0.2,0.8,0.832335,13.29654,32.49,3.249,0.5,0.5,2.194925,11.657368,15.92,0.796,0.4,0.6,1.260684,9.66655,83.64,1.6728,0.44,0.56,1.59777,11.535205,34.0,6.66,0.195882,0.5,1.495167,0.0,2.0,-4.23,-4.23,-0.5,-0.1,0.4,0.6,0.89083,2.115316,0.99,0.099,0.4,0.6,1.148204,1.749671,4.99,0.2495,0.55,0.45,1.567045,1.358372,6.66,0.195882,0.5,0.5,1.495167,1.218628,63.0,39.27,0.623333,0.47619,1.320833,0.0,1.0,-19.16,-27.24,20.37,4.074,0.4,0.6,1.844527,16.083029,33.75,3.375,0.5,0.5,2.301581,11.600136,62.27,3.1135,0.6,0.4,2.457972,9.857406,54.17,1.0834,0.5,0.5,1.522372,7.880241,0,1,0,0,-2.53,2.53,-253.0,18,4,2,1.1772,0,1,-2.53,0.0,0.0,1
137,2026-02-23T00:05:39,2026-02-23,1905562652,0,[tp 65.78500],USOILm,BUY,0.01,-4.605170185988091,1,137.0,137.0,252.24,1.841168,0.430657,1.483737,0.0,3.0,-24.29,-198.43,-2.63,-0.526,0.2,0.8,0.89425,13.219963,24.98,2.498,0.4,0.6,1.840511,11.76309,5.46,0.273,0.35,0.65,1.085849,9.548669,80.95,1.619,0.42,0.58,1.56827,11.548401,39.0,-39.48,-1.012308,0.230769,0.253545,0.0,2.0,-40.62,-44.06,1.67,0.334,0.4,0.6,1.698745,1.74477,1.01,0.101,0.4,0.6,1.209544,1.430353,-4.62,-0.231,0.3,0.7,0.578851,1.14436,-39.48,-1.012308,0.230769,0.769231,0.253545,1.935472,73.0,215.5,2.952055,0.39726,1.543492,0.0,4.0,-45.01,-198.43,-14.81,-2.962,0.2,0.8,0.193355,5.652834,-18.48,-1.848,0.2,0.8,0.61944,11.703117,-39.16,-1.958,0.25,0.75,0.550195,11.039926,80.97,1.6194,0.36,0.64,1.608614,11.485656,1,0,0,0,1.01,1.01,101.0,0,0,2,65.785,1,0,1.01,0.0,0.0,1
138,2026-02-23T00:07:57,2026-02-23,1905577156,0,[tp 5131.79700],XAUUSDm,SELL,0.01,-4.605170185988091,1,138.0,138.0,253.25,1.835145,0.434783,1.485674,1.0,0.0,-23.28,-198.43,-1.04,-0.208,0.4,0.6,0.957184,13.233955,19.42,1.942,0.4,0.6,1.653432,11.688646,13.47,0.6735,0.4,0.6,1.237986,9.402074,73.54,1.4708,0.42,0.58,1.516251,11.507647,26.0,266.34,10.243846,0.576923,1.768591,0.0,1.0,-19.16,-193.87,9.93,1.986,0.4,0.6,1.287326,17.068244,53.31,5.331,0.6,0.4,1.969449,16.832702,166.9,8.345,0.6,0.4,2.093279,28.126871,266.34,10.243846,0.576923,0.423077,1.768591,46.473741,64.0,36.74,0.574063,0.46875,1.294085,0.0,2.0,-21.69,-27.24,-4.41,-0.882,0.2,0.8,0.834522,13.294776,32.56,3.256,0.5,0.5,2.20059,11.653874,58.36,2.918,0.55,0.45,2.290009,9.928365,50.54,1.0108,0.48,0.52,1.47576,7.896458,1,0,1,0,12.8,12.8,1280.0,0,0,2,5131.797,1,0,12.8,0.0,0.0,1
139,2026-02-23T00:13:35,2026-02-23,1905596888,0,[tp 1.18007],EURUSDm,SELL,0.01,-4.605170185988091,1,139.0,139.0,266.05,1.914029,0.438849,1.510222,2.0,0.0,-10.48,-198.43,-10.48,-2.096,0.4,0.6,0.568547,10.228984,28.58,2.858,0.4,0.6,1.961642,12.136172,22.72,1.136,0.4,0.6,1.401413,9.753153,93.38,1.8676,0.44,0.56,1.689609,11.549322,35.0,4.13,0.118,0.485714,1.258448,0.0,3.0,-6.76,-6.76,-3.56,-0.712,0.2,0.8,0.499297,2.280705,-1.03,-0.103,0.4,0.6,0.881609,1.91693,1.94,0.097,0.5,0.5,1.171227,1.48477,4.13,0.118,0.485714,0.514286,1.258448,1.284078,65.0,49.54,0.762154,0.476923,1.396542,1.0,0.0,-8.89,-27.24,12.77,2.554,0.4,0.6,1.573417,14.139915,40.38,4.038,0.5,0.5,2.488938,12.000535,70.77,3.5385,0.55,0.45,2.564324,10.136596,62.52,1.2504,0.48,0.52,1.588534,8.066946,1,0,0,0,0.62,0.62,62.0,0,0,2,1.18007,1,0,0.62,0.0,0.0,1
140,2026-02-23T01:01:00,2026-02-23,1905742171,0,[sl 5146.87000],XAUUSDm,SELL,0.01,-4.605170185988091,1,140.0,140.0,266.67,1.904786,0.442857,1.511411,3.0,0.0,-9.86,-198.43,9.3,1.86,0.6,0.4,2.812865,5.676397,29.67,2.967,0.5,0.5,2.014359,12.110661,24.97,1.2485,0.45,0.55,1.454248,9.733556,55.41,1.1082,0.44,0.56,1.409202,10.289343,27.0,279.14,10.338519,0.592593,1.805529,1.0,0.0,-6.36,-193.87,29.73,5.946,0.6,0.4,2.078737,16.819103,39.58,3.958,0.6,0.4,1.719767,15.559356,227.97,11.3985,0.65,0.35,3.18383,24.95048,279.14,10.338519,0.592593,0.407407,1.805529,45.607551,66.0,50.16,0.76,0.484848,1.401505,2.0,0.0,-8.27,-27.24,13.97,2.794,0.6,0.4,1.644076,14.094796,34.43,3.443,0.5,0.5,2.269543,12.007747,70.97,3.5485,0.55,0.45,2.568744,10.133613,64.06,1.2812,0.5,0.5,1.608299,8.061539,0,1,0,1,-18.16,18.16,-1816.0,1,0,2,5146.87,0,1,-18.16,0.0,0.0,1
141,2026-02-23T01:31:24,2026-02-23,1905859826,0,[tp 65.80100],USOILm,BUY,0.01,-4.605170185988091,1,141.0,141.0,248.51,1.762482,0.439716,1.460545,0.0,1.0,-28.02,-198.43,-6.26,-1.252,0.6,0.4,0.697438,9.935728,-10.74,-1.074,0.4,0.6,0.773466,11.7384,7.48,0.374,0.45,0.55,1.103229,10.612625,14.27,0.2854,0.42,0.58,1.092922,10.151421,40.0,-38.47,-0.96175,0.25,0.272641,1.0,0.0,-39.61,-44.06,2.26,0.452,0.4,0.6,1.945607,1.766413,2.5,0.25,0.5,0.5,1.576037,1.439646,-1.66,-0.083,0.35,0.65,0.815965,1.103137,-38.47,-0.96175,0.25,0.75,0.272641,1.937031,74.0,216.51,2.925811,0.405405,1.546039,1.0,0.0,-44.0,-198.43,-17.35,-3.47,0.2,0.8,0.055011,5.135231,-44.0,-4.4,0.2,0.8,0.093904,7.122919,-8.55,-0.4275,0.3,0.7,0.851201,9.042897,79.08,1.5816,0.36,0.64,1.594408,11.484489,1,0,0,0,1.35,1.35,135.0,1,0,2,65.801,1,0,1.35,0.0,0.0,1
142,2026-02-23T01:52:10,2026-02-23,1905925351,0,[sl 65.74400],USOILm,BUY,0.01,-4.605170185988091,1,142.0,142.0,249.86,1.759577,0.443662,1.463047,1.0,0.0,-26.67,-198.43,-2.38,-0.476,0.8,0.2,0.868943,9.957105,-5.01,-0.501,0.5,0.5,0.88357,11.702833,10.21,0.5105,0.5,0.5,1.143641,10.606742,15.92,0.3184,0.44,0.56,1.103869,10.152146,41.0,-37.12,-0.905366,0.268293,0.298166,2.0,0.0,-38.26,-44.06,4.95,0.99,0.6,0.4,5.714286,1.532906,4.28,0.428,0.6,0.4,2.094629,1.454529,0.42,0.021,0.4,0.6,1.050663,1.13483,-37.12,-0.905366,0.268293,0.731707,0.298166,1.946212,75.0,217.86,2.9048,0.413333,1.549444,2.0,0.0,-42.65,-198.43,-14.37,-2.874,0.4,0.6,0.141064,5.475833,-42.17,-4.217,0.3,0.7,0.12292,7.243763,-9.35,-0.4675,0.3,0.7,0.837278,9.033171,80.92,1.6184,0.38,0.62,1.610487,11.480739,0,1,0,0,-0.45,0.45,-45.0,1,0,2,65.744,0,1,-0.45,0.0,0.0,1
143,2026-02-23T01:58:03,2026-02-23,1905938251,0,[tp 66871.70000],BTCUSDm,BUY,0.02,-3.912023005428146,1,143.0,143.0,249.41,1.744126,0.440559,1.461828,0.0,1.0,-27.12,-198.43,-3.84,-0.768,0.6,0.4,0.793659,9.930618,-4.88,-0.488,0.5,0.5,0.886247,11.702811,23.22,1.161,0.5,0.5,1.399862,10.117669,45.07,0.9014,0.44,0.56,1.363116,9.210634,32.0,21.51,0.672187,0.5,1.210717,0.0,1.0,-15.28,-28.28,-0.46,-0.092,0.6,0.4,0.974215,7.77519,-7.32,-0.732,0.4,0.6,0.81197,8.052238,26.95,1.3475,0.5,0.5,1.337508,10.156713,21.51,0.672187,0.5,0.5,1.210717,8.434787,76.0,217.41,2.860658,0.407895,1.547687,0.0,1.0,-43.1,-198.43,-14.15,-2.83,0.4,0.6,0.142944,5.494219,-42.19,-4.219,0.3,0.7,0.122869,7.24272,-9.19,-0.4595,0.3,0.7,0.839616,9.033112,82.14,1.6428,0.38,0.62,1.625447,11.475019,1,0,1,0,15.54,15.54,777.0,1,0,2,66871.7,1,0,15.54,0.0,0.0,1
144,2026-02-23T02:07:37,2026-02-23,1905978336,0,[tp 65887.39000],BTCUSDm,BUY,0.02,-3.912023005428146,1,144.0,144.0,264.95,1.839931,0.444444,1.490603,1.0,0.0,-11.58,-198.43,-1.1,-0.22,0.6,0.4,0.940892,10.709291,-11.58,-1.158,0.5,0.5,0.73007,10.513817,47.16,2.358,0.55,0.45,1.949466,10.329645,58.46,1.1692,0.44,0.56,1.470996,9.434969,33.0,37.05,1.122727,0.515152,1.362951,1.0,0.0,0.0,-28.28,28.54,5.708,0.8,0.2,7.515982,6.320188,15.26,1.526,0.5,0.5,1.47852,9.068555,55.71,2.7855,0.55,0.45,1.83611,10.027549,37.05,1.122727,0.515152,0.484848,1.362951,8.688225,77.0,232.95,3.025325,0.415584,1.586835,1.0,0.0,-27.56,-198.43,14.85,2.97,0.6,0.4,5.868852,6.43727,-6.22,-0.622,0.4,0.6,0.775208,7.230542,6.8,0.34,0.35,0.65,1.119613,9.682826,100.62,2.0124,0.4,0.6,1.783706,11.618178,1,0,1,0,10.85,10.85,542.5,2,0,2,65887.39,1,0,10.85,0.0,0.0,1
145,2026-02-23T02:35:59,2026-02-23,1906045529,0,[sl 65.82600],USOILm,BUY,0.01,-4.605170185988091,1,145.0,145.0,275.8,1.902069,0.448276,1.510693,2.0,0.0,-0.73,-198.43,9.13,1.826,0.6,0.4,1.490596,11.613383,18.43,1.843,0.6,0.4,1.776327,9.14037,52.18,2.609,0.55,0.45,2.050534,10.470985,69.92,1.3984,0.46,0.54,1.566108,9.527705,42.0,-37.57,-0.894524,0.261905,0.295651,0.0,1.0,-38.71,-44.06,0.86,0.172,0.4,0.6,1.573333,0.831202,5.35,0.535,0.6,0.4,2.883803,1.342321,0.54,0.027,0.4,0.6,1.066095,1.132003,-37.57,-0.894524,0.261905,0.738095,0.295651,1.924156,78.0,243.8,3.125641,0.423077,1.614168,2.0,0.0,-16.71,-198.43,28.3,5.66,0.8,0.2,10.0,6.357377,13.49,1.349,0.5,0.5,1.717172,7.400683,3.42,0.171,0.35,0.65,1.060158,9.465989,109.69,2.1938,0.4,0.6,1.85435,11.683756,0,1,0,0,-0.47,0.47,-47.0,2,0,2,65.826,0,1,-0.47,0.0,0.0,1
146,2026-02-23T06:07:43,2026-02-23,1906411997,0,[sl 1.18169],EURUSDm,SELL,0.01,-4.605170185988091,1,146.0,146.0,275.33,1.885822,0.445205,1.50938,0.0,1.0,-1.2,-198.43,26.82,5.364,0.6,0.4,10.0,6.596931,20.56,2.056,0.6,0.4,1.951411,9.058806,53.05,2.6525,0.55,0.45,2.08709,10.456286,69.9,1.398,0.46,0.54,1.565854,9.527783,36.0,4.75,0.131944,0.5,1.297247,1.0,0.0,-6.14,-6.76,-2.59,-0.518,0.4,0.6,0.616864,2.343633,-2.56,-0.256,0.4,0.6,0.705747,1.787704,1.46,0.073,0.5,0.5,1.128861,1.472189,4.75,0.131944,0.5,0.5,1.297247,1.268803,67.0,32.0,0.477612,0.477612,1.223635,0.0,1.0,-26.43,-27.24,-26.43,-5.286,0.4,0.6,0.336763,12.064887,12.63,1.263,0.4,0.6,1.278931,13.641798,41.77,2.0885,0.5,0.5,1.658833,11.014324,42.97,0.8594,0.48,0.52,1.34802,8.503842,0,1,0,0,-0.62,0.62,-62.0,6,0,2,1.18169,0,1,-0.62,0.0,0.0,1
147,2026-02-23T08:05:09,2026-02-23,1906710567,0,[sl 65887.09000],BTCUSDm,BUY,0.02,-3.912023005428146,1,147.0,147.0,274.71,1.868776,0.442177,1.507651,0.0,2.0,-1.82,-198.43,24.85,4.97,0.4,0.6,10.0,6.877753,22.47,2.247,0.6,0.4,2.140609,8.979891,47.45,2.3725,0.5,0.5,1.960138,10.465186,55.05,1.101,0.44,0.56,1.443415,9.353004,34.0,47.9,1.408824,0.529412,1.46924,2.0,0.0,0.0,-28.28,33.56,6.712,0.8,0.2,8.6621,6.649949,11.88,1.188,0.5,0.5,1.372531,8.6417,57.85,2.8925,0.55,0.45,1.868228,10.101342,47.9,1.408824,0.529412,0.470588,1.46924,8.715859,79.0,243.33,3.080127,0.417722,1.612259,0.0,1.0,-17.18,-198.43,26.82,5.364,0.6,0.4,10.0,6.596931,9.47,0.947,0.4,0.6,1.491183,7.379359,7.47,0.3735,0.35,0.65,1.141477,9.406605,108.45,2.169,0.38,0.62,1.841611,11.688067,0,1,0,1,-14.05,14.05,-702.5,8,0,2,65890.41,0,1,-14.05,0.0,0.0,1
148,2026-02-23T15:28:06,2026-02-23,1908685830,0,[tp 190.92000],NVDAm,SELL,0.01,-4.605170185988091,1,148.0,148.0,260.66,1.761216,0.439189,1.469497,0.0,3.0,-15.87,-198.43,11.25,2.25,0.4,0.6,1.743065,10.314159,7.41,0.741,0.5,0.5,1.219556,10.236045,26.83,1.3415,0.45,0.55,1.422719,11.002778,45.52,0.9104,0.44,0.56,1.340515,9.560413,5.0,-0.26,-0.052,0.4,0.934343,0.0,3.0,-3.96,-3.96,-0.26,-0.052,0.4,0.6,0.934343,1.71125,-0.26,-0.052,0.4,0.6,0.934343,1.71125,-0.26,-0.052,0.4,0.6,0.934343,1.71125,-0.26,-0.052,0.4,0.6,0.934343,1.71125,68.0,31.38,0.461471,0.470588,1.218356,0.0,2.0,-27.05,-27.24,-7.89,-1.578,0.4,0.6,0.629751,9.882762,12.48,1.248,0.4,0.6,1.274708,13.643778,22.84,1.142,0.45,0.55,1.356764,10.374459,45.37,0.9074,0.48,0.52,1.374742,8.488569,1,0,0,0,3.08,3.08,308.0,15,0,2,190.92,1,0,3.17,0.0,-0.09,1
149,2026-02-23T15:42:33,2026-02-23,1908841736,0,[tp 5185.40900],XAUUSDm,SELL,0.01,-4.605170185988091,1,149.0,149.0,263.74,1.770067,0.442953,1.475045,1.0,0.0,-12.79,-198.43,-1.21,-0.242,0.4,0.6,0.920079,8.061314,-2.31,-0.231,0.5,0.5,0.931556,9.478237,26.27,1.3135,0.45,0.55,1.413896,10.997604,47.16,0.9432,0.44,0.56,1.352783,9.564986,28.0,260.98,9.320714,0.571429,1.715621,0.0,1.0,-24.52,-193.87,19.97,3.994,0.6,0.4,1.535102,18.818348,41.85,4.185,0.6,0.4,1.793816,15.214637,124.48,6.224,0.6,0.4,2.015749,19.134861,260.98,9.320714,0.571429,0.428571,1.715621,45.096909,69.0,34.46,0.49942,0.478261,1.239788,1.0,0.0,-23.97,-27.24,-2.28,-0.456,0.6,0.4,0.878594,10.028371,-6.69,-0.669,0.4,0.6,0.85274,11.777309,17.99,0.8995,0.45,0.55,1.281006,10.269106,61.67,1.2334,0.5,0.5,1.571813,8.24938,1,0,1,0,44.76,44.76,4476.0,15,0,2,5185.409,1,0,44.76,0.0,0.0,1
150,2026-02-23T16:01:54,2026-02-23,1908989232,0,[sl 5181.44000],XAUUSDm,SELL,0.01,-4.605170185988091,1,150.0,150.0,308.5,2.056667,0.446667,1.555666,2.0,0.0,0.0,-198.43,32.7,6.54,0.4,0.6,3.159841,19.985464,41.83,4.183,0.5,0.5,2.239407,16.513636,71.5,3.575,0.5,0.5,2.134921,14.493233,93.56,1.8712,0.46,0.54,1.708573,11.353086,29.0,305.74,10.542759,0.586207,1.838356,1.0,0.0,0.0,-193.87,42.48,8.496,0.6,0.4,2.138264,24.486308,75.57,7.557,0.6,0.4,2.433422,19.494839,178.61,8.9305,0.65,0.35,2.578106,20.516099,305.74,10.542759,0.586207,0.413793,1.838356,44.781889,70.0,79.22,1.131714,0.485714,1.551249,2.0,0.0,0.0,-27.24,29.68,5.936,0.6,0.4,2.580405,20.819788,42.45,4.245,0.5,0.5,2.034105,17.876237,69.75,3.4875,0.5,0.5,2.223255,13.850049,97.72,1.9544,0.5,0.5,1.906073,10.213018,0,1,0,1,-13.51,13.51,-1351.0,16,0,2,5181.44,0,1,-13.51,0.0,0.0,1
151,2026-02-23T16:09:03,2026-02-23,1909049582,0,[sl 191.87000],NVDAm,SELL,0.01,-4.605170185988091,1,151.0,151.0,294.99,1.953576,0.443709,1.518709,0.0,1.0,-13.51,-198.43,19.66,3.932,0.4,0.6,1.697658,21.52184,46.48,4.648,0.5,0.5,2.597251,15.93321,35.74,1.787,0.45,0.55,1.467128,14.283345,81.03,1.6206,0.46,0.54,1.56049,11.549839,6.0,2.82,0.47,0.5,1.712121,1.0,0.0,-0.88,-3.96,2.05,0.41,0.4,0.6,1.517677,2.131122,2.82,0.47,0.5,0.5,1.712121,1.95006,2.82,0.47,0.5,0.5,1.712121,1.95006,2.82,0.47,0.5,0.5,1.712121,1.95006,71.0,65.71,0.925493,0.478873,1.417949,0.0,1.0,-13.51,-27.24,15.55,3.11,0.4,0.6,1.481573,22.258812,29.52,2.952,0.5,0.5,1.546869,18.630189,57.62,2.881,0.5,0.5,1.833261,14.30794,68.26,1.3652,0.48,0.52,1.562459,10.238359,0,1,0,0,-1.24,1.24,-124.0,16,0,2,191.87,0,1,-1.24,0.0,0.0,1
152,2026-02-23T16:52:41,2026-02-23,1909346164,0,[sl 1.17925],EURUSDm,SELL,0.01,-4.605170185988091,1,152.0,152.0,293.75,1.932566,0.440789,1.515405,0.0,2.0,-14.75,-198.43,19.04,3.808,0.4,0.6,1.661111,21.549477,43.89,4.389,0.4,0.6,2.446605,16.005602,38.88,1.944,0.45,0.55,1.529917,14.231859,80.73,1.6146,0.46,0.54,1.557258,11.551246,37.0,4.13,0.111622,0.486486,1.248795,0.0,1.0,-6.76,-6.76,-6.76,-1.352,0.2,0.8,0.084011,1.220416,-2.57,-0.257,0.4,0.6,0.704937,1.787904,0.02,0.001,0.45,0.55,1.001674,1.469105,4.13,0.111622,0.486486,0.513514,1.248795,1.257465,72.0,64.47,0.895417,0.472222,1.406853,0.0,2.0,-14.75,-27.24,32.47,6.494,0.4,0.6,3.112557,19.932516,6.04,0.604,0.4,0.6,1.109381,17.496441,64.78,3.239,0.5,0.5,2.045007,14.109396,66.54,1.3308,0.46,0.54,1.542741,10.244163,0,1,0,0,-1.39,1.39,-139.0,16,0,2,1.17925,0,1,-1.39,0.0,0.0,1
153,2026-02-23T17:04:19,2026-02-23,1909432642,0,[tp 65399.02000],BTCUSDm,BUY,0.02,-3.912023005428146,1,153.0,153.0,292.36,1.91085,0.437908,1.511718,0.0,3.0,-16.14,-198.43,31.7,6.34,0.4,0.6,2.964064,19.989776,42.95,4.295,0.4,0.6,2.373082,16.036475,38.07,1.9035,0.45,0.55,1.513211,14.240135,78.81,1.5762,0.44,0.56,1.538835,11.557977,35.0,33.85,0.967143,0.514286,1.291484,0.0,1.0,-14.05,-28.28,14.53,2.906,0.6,0.4,1.788388,10.740035,2.35,0.235,0.5,0.5,1.056736,9.681545,27.85,1.3925,0.5,0.5,1.345191,10.276897,33.85,0.967143,0.514286,0.485714,1.291484,8.968194,80.0,229.28,2.866,0.4125,1.557208,0.0,2.0,-31.23,-198.43,11.42,2.284,0.4,0.6,1.762859,10.304918,-2.95,-0.295,0.4,0.6,0.90694,8.645189,-8.02,-0.401,0.3,0.7,0.88003,9.911073,95.39,1.9078,0.38,0.62,1.672139,11.899757,1,0,1,0,13.1,13.1,655.0,17,0,2,65399.02,1,0,13.1,0.0,0.0,1
154,2026-02-23T20:39:57,2026-02-23,1910377796,0,[tp 1.17895],EURUSDm,BUY,0.01,-4.605170185988091,1,154.0,154.0,305.46,1.983506,0.441558,1.534647,1.0,0.0,-3.04,-198.43,41.72,8.344,0.4,0.6,3.584882,20.064624,40.51,4.051,0.4,0.6,2.295077,15.881335,28.93,1.4465,0.45,0.55,1.389997,13.717216,92.61,1.8522,0.46,0.54,1.636232,11.664604,38.0,2.74,0.072105,0.473684,1.152307,0.0,2.0,-8.15,-8.15,-6.52,-1.304,0.2,0.8,0.086835,1.213237,-5.4,-0.54,0.3,0.7,0.465347,1.719564,-0.45,-0.0225,0.45,0.55,0.963768,1.487296,2.74,0.072105,0.473684,0.526316,1.152307,1.263877,81.0,242.38,2.992346,0.419753,1.589044,1.0,0.0,-18.13,-198.43,24.97,4.994,0.6,0.4,2.719697,10.988606,10.82,1.082,0.5,0.5,1.348695,9.527418,6.72,0.336,0.35,0.65,1.103052,10.330696,108.8,2.176,0.4,0.6,1.768307,11.997467,1,0,0,0,0.78,0.78,78.0,20,0,2,1.17895,1,0,0.78,0.0,0.0,1
155,2026-02-24T01:00:06,2026-02-24,1910910916,2413468330,[sl 5233.801],XAUUSDm,SELL,0.01,-4.605170185988091,1,155.0,155.0,306.24,1.975742,0.445161,1.536012,2.0,0.0,-2.26,-198.43,-2.26,-0.452,0.4,0.6,0.859975,8.452061,30.44,3.044,0.4,0.6,1.973146,15.736901,48.87,2.4435,0.5,0.5,1.888222,12.8825,93.74,1.8748,0.48,0.52,1.645548,11.66141,30.0,292.23,9.741,0.566667,1.772686,0.0,1.0,-13.51,-193.87,6.73,1.346,0.4,0.6,1.132402,24.648125,43.75,4.375,0.5,0.5,1.660577,20.068452,144.3,7.215,0.6,0.4,2.139001,20.883053,292.23,9.741,0.566667,0.433333,1.772686,44.240389,73.0,63.08,0.86411,0.465753,1.39462,0.0,3.0,-16.14,-27.24,31.7,6.34,0.4,0.6,2.964064,19.989776,23.81,2.381,0.4,0.6,1.635781,16.257421,57.56,2.878,0.45,0.55,1.908173,14.130834,67.4,1.348,0.46,0.54,1.553639,10.238857,0,1,0,0,-9.77,9.77,-977.0,1,1,2,5233.801,0,1,-9.77,0.0,0.0,1
156,2026-02-24T02:00:06,2026-02-24,1911057285,2413661245,[sl 5208.439],XAUUSDm,SELL,0.01,-4.605170185988091,1,156.0,156.0,296.47,1.900449,0.442308,1.510188,0.0,1.0,-12.03,-198.43,1.48,0.296,0.4,0.6,1.119355,7.358029,21.14,2.114,0.4,0.6,1.520946,16.185494,41.7,2.085,0.5,0.5,1.670526,13.115522,57.44,1.1488,0.46,0.54,1.370628,11.225678,31.0,282.46,9.111613,0.548387,1.728046,0.0,2.0,-23.28,-193.87,16.12,3.224,0.4,0.6,1.388996,23.337032,26.05,2.605,0.4,0.6,1.342763,20.453708,144.96,7.248,0.6,0.4,2.150202,20.855648,282.46,9.111613,0.548387,0.451613,1.728046,43.657301,74.0,53.31,0.720405,0.459459,1.314291,0.0,4.0,-25.91,-27.24,18.85,3.77,0.2,0.8,1.727518,21.042033,16.57,1.657,0.4,0.6,1.370776,16.617234,49.13,2.4565,0.45,0.55,1.684167,14.373998,56.68,1.1336,0.44,0.56,1.430994,10.356508,0,1,0,1,-19.69,19.69,-1969.0,2,1,2,5208.324,0,1,-19.69,0.0,0.0,1
157,2026-02-24T02:16:30,2026-02-24,1911147353,0,[sl 66.04700],USOILm,SELL,0.01,-4.605170185988091,1,157.0,157.0,276.78,1.76293,0.43949,1.460693,0.0,2.0,-31.72,-198.43,-16.97,-3.394,0.4,0.6,0.449919,10.951743,2.07,0.207,0.4,0.6,1.034702,17.4679,24.54,1.227,0.5,0.5,1.309263,13.925638,38.23,0.7646,0.46,0.54,1.219473,11.597426,43.0,-38.04,-0.884651,0.255814,0.293068,0.0,2.0,-39.18,-44.06,0.86,0.172,0.4,0.6,1.573333,0.831202,3.5,0.35,0.5,0.5,2.057402,1.340597,0.64,0.032,0.4,0.6,1.079306,1.129573,-38.04,-0.884651,0.255814,0.744186,0.293068,1.902727,75.0,33.62,0.448267,0.453333,1.177592,0.0,5.0,-45.6,-45.6,-45.6,-9.12,0.0,1.0,0.0,7.117117,-15.92,-1.592,0.3,0.7,0.752718,17.283786,24.46,1.223,0.4,0.6,1.267322,15.142499,37.75,0.755,0.44,0.56,1.250931,10.757074,0,1,0,0,-2.28,2.28,-228.0,2,1,2,66.047,0,1,-2.28,0.0,0.0,1
158,2026-02-24T05:14:31,2026-02-24,1911514536,0,[tp 63000.79000],BTCUSDm,BUY,0.02,-3.912023005428146,1,158.0,158.0,274.5,1.737342,0.436709,1.455171,0.0,3.0,-34.0,-198.43,-17.86,-3.572,0.4,0.6,0.437303,10.924925,13.84,1.384,0.4,0.6,1.289056,16.853323,21.25,1.0625,0.45,0.55,1.260321,13.946645,36.38,0.7276,0.46,0.54,1.206658,11.604128,36.0,46.95,1.304167,0.527778,1.404288,1.0,0.0,-0.95,-28.28,21.06,4.212,0.6,0.4,2.142702,11.477859,24.31,2.431,0.6,0.4,1.746622,9.858438,25.02,1.251,0.5,0.5,1.310114,10.093608,46.95,1.304167,0.527778,0.472222,1.404288,9.064759,82.0,243.16,2.965366,0.426829,1.59094,2.0,0.0,-17.35,-198.43,10.21,2.042,0.6,0.4,1.703168,9.661423,25.06,2.506,0.6,0.4,2.426295,8.222291,8.48,0.424,0.4,0.6,1.132026,10.326607,110.79,2.2158,0.42,0.58,1.789103,11.989467,1,0,1,0,33.78,33.78,1689.0,5,1,2,63000.79,1,0,33.78,0.0,0.0,1
159,2026-02-24T06:00:45,2026-02-24,1911586053,0,[sl 66.71800],USOILm,SELL,0.01,-4.605170185988091,1,159.0,159.0,308.28,1.938868,0.440252,1.511184,1.0,0.0,-0.22,-198.43,2.82,0.564,0.4,0.6,1.088847,18.046904,44.54,4.454,0.4,0.6,1.930242,19.474908,42.23,2.1115,0.45,0.55,1.517334,15.493283,90.59,1.8118,0.48,0.52,1.582161,12.098621,44.0,-40.32,-0.916364,0.25,0.281155,0.0,3.0,-41.46,-44.06,-0.84,-0.168,0.4,0.6,0.7375,1.290215,0.83,0.083,0.4,0.6,1.148479,1.554812,-2.0,-0.1,0.35,0.65,0.806763,1.233045,-40.32,-0.916364,0.25,0.75,0.281155,1.892441,76.0,31.34,0.412368,0.447368,1.163578,0.0,6.0,-47.88,-47.88,-34.37,-6.874,0.0,1.0,0.0,7.149234,-18.82,-1.882,0.2,0.8,0.717672,17.268561,15.61,0.7805,0.35,0.65,1.166453,15.109053,39.3,0.786,0.44,0.56,1.263953,10.746044,0,1,0,0,-1.02,1.02,-102.0,6,1,2,66.718,0,1,-1.02,0.0,0.0,1
160,2026-02-24T06:41:03,2026-02-24,1911671159,0,[tp 66.77900],USOILm,SELL,0.01,-4.605170185988091,1,160.0,160.0,307.26,1.920375,0.4375,1.508633,0.0,1.0,-1.24,-198.43,1.02,0.204,0.2,0.8,1.031136,18.056955,-1.24,-0.124,0.3,0.7,0.974642,14.101527,40.59,2.0295,0.4,0.6,1.491107,15.505295,98.43,1.9686,0.48,0.52,1.666103,12.009774,45.0,-41.34,-0.918667,0.244444,0.276134,0.0,4.0,-42.48,-44.06,-2.87,-0.574,0.2,0.8,0.319905,1.169386,-0.61,-0.061,0.3,0.7,0.907716,1.583354,-2.14,-0.107,0.35,0.65,0.795996,1.237841,-41.34,-0.918667,0.244444,0.755556,0.276134,1.871358,77.0,30.32,0.393766,0.441558,1.157417,0.0,7.0,-48.9,-48.9,-34.15,-6.83,0.0,1.0,0.0,7.184364,-1.68,-0.168,0.2,0.8,0.966074,16.396414,10.95,0.5475,0.3,0.7,1.115506,15.099088,40.85,0.817,0.44,0.56,1.27725,10.738551,1,0,0,0,0.78,0.78,78.0,6,1,2,66.779,1,0,0.78,0.0,0.0,1
161,2026-02-24T06:54:22,2026-02-24,1911700837,2414566348,[sl 5179.484],XAUUSDm,BUY,0.01,-4.605170185988091,1,161.0,161.0,308.04,1.913292,0.440994,1.509924,1.0,0.0,-0.46,-198.43,11.57,2.314,0.4,0.6,1.503262,17.371579,13.05,1.305,0.4,0.6,1.368748,13.378126,59.53,2.9765,0.45,0.55,1.923089,14.805899,100.73,2.0146,0.5,0.5,1.688752,12.000726,32.0,262.77,8.211562,0.53125,1.644581,0.0,3.0,-42.97,-193.87,-16.37,-3.274,0.2,0.8,0.73221,24.270628,13.36,1.336,0.4,0.6,1.150637,21.382818,100.75,5.0375,0.55,0.45,1.691394,21.24708,262.77,8.211562,0.53125,0.46875,1.644581,43.26097,83.0,276.94,3.336627,0.433735,1.673034,3.0,0.0,0.0,-198.43,33.14,6.628,0.6,0.4,3.282369,16.070335,61.44,6.144,0.7,0.3,5.104208,12.22989,42.96,2.148,0.45,0.55,1.676216,12.618819,145.27,2.9054,0.44,0.56,2.039871,12.76823,0,1,0,1,-10.8,10.8,-1080.0,6,1,2,5179.484,0,1,-10.8,0.0,0.0,1
162,2026-02-24T07:12:32,2026-02-24,1911752650,0,[sl 66.71400],USOILm,SELL,0.01,-4.605170185988091,1,162.0,162.0,297.24,1.834815,0.438272,1.483404,0.0,1.0,-11.26,-198.43,20.46,4.092,0.4,0.6,2.451064,15.367845,3.49,0.349,0.4,0.6,1.077642,13.858777,47.38,2.369,0.4,0.6,1.6293,15.106386,88.55,1.771,0.48,0.52,1.563833,12.134014,46.0,-40.56,-0.881739,0.26087,0.289792,1.0,0.0,-41.7,-44.06,-3.44,-0.688,0.2,0.8,0.184834,0.990341,1.51,0.151,0.4,0.6,1.286528,1.539224,-1.52,-0.076,0.35,0.65,0.8551,1.251824,-40.56,-0.881739,0.26087,0.73913,0.289792,1.867408,78.0,31.1,0.398718,0.448718,1.161466,1.0,0.0,-48.12,-48.9,-31.98,-6.396,0.2,0.8,0.02381,7.555821,-0.28,-0.028,0.3,0.7,0.994274,16.397933,12.2,0.61,0.35,0.65,1.129333,15.097334,51.0,1.02,0.46,0.54,1.369646,10.63954,0,1,0,0,-0.64,0.64,-64.0,7,1,2,66.714,0,1,-0.64,0.0,0.0,1
163,2026-02-24T08:28:34,2026-02-24,1912014017,2414947469,[sl 5181.045],XAUUSDm,BUY,0.01,-4.605170185988091,1,163.0,163.0,296.6,1.819632,0.435583,1.481861,0.0,2.0,-11.9,-198.43,22.1,4.42,0.4,0.6,2.773676,15.245359,4.24,0.424,0.4,0.6,1.095928,13.851191,47.19,2.3595,0.4,0.6,1.625199,15.108215,87.52,1.7504,0.46,0.54,1.555013,12.137215,33.0,251.97,7.635455,0.515152,1.602136,0.0,4.0,-53.77,-193.87,-9.01,-1.802,0.2,0.8,0.832434,23.535211,10.96,1.096,0.4,0.6,1.120321,21.503874,70.91,3.5455,0.5,0.5,1.453041,21.25912,251.97,7.635455,0.515152,0.484848,1.602136,42.724933,84.0,266.14,3.168333,0.428571,1.630245,0.0,1.0,-10.8,-198.43,22.81,4.562,0.6,0.4,1.917907,17.454455,49.63,4.963,0.6,0.4,2.925883,13.200362,5.63,0.2815,0.4,0.6,1.075743,11.593499,132.21,2.6442,0.42,0.58,1.878472,12.911541,0,1,0,1,-11.79,11.79,-1179.0,8,1,2,5181.045,0,1,-11.79,0.0,0.0,1
164,2026-02-24T13:21:28,2026-02-24,1913175737,2416322169,[sl 190.02],NVDAm,SELL,0.01,-4.605170185988091,1,164.0,164.0,284.81,1.736646,0.432927,1.454011,0.0,3.0,-23.69,-198.43,-23.47,-4.694,0.2,0.8,0.032165,5.432022,-20.65,-2.065,0.3,0.7,0.631184,13.583462,19.86,0.993,0.35,0.65,1.22757,15.090228,75.31,1.5062,0.44,0.56,1.444359,12.283477,7.0,1.58,0.225714,0.428571,1.303846,0.0,1.0,-2.12,-3.96,-2.12,-0.424,0.2,0.8,0.592308,1.766506,1.58,0.225714,0.428571,0.571429,1.303846,1.901983,1.58,0.225714,0.428571,0.571429,1.303846,1.901983,1.58,0.225714,0.428571,0.571429,1.303846,1.901983,79.0,30.46,0.38557,0.443038,1.15762,0.0,1.0,-48.76,-48.9,-22.85,-4.57,0.2,0.8,0.033009,7.622708,-4.0,-0.4,0.2,0.8,0.919257,16.36537,-10.69,-0.5345,0.3,0.7,0.887438,14.257744,52.31,1.0462,0.46,0.54,1.382775,10.633805,0,1,0,0,-2.01,2.01,-201.0,13,1,2,189.61,0,1,-1.98,0.0,-0.03,1
165,2026-02-24T15:53:02,2026-02-24,1914295875,0,[sl 63821.18000],BTCUSDm,BUY,0.02,-3.912023005428146,1,165.0,165.0,282.8,1.713939,0.430303,1.449367,0.0,4.0,-25.7,-198.43,-24.46,-4.892,0.2,0.8,0.030903,5.311193,-23.44,-2.344,0.2,0.8,0.595862,13.550775,7.0,0.35,0.3,0.7,1.078405,14.929649,62.26,1.2452,0.42,0.58,1.363053,12.216591,37.0,80.73,2.181892,0.540541,1.695169,2.0,0.0,0.0,-28.28,59.22,11.844,0.8,0.2,5.214947,15.283411,58.76,5.876,0.7,0.3,2.842584,13.514257,43.94,2.197,0.5,0.5,1.544621,12.026327,80.73,2.181892,0.540541,0.459459,1.695169,10.377067,85.0,254.35,2.992353,0.423529,1.585965,0.0,2.0,-22.59,-198.43,25.07,5.014,0.6,0.4,2.109783,16.989702,36.49,3.649,0.5,0.5,1.971512,14.116795,-5.68,-0.284,0.4,0.6,0.933676,11.888923,119.83,2.3966,0.4,0.6,1.73837,13.066335,0,1,0,1,-17.03,17.03,-851.5,15,1,2,63821.18,0,1,-17.03,0.0,0.0,1
166,2026-02-25T00:03:09,2026-02-25,1916072624,0,[tp 65.98100],USOILm,BUY,0.01,-4.605170185988091,1,166.0,166.0,265.77,1.601024,0.427711,1.41118,0.0,5.0,-42.73,-198.43,-42.27,-8.454,0.0,1.0,0.0,6.209092,-30.7,-3.07,0.2,0.8,0.529574,14.112042,-9.56,-0.478,0.3,0.7,0.909675,15.403845,26.92,0.5384,0.4,0.6,1.142797,12.23115,47.0,-41.2,-0.876596,0.255319,0.28658,0.0,1.0,-42.34,-44.06,-3.63,-0.726,0.2,0.8,0.176871,0.984106,-2.77,-0.277,0.3,0.7,0.531303,1.01552,-1.86,-0.093,0.35,0.65,0.828255,1.257049,-41.2,-0.876596,0.255319,0.744681,0.28658,1.847765,86.0,237.32,2.759535,0.418605,1.526092,0.0,3.0,-39.62,-198.43,-5.06,-1.012,0.4,0.6,0.872287,18.342525,19.91,1.991,0.5,0.5,1.36775,15.414826,-22.28,-1.114,0.4,0.6,0.782081,12.436959,108.71,2.1742,0.4,0.6,1.626896,13.298403,1,0,0,0,0.68,0.68,68.0,0,2,2,65.981,1,0,0.68,0.0,0.0,1
167,2026-02-25T00:42:46,2026-02-25,1916149621,2419996600,[sl 5146.354],XAUUSDm,BUY,0.01,-4.605170185988091,1,167.0,167.0,266.45,1.595509,0.431138,1.412232,1.0,0.0,-42.05,-198.43,-30.79,-6.158,0.2,0.8,0.021608,6.990455,-10.33,-1.033,0.3,0.7,0.773316,12.991697,-8.26,-0.413,0.35,0.65,0.921498,15.405851,19.67,0.3934,0.4,0.6,1.104339,12.185553,34.0,240.18,7.064118,0.5,1.558234,0.0,5.0,-65.56,-193.87,-65.56,-13.112,0.0,1.0,0.0,3.512563,-23.08,-2.308,0.3,0.7,0.775661,20.559307,20.53,1.0265,0.45,0.55,1.121977,19.898689,240.18,7.064118,0.5,0.5,1.558234,42.2197,87.0,238.0,2.735632,0.425287,1.527599,1.0,0.0,-38.94,-198.43,-5.16,-1.032,0.4,0.6,0.869763,18.340614,5.05,0.505,0.5,0.5,1.093277,14.738487,-1.17,-0.0585,0.45,0.55,0.985699,11.621936,111.6,2.232,0.42,0.58,1.651869,13.285496,0,1,0,0,-9.94,9.94,-994.0,0,2,2,5146.354,0,1,-9.94,0.0,0.0,1
168,2026-02-25T01:01:45,2026-02-25,1916182929,0,[tp 65.95700],USOILm,BUY,0.01,-4.605170185988091,1,168.0,168.0,256.51,1.526845,0.428571,1.390843,0.0,1.0,-51.99,-198.43,-40.09,-8.018,0.2,0.8,0.016679,6.494451,-17.99,-1.799,0.3,0.7,0.662033,13.265572,-4.15,-0.2075,0.35,0.65,0.958956,15.249191,16.73,0.3346,0.4,0.6,1.087381,12.228106,48.0,-40.52,-0.844167,0.270833,0.298355,1.0,0.0,-41.66,-44.06,-2.48,-0.496,0.4,0.6,0.370558,1.139221,-1.62,-0.162,0.4,0.6,0.702206,1.051625,-0.73,-0.0365,0.4,0.6,0.929672,1.265102,-40.52,-0.844167,0.270833,0.729167,0.298355,1.841883,88.0,228.06,2.591591,0.420455,1.494664,0.0,1.0,-48.88,-198.43,-48.88,-9.776,0.2,0.8,0.013721,5.780659,-15.74,-1.574,0.4,0.6,0.75437,14.598241,-2.25,-0.1125,0.45,0.55,0.972856,11.665134,102.33,2.0466,0.42,0.58,1.567019,13.388979,1,0,0,0,0.32,0.32,32.0,1,2,2,65.957,1,0,0.32,0.0,0.0,1
169,2026-02-25T01:13:54,2026-02-25,1916205050,0,[sl 63947.38000],BTCUSDm,SELL,0.02,-3.912023005428146,1,169.0,169.0,256.83,1.519704,0.431953,1.39133,1.0,0.0,-51.67,-198.43,-27.98,-5.596,0.4,0.6,0.034507,6.882635,-51.45,-5.145,0.3,0.7,0.03344,6.216282,-6.91,-0.3455,0.35,0.65,0.931659,15.231294,13.5,0.27,0.4,0.6,1.070511,12.219477,38.0,63.7,1.676316,0.526316,1.478372,0.0,1.0,-17.03,-28.28,26.65,5.33,0.6,0.4,1.857465,18.845688,55.19,5.519,0.7,0.3,2.556402,14.056603,33.51,1.6755,0.5,0.5,1.367797,12.608533,63.7,1.676316,0.526316,0.473684,1.478372,10.691455,80.0,28.45,0.355625,0.4375,1.145703,0.0,2.0,-50.77,-50.77,-5.17,-1.034,0.2,0.8,0.131092,1.090974,-50.77,-5.077,0.1,0.9,0.015131,6.501357,-8.32,-0.416,0.3,0.7,0.910151,14.235121,49.14,0.9828,0.44,0.56,1.354366,10.642384,0,1,0,0,-4.5,4.5,-225.0,1,2,2,63947.12,0,1,-4.5,0.0,0.0,1
170,2026-02-25T01:38:16,2026-02-25,1916244929,2420152424,[sl 5153.447],XAUUSDm,BUY,0.01,-4.605170185988091,1,170.0,170.0,252.33,1.484294,0.429412,1.381855,0.0,1.0,-56.17,-198.43,-30.47,-6.094,0.4,0.6,0.031776,6.69261,-54.93,-5.493,0.3,0.7,0.031388,6.071334,-56.17,-2.8085,0.3,0.7,0.468137,11.183185,10.63,0.2126,0.4,0.6,1.054701,12.234999,35.0,230.24,6.578286,0.485714,1.523047,0.0,6.0,-75.5,-193.87,-61.99,-12.398,0.0,1.0,0.0,3.716038,-55.26,-5.526,0.2,0.8,0.510193,18.918084,-12.39,-0.6195,0.4,0.6,0.930491,19.369149,230.24,6.578286,0.485714,0.514286,1.523047,41.708507,89.0,228.38,2.566067,0.426966,1.495358,1.0,0.0,-48.56,-198.43,-37.76,-7.552,0.4,0.6,0.0258,6.974667,-14.95,-1.495,0.5,0.5,0.764974,14.606137,-5.48,-0.274,0.45,0.55,0.933888,11.635632,86.72,1.7344,0.42,0.58,1.480523,13.242807,0,1,0,1,-13.15,13.15,-1315.0,1,2,2,5153.447,0,1,-13.15,0.0,0.0,1
171,2026-02-25T01:55:55,2026-02-25,1916272510,0,[sl 64335.64000],BTCUSDm,BUY,0.02,-3.912023005428146,1,171.0,171.0,239.18,1.398713,0.426901,1.354893,0.0,2.0,-69.32,-198.43,-26.59,-5.318,0.4,0.6,0.036245,5.497914,-68.86,-6.886,0.2,0.8,0.014314,6.070302,-55.81,-2.7905,0.3,0.7,0.469739,11.166222,-1.85,-0.037,0.4,0.6,0.991055,12.376934,39.0,59.2,1.517949,0.512821,1.430045,0.0,2.0,-21.53,-28.28,11.3,2.26,0.4,0.6,1.317594,18.946418,44.86,4.486,0.6,0.4,2.122623,14.371825,38.88,1.944,0.5,0.5,1.453464,12.415511,59.2,1.517949,0.512821,0.487179,1.430045,10.598551,90.0,215.23,2.391444,0.422222,1.45389,0.0,1.0,-61.71,-198.43,-39.12,-7.824,0.4,0.6,0.024925,7.158728,-14.05,-1.405,0.5,0.5,0.775953,14.531079,-17.0,-0.85,0.45,0.55,0.819934,11.968868,58.71,1.1742,0.4,0.6,1.303223,13.268134,0,1,0,0,-7.33,7.33,-366.5,1,2,2,64335.64,0,1,-7.33,0.0,0.0,1
172,2026-02-25T18:07:48,2026-02-25,1919793332,0,[sl 1.18099],EURUSDm,BUY,0.01,-4.605170185988091,1,172.0,172.0,231.85,1.347965,0.424419,1.340315,0.0,3.0,-76.65,-198.43,-34.6,-6.92,0.2,0.8,0.009164,4.612492,-65.39,-6.539,0.2,0.8,0.015063,5.934301,-61.9,-3.095,0.3,0.7,0.444045,11.202766,-7.8,-0.156,0.4,0.6,0.963339,12.41781,39.0,3.52,0.090256,0.487179,1.195664,1.0,0.0,-7.37,-8.15,-3.14,-0.628,0.4,0.6,0.30837,1.244048,-3.64,-0.364,0.4,0.6,0.600877,1.755222,-0.15,-0.0075,0.45,0.55,0.987923,1.493787,3.52,0.090256,0.487179,0.512821,1.195664,1.252576,91.0,207.9,2.284615,0.417582,1.431758,0.0,2.0,-69.04,-198.43,-29.42,-5.884,0.4,0.6,0.032873,5.530145,-34.48,-3.448,0.4,0.6,0.50771,13.764064,-23.66,-1.183,0.45,0.55,0.765905,12.051589,52.11,1.0422,0.4,0.6,1.260264,13.319155,0,1,0,0,-2.37,2.37,-237.0,18,2,2,1.18099,0,1,-2.37,0.0,0.0,1
173,2026-02-26T01:22:32,2026-02-26,1920981087,0,[sl 65.70300],USOILm,BUY,0.01,-4.605170185988091,1,173.0,173.0,229.48,1.326474,0.421965,1.335669,0.0,4.0,-79.02,-198.43,-27.03,-5.406,0.2,0.8,0.0117,4.615117,-67.12,-6.712,0.2,0.8,0.01468,5.783099,-62.88,-3.144,0.3,0.7,0.440171,11.197343,3.29,0.0658,0.4,0.6,1.016314,12.276438,49.0,-40.2,-0.820408,0.285714,0.303896,2.0,0.0,-41.34,-44.06,0.12,0.024,0.6,0.4,1.072289,0.723923,-0.72,-0.072,0.5,0.5,0.851852,1.050512,0.29,0.0145,0.45,0.55,1.029959,1.257865,-40.2,-0.820408,0.285714,0.714286,0.303896,1.830408,92.0,205.53,2.234022,0.413043,1.424745,0.0,3.0,-71.41,-198.43,-32.47,-6.494,0.2,0.8,0.009759,4.905387,-37.63,-3.763,0.3,0.7,0.48032,13.699593,-12.57,-0.6285,0.45,0.55,0.860302,11.724655,56.34,1.1268,0.4,0.6,1.287464,13.283731,0,1,0,0,-0.76,0.76,-76.0,1,3,2,65.703,0,1,-0.76,0.0,0.0,1
174,2026-02-26T01:24:29,2026-02-26,1920987996,2426105274,[sl 5182.600],XAUUSDm,BUY,0.01,-4.605170185988091,1,174.0,174.0,228.72,1.314483,0.41954,1.334186,0.0,5.0,-79.78,-198.43,-28.11,-5.622,0.0,1.0,0.0,4.360309,-56.09,-5.609,0.2,0.8,0.017516,5.761219,-76.74,-3.837,0.25,0.75,0.321365,10.582581,10.93,0.2186,0.4,0.6,1.056331,12.217521,36.0,217.09,6.030278,0.472222,1.478868,0.0,7.0,-88.65,-193.87,-65.37,-13.074,0.0,1.0,0.0,3.476174,-49.25,-4.925,0.2,0.8,0.538901,18.567623,4.06,0.203,0.4,0.6,1.025093,18.448431,217.09,6.030278,0.472222,0.527778,1.478868,41.252737,93.0,204.77,2.201828,0.408602,1.422511,0.0,4.0,-72.17,-198.43,-23.29,-4.658,0.2,0.8,0.013554,4.989258,-72.17,-7.217,0.2,0.8,0.013667,5.975185,-10.73,-0.5365,0.45,0.55,0.878262,11.71604,65.45,1.309,0.4,0.6,1.350225,13.193822,0,1,0,1,-13.75,13.75,-1375.0,1,3,2,5182.6,0,1,-13.75,0.0,0.0,1
175,2026-02-26T01:41:09,2026-02-26,1921025875,0,[sl 68009.12000],BTCUSDm,SELL,0.02,-3.912023005428146,1,175.0,175.0,214.97,1.2284,0.417143,1.307909,0.0,6.0,-93.53,-198.43,-37.36,-7.472,0.0,1.0,0.0,5.343304,-67.83,-6.783,0.2,0.8,0.014529,6.094726,-91.27,-4.5635,0.2,0.8,0.280375,10.738285,-8.65,-0.173,0.38,0.62,0.958369,12.344519,40.0,51.87,1.29675,0.5,1.357749,0.0,3.0,-28.86,-28.86,18.02,3.604,0.4,0.6,1.624394,17.954131,32.55,3.255,0.5,0.5,1.688306,14.797682,20.23,1.0115,0.45,0.55,1.217363,12.376601,51.87,1.29675,0.5,0.5,1.357749,10.556007,81.0,23.95,0.295679,0.432099,1.119894,0.0,3.0,-55.27,-55.27,-7.39,-1.478,0.2,0.8,0.095471,1.756478,-41.76,-4.176,0.1,0.9,0.018336,5.86324,-12.24,-0.612,0.3,0.7,0.873187,14.262989,45.21,0.9042,0.44,0.56,1.317041,10.668044,0,1,0,0,-9.59,9.59,-479.5,1,3,2,68009.12,0,1,-9.59,0.0,0.0,1
176,2026-02-26T02:17:52,2026-02-26,1921088868,0,[tp 1.18211],EURUSDm,SELL,0.01,-4.605170185988091,1,176.0,176.0,205.38,1.166932,0.414773,1.290187,0.0,7.0,-103.12,-198.43,-33.8,-6.76,0.0,1.0,0.0,4.7427,-60.39,-6.039,0.2,0.8,0.016289,5.18459,-91.09,-4.5545,0.2,0.8,0.280774,10.733992,-16.9,-0.338,0.38,0.62,0.92177,12.413955,40.0,1.15,0.02875,0.475,1.056483,0.0,1.0,-9.74,-9.74,-2.98,-0.596,0.4,0.6,0.319635,1.195836,-6.54,-0.654,0.3,0.7,0.430809,1.821863,-3.47,-0.1735,0.4,0.6,0.765382,1.561113,1.15,0.02875,0.475,0.525,1.056483,1.295091,82.0,14.36,0.175122,0.426829,1.068593,0.0,4.0,-64.86,-64.86,-15.96,-3.192,0.2,0.8,0.046595,3.642304,-50.11,-5.011,0.1,0.9,0.015327,5.979088,-44.07,-2.2035,0.25,0.75,0.584676,13.372342,36.19,0.7238,0.44,0.56,1.238689,10.767252,1,0,0,0,0.92,0.92,92.0,2,3,2,1.18211,1,0,0.92,0.0,0.0,1
177,2026-03-03T19:02:20,2026-03-03,1945591820,2455425783,[sl 74.620],USOILm,SELL,0.01,-4.605170185988091,1,177.0,177.0,206.3,1.165537,0.418079,1.291487,1.0,0.0,-102.2,-198.43,-25.55,-5.11,0.2,0.8,0.034756,5.612682,-60.15,-6.015,0.2,0.8,0.020199,5.216097,-70.48,-3.524,0.25,0.75,0.341062,10.207889,-20.96,-0.4192,0.38,0.62,0.902976,12.392164,50.0,-40.96,-0.8192,0.28,0.299949,0.0,1.0,-42.1,-44.06,0.38,0.076,0.6,0.4,1.271429,0.65292,-2.49,-0.249,0.4,0.6,0.55694,1.001254,0.01,0.0005,0.45,0.55,1.001004,1.26483,-40.96,-0.8192,0.28,0.72,0.299949,1.812031,83.0,15.28,0.184096,0.433735,1.072988,1.0,0.0,-63.94,-64.86,-15.82,-3.164,0.2,0.8,0.054958,3.673138,-47.8,-4.78,0.2,0.8,0.034343,6.156512,-23.99,-1.1995,0.3,0.7,0.724094,12.803249,25.79,0.5158,0.44,0.56,1.170096,10.660471,0,1,0,0,-7.69,7.69,-769.0,19,1,3,74.62,0,1,-7.69,0.0,0.0,1
178,2026-03-03T19:29:25,2026-03-03,1945731024,0,[sl 5117.54500],XAUUSDm,BUY,0.01,-4.605170185988091,1,178.0,178.0,198.61,1.115787,0.41573,1.277605,0.0,1.0,-109.89,-198.43,-30.87,-6.174,0.2,0.8,0.02894,5.49544,-57.9,-5.79,0.2,0.8,0.020967,5.088913,-75.89,-3.7945,0.25,0.75,0.324642,10.24296,-35.22,-0.7044,0.36,0.64,0.842571,12.392122,37.0,203.34,5.495676,0.459459,1.435334,0.0,8.0,-102.4,-193.87,-59.43,-11.886,0.0,1.0,0.0,1.417584,-75.8,-7.58,0.1,0.9,0.371267,17.722249,-36.22,-1.811,0.35,0.65,0.793677,17.6456,203.34,5.495676,0.459459,0.540541,1.435334,40.817677,94.0,191.02,2.032128,0.404255,1.383266,0.0,5.0,-85.92,-198.43,-37.36,-7.472,0.0,1.0,0.0,5.343304,-75.12,-7.512,0.2,0.8,0.013137,6.212893,-25.49,-1.2745,0.4,0.6,0.749828,12.055339,50.61,1.0122,0.38,0.62,1.252255,13.361263,0,1,0,1,-31.36,31.36,-3136.0,19,1,3,5117.545,0,1,-31.36,0.0,0.0,1
179,2026-03-04T04:22:02,2026-03-04,1947221671,0,[sl 5165.07700],XAUUSDm,BUY,0.01,-4.605170185988091,1,179.0,179.0,167.25,0.934358,0.413408,1.223956,0.0,2.0,-141.25,-198.43,-61.47,-12.294,0.2,0.8,0.014746,10.665369,-89.58,-8.958,0.1,0.9,0.010166,8.803982,-141.03,-7.0515,0.2,0.8,0.018785,7.855627,-70.22,-1.4044,0.34,0.66,0.724714,13.095516,38.0,171.98,4.525789,0.447368,1.34503,0.0,9.0,-133.76,-193.87,-79.99,-15.998,0.0,1.0,0.0,7.79182,-89.0,-8.9,0.1,0.9,0.334629,18.912718,-47.15,-2.3575,0.35,0.65,0.747158,18.368243,171.98,4.525789,0.447368,0.552632,1.34503,40.706801,95.0,159.66,1.680632,0.4,1.301382,0.0,6.0,-117.28,-198.43,-55.57,-11.114,0.0,1.0,0.0,11.089008,-94.69,-9.469,0.2,0.8,0.01045,9.47696,-58.2,-2.91,0.35,0.65,0.563227,13.695576,19.69,0.3938,0.38,0.62,1.085036,14.108789,0,1,0,1,-20.63,20.63,-2063.0,4,2,3,5165.077,0,1,-20.63,0.0,0.0,1
180,2026-03-04T07:06:21,2026-03-04,1947591298,0,[tp 5131.24100],XAUUSDm,BUY,0.01,-4.605170185988091,1,180.0,180.0,146.62,0.814556,0.411111,1.191053,0.0,3.0,-161.88,-198.43,-68.35,-13.67,0.2,0.8,0.013281,11.195111,-105.71,-10.571,0.1,0.9,0.008628,9.30293,-160.64,-8.032,0.2,0.8,0.01653,8.255261,-90.38,-1.8076,0.34,0.66,0.671632,13.368058,39.0,151.35,3.880769,0.435897,1.291574,0.0,10.0,-154.39,-193.87,-88.83,-17.766,0.0,1.0,0.0,7.637818,-154.39,-15.439,0.0,1.0,0.0,6.383738,-78.82,-3.941,0.3,0.7,0.619429,18.509577,151.35,3.880769,0.435897,0.564103,1.291574,40.377782,96.0,139.03,1.448229,0.395833,1.252603,0.0,7.0,-137.91,-198.43,-68.87,-13.774,0.0,1.0,0.0,11.451534,-98.29,-9.829,0.2,0.8,0.010072,9.819526,-78.38,-3.919,0.35,0.65,0.489148,14.210843,-21.74,-0.4348,0.36,0.64,0.913792,14.102592,1,0,1,0,22.53,22.53,2253.0,7,2,3,5131.241,1,0,22.53,0.0,0.0,1
181,2026-03-04T07:22:50,2026-03-04,1947656334,0,[tp 75.70000],USOILm,SELL,0.01,-4.605170185988091,1,181.0,181.0,169.15,0.93453,0.414365,1.220411,1.0,0.0,-139.35,-198.43,-36.23,-7.246,0.4,0.6,0.392929,18.515439,-70.03,-7.003,0.2,0.8,0.250856,13.517262,-138.89,-6.9445,0.2,0.8,0.149688,10.477876,-90.1,-1.802,0.34,0.66,0.672649,13.37819,51.0,-48.65,-0.953922,0.27451,0.265106,0.0,2.0,-49.79,-49.79,-8.09,-1.618,0.4,0.6,0.110011,3.0854,-11.53,-1.153,0.3,0.7,0.133734,2.338046,-7.25,-0.3625,0.45,0.55,0.578978,2.101416,-46.89,-0.9378,0.28,0.72,0.272346,2.048376,84.0,7.59,0.090357,0.428571,1.034971,0.0,1.0,-71.63,-71.63,-22.87,-4.574,0.2,0.8,0.038672,3.785058,-45.72,-4.572,0.2,0.8,0.03585,6.017988,-29.15,-1.4575,0.3,0.7,0.683531,12.879225,29.33,0.5866,0.44,0.56,1.198069,10.593774,1,0,1,0,13.6,13.6,1360.0,7,2,3,75.7,1,0,13.6,0.0,0.0,1
182,2026-03-04T07:30:42,2026-03-04,1947686143,0,[sl 75.66100],USOILm,SELL,0.01,-4.605170185988091,1,182.0,182.0,182.75,1.004121,0.417582,1.238132,2.0,0.0,-125.75,-198.43,-23.55,-4.71,0.4,0.6,0.605395,20.247583,-49.1,-4.91,0.3,0.7,0.430064,14.858445,-114.49,-5.7245,0.25,0.75,0.249443,11.342754,-72.12,-1.4424,0.36,0.64,0.733737,13.544673,52.0,-35.05,-0.674038,0.288462,0.470544,1.0,0.0,-36.19,-49.79,6.15,1.23,0.6,0.4,1.727811,6.894549,2.52,0.252,0.4,0.6,1.195956,5.020768,7.87,0.3935,0.5,0.5,1.501274,3.677634,-36.19,-0.7238,0.28,0.72,0.438392,2.842961,85.0,21.19,0.249294,0.435294,1.097632,1.0,0.0,-58.03,-71.63,-7.26,-1.452,0.4,0.6,0.666667,8.326092,-12.43,-1.243,0.3,0.7,0.551749,5.941439,-28.35,-1.4175,0.3,0.7,0.692216,12.924606,42.57,0.8514,0.44,0.56,1.28748,10.749134,0,1,0,0,-1.84,1.84,-184.0,7,2,3,75.661,0,1,-1.84,0.0,0.0,1
183,2026-03-04T08:24:57,2026-03-04,1947897210,2457980332,[sl 75.907],USOILm,SELL,0.01,-4.605170185988091,1,183.0,183.0,180.91,0.988579,0.415301,1.235171,0.0,1.0,-127.59,-198.43,-17.7,-3.54,0.4,0.6,0.671187,20.210567,-48.57,-4.857,0.3,0.7,0.432726,14.868353,-115.69,-5.7845,0.25,0.75,0.247496,11.318849,-73.38,-1.4676,0.36,0.64,0.73034,13.544217,53.0,-36.89,-0.696038,0.283019,0.457819,0.0,1.0,-38.03,-49.79,3.63,0.726,0.4,0.6,1.35277,7.007515,1.15,0.115,0.4,0.6,1.080815,5.05716,4.65,0.2325,0.45,0.55,1.265108,3.701329,-36.36,-0.7272,0.28,0.72,0.437239,2.844192,86.0,19.35,0.225,0.430233,1.088405,0.0,1.0,-59.87,-71.63,-4.6,-0.92,0.4,0.6,0.759414,8.198344,-11.99,-1.199,0.3,0.7,0.560645,5.935223,-30.81,-1.5405,0.25,0.75,0.67206,12.916333,41.61,0.8322,0.44,0.56,1.279187,10.753066,0,1,0,0,-1.77,1.77,-177.0,8,2,3,75.907,0,1,-1.77,0.0,0.0,1
184,2026-03-04T09:28:35,2026-03-04,1948188956,0,[tp 75.90400],USOILm,SELL,0.01,-4.605170185988091,1,184.0,184.0,179.14,0.973587,0.413043,1.232336,0.0,2.0,-129.36,-198.43,11.89,2.378,0.4,0.6,1.490512,14.808119,-49.58,-4.958,0.3,0.7,0.427681,14.843589,-105.67,-5.2835,0.25,0.75,0.264751,11.263563,-97.39,-1.9478,0.34,0.66,0.644419,13.113964,54.0,-38.66,-0.715926,0.277778,0.446211,0.0,2.0,-39.8,-49.79,1.54,0.308,0.2,0.8,1.127695,7.081213,1.66,0.166,0.4,0.6,1.120991,5.035274,2.49,0.1245,0.4,0.6,1.128949,3.726585,-36.64,-0.7328,0.28,0.72,0.435352,2.845963,87.0,17.58,0.202069,0.425287,1.079674,0.0,2.0,-61.64,-71.63,3.22,0.644,0.4,0.6,1.284956,7.062398,-12.74,-1.274,0.3,0.7,0.545649,5.937225,-14.42,-0.721,0.25,0.75,0.814079,12.343108,39.68,0.7936,0.42,0.58,1.263113,10.758872,1,0,0,0,3.56,3.56,356.0,9,2,3,75.904,1,0,3.56,0.0,0.0,1
185,2026-03-04T09:46:09,2026-03-04,1948269118,0,[tp 70176.48000],BTCUSDm,SELL,0.02,-3.912023005428146,1,185.0,185.0,182.7,0.987568,0.416216,1.236953,1.0,0.0,-125.8,-198.43,36.08,7.216,0.6,0.4,10.0,9.501576,-32.27,-3.227,0.4,0.6,0.557217,14.726217,-100.1,-5.005,0.3,0.7,0.293628,11.408982,-74.67,-1.4934,0.36,0.64,0.706866,12.901592,41.0,42.28,1.03122,0.487805,1.273515,0.0,4.0,-38.45,-38.45,-4.67,-0.934,0.2,0.8,0.878544,17.847658,16.39,1.639,0.4,0.6,1.28815,15.223679,21.87,1.0935,0.45,0.55,1.239199,12.300423,42.28,1.03122,0.487805,0.512195,1.273515,10.56086,88.0,21.14,0.240227,0.431818,1.095808,1.0,0.0,-58.08,-71.63,5.86,1.172,0.4,0.6,1.518584,7.161289,-9.96,-0.996,0.3,0.7,0.644793,6.09001,-10.24,-0.512,0.3,0.7,0.866909,12.378387,34.82,0.6964,0.42,0.58,1.230887,10.711382,1,0,1,0,39.19,39.19,1959.5,9,2,3,70176.48,1,0,39.19,0.0,0.0,1
186,2026-03-04T10:34:52,2026-03-04,1948517998,0,[tp 71524.12000],BTCUSDm,SELL,0.02,-3.912023005428146,1,186.0,186.0,221.89,1.192957,0.419355,1.28778,2.0,0.0,-86.61,-198.43,52.74,10.548,0.6,0.4,10.0,15.386401,16.51,1.651,0.5,0.5,1.260863,19.207759,-43.88,-2.194,0.35,0.65,0.648059,14.583999,-32.88,-0.6576,0.38,0.62,0.869591,14.100738,42.0,81.47,1.939762,0.5,1.527041,1.0,0.0,0.0,-38.45,0.74,0.148,0.2,0.8,1.019246,19.958529,59.96,5.996,0.5,0.5,2.142095,18.712613,52.64,2.632,0.45,0.55,1.575741,14.792454,81.47,1.939762,0.5,0.5,1.527041,11.946533,89.0,60.33,0.677865,0.438202,1.273419,2.0,0.0,-18.89,-71.63,52.74,10.548,0.6,0.4,10.0,15.386401,29.87,2.987,0.4,0.6,2.090146,13.516757,25.87,1.2935,0.3,0.7,1.336236,15.104038,81.05,1.621,0.44,0.56,1.563748,11.929665,1,0,1,0,18.25,18.25,912.5,10,2,3,71524.12,1,0,18.25,0.0,0.0,1
187,2026-03-04T12:00:28,2026-03-04,1948925227,0,[sl 181.52000],NVDAm,BUY,0.01,-4.605170185988091,1,187.0,187.0,240.14,1.284171,0.42246,1.311449,3.0,0.0,-68.36,-198.43,57.39,11.478,0.6,0.4,10.0,15.680486,33.84,3.384,0.5,0.5,1.534682,19.83517,-26.31,-1.3155,0.35,0.65,0.78898,15.244872,-12.1,-0.242,0.4,0.6,0.951522,14.343567,8.0,-0.43,-0.05375,0.375,0.940361,0.0,2.0,-4.13,-4.13,-2.49,-0.498,0.2,0.8,0.552962,1.82275,-0.43,-0.05375,0.375,0.625,0.940361,1.926668,-0.43,-0.05375,0.375,0.625,0.940361,1.926668,-0.43,-0.05375,0.375,0.625,0.940361,1.926668,97.0,161.56,1.665567,0.402062,1.293537,1.0,0.0,-115.38,-198.43,-43.97,-8.794,0.2,0.8,0.338797,18.545163,-76.44,-7.644,0.2,0.8,0.230134,13.613062,-71.39,-3.5695,0.35,0.65,0.534706,14.760446,11.22,0.2244,0.38,0.62,1.046412,14.387429,0,1,0,0,-2.85,2.85,-285.0,12,2,3,183.26,0,1,-2.81,0.0,-0.04,1
188,2026-03-04T12:24:29,2026-03-04,1949010443,0,[sl 1.16523],EURUSDm,BUY,0.01,-4.605170185988091,1,188.0,188.0,237.29,1.262181,0.420213,1.30662,0.0,1.0,-71.21,-198.43,56.38,11.276,0.6,0.4,10.0,15.856271,38.68,3.868,0.5,0.5,1.661762,19.616897,-19.22,-0.961,0.35,0.65,0.836551,15.122139,-15.96,-0.3192,0.38,0.62,0.93678,14.347008,41.0,2.07,0.050488,0.487805,1.10167,1.0,0.0,-8.82,-9.74,-2.68,-0.536,0.4,0.6,0.388128,1.261088,-5.27,-0.527,0.4,0.6,0.52693,1.881904,-1.79,-0.0895,0.45,0.55,0.872416,1.572452,2.07,0.050488,0.487805,0.512195,1.10167,1.286567,98.0,158.71,1.61949,0.397959,1.286874,0.0,1.0,-118.23,-198.43,-46.06,-9.212,0.2,0.8,0.328474,18.382207,-69.35,-6.935,0.2,0.8,0.247831,13.65957,-85.09,-4.2545,0.3,0.7,0.455529,14.388583,8.88,0.1776,0.38,0.62,1.03638,14.393547,0,1,0,0,-5.07,5.07,-507.0,12,2,3,1.16523,0,1,-5.07,0.0,0.0,1
189,2026-03-04T13:17:22,2026-03-04,1949212607,0,[sl 70796.61000],BTCUSDm,SELL,0.02,-3.912023005428146,1,189.0,189.0,232.22,1.228677,0.417989,1.298115,0.0,2.0,-76.28,-198.43,53.08,10.616,0.6,0.4,7.70202,16.443371,64.97,6.497,0.5,0.5,3.020211,16.180191,-24.61,-1.2305,0.3,0.7,0.799364,15.14492,-33.83,-0.6766,0.36,0.64,0.868632,14.237908,43.0,99.72,2.31907,0.511628,1.645103,2.0,0.0,0.0,-38.45,36.02,7.204,0.4,0.6,2.681606,18.843447,62.67,6.267,0.5,0.5,2.193714,18.867848,77.93,3.8965,0.5,0.5,1.923451,14.991213,99.72,2.31907,0.511628,0.488372,1.645103,12.059989,90.0,78.58,0.873111,0.444444,1.35613,3.0,0.0,-0.64,-71.63,57.39,11.478,0.6,0.4,10.0,15.680486,50.13,5.013,0.5,0.5,2.974399,14.120799,-0.64,-0.032,0.3,0.7,0.991682,12.094806,100.24,2.0048,0.46,0.54,1.701813,12.147795,0,1,0,1,-14.02,14.02,-701.0,13,2,3,70796.61,0,1,-14.02,0.0,0.0,1
190,2026-03-04T15:07:05,2026-03-04,1949876094,0,[tp 71695.17000],BTCUSDm,SELL,0.02,-3.912023005428146,1,190.0,190.0,218.2,1.148421,0.415789,1.275165,0.0,3.0,-90.3,-198.43,35.5,7.1,0.4,0.6,2.618049,19.221115,71.58,7.158,0.5,0.5,3.801566,15.161431,-34.13,-1.7065,0.3,0.7,0.741791,15.387856,-48.47,-0.9694,0.34,0.66,0.8215,14.358259,44.0,85.7,1.947727,0.5,1.508304,0.0,1.0,-14.02,-38.45,26.5,5.3,0.4,0.6,1.856496,20.350558,37.8,3.78,0.4,0.6,1.56825,19.719695,49.68,2.484,0.45,0.55,1.504827,15.279146,85.7,1.947727,0.5,0.5,1.508304,12.16829,91.0,64.56,0.709451,0.43956,1.27511,0.0,1.0,-14.66,-71.63,45.21,9.042,0.6,0.4,3.863205,18.289323,40.61,4.061,0.5,0.5,2.163277,15.022199,-1.15,-0.0575,0.3,0.7,0.985152,12.123698,85.69,1.7138,0.44,0.56,1.546318,12.352191,1,0,1,0,11.17,11.17,558.5,15,2,3,71695.17,1,0,11.17,0.0,0.0,1
191,2026-03-04T15:30:55,2026-03-04,1950035825,0,[tp 72087.29000],BTCUSDm,SELL,0.02,-3.912023005428146,1,191.0,191.0,229.37,1.20089,0.418848,1.289251,1.0,0.0,-79.13,-198.43,7.48,1.496,0.4,0.6,1.34093,11.636401,60.22,6.022,0.5,0.5,3.356947,14.372135,-9.81,-0.4905,0.35,0.65,0.917584,15.396427,-19.14,-0.3828,0.36,0.64,0.924461,14.242629,45.0,96.87,2.152667,0.511111,1.574555,1.0,0.0,-2.85,-38.45,45.0,9.0,0.6,0.4,2.905972,19.376357,63.02,6.302,0.5,0.5,2.201067,18.872631,65.37,3.2685,0.5,0.5,1.69624,15.302169,96.87,2.152667,0.511111,0.488889,1.574555,12.108877,92.0,75.73,0.823152,0.445652,1.322708,1.0,0.0,-3.49,-71.63,58.15,11.63,0.8,0.2,5.147646,17.47362,61.37,6.137,0.6,0.4,3.423776,14.414419,11.26,0.563,0.35,0.65,1.14775,12.362522,97.21,1.9442,0.46,0.54,1.62115,12.418806,1,0,1,0,10.24,10.24,512.0,15,2,3,72087.29,1,0,10.24,0.0,0.0,1
192,2026-03-04T15:35:46,2026-03-04,1950090458,0,[sl 1.16238],EURUSDm,SELL,0.01,-4.605170185988091,1,192.0,192.0,239.61,1.247969,0.421875,1.302164,2.0,0.0,-68.89,-198.43,-0.53,-0.106,0.4,0.6,0.975843,9.591226,56.86,5.686,0.5,0.5,3.22544,14.229614,7.76,0.388,0.4,0.6,1.069472,15.482133,-10.25,-0.205,0.36,0.64,0.959547,14.318439,42.0,-3.0,-0.071429,0.47619,0.882029,0.0,1.0,-13.89,-13.89,-7.13,-1.426,0.4,0.6,0.192525,2.21546,-13.89,-1.389,0.3,0.7,0.143122,1.788913,-8.02,-0.401,0.4,0.6,0.580105,1.880898,-3.0,-0.071429,0.47619,0.52381,0.882029,1.491727,93.0,85.97,0.924409,0.451613,1.366344,2.0,0.0,0.0,-71.63,64.83,12.966,0.8,0.2,5.624108,17.055906,70.69,7.069,0.6,0.4,3.791864,14.348122,22.89,1.1445,0.4,0.6,1.305934,12.529378,108.97,2.1794,0.48,0.52,1.703123,12.462256,0,1,0,0,-1.22,1.22,-122.0,15,2,3,1.16238,0,1,-1.22,0.0,0.0,1
193,2026-03-04T15:56:46,2026-03-04,1950290334,0,[sl 181.12000],NVDAm,SELL,0.01,-4.605170185988091,1,193.0,193.0,238.39,1.235181,0.419689,1.300164,0.0,1.0,-70.11,-198.43,1.1,0.22,0.4,0.6,1.054161,9.519855,57.48,5.748,0.5,0.5,3.305656,14.198003,8.91,0.4455,0.4,0.6,1.080597,15.473917,-11.02,-0.2204,0.36,0.64,0.95664,14.319108,9.0,-3.28,-0.364444,0.333333,0.673956,0.0,3.0,-6.98,-6.98,-4.4,-0.88,0.2,0.8,0.411765,2.060049,-3.28,-0.364444,0.333333,0.666667,0.673956,2.017882,-3.28,-0.364444,0.333333,0.666667,0.673956,2.017882,-3.28,-0.364444,0.333333,0.666667,0.673956,2.017882,94.0,84.75,0.901596,0.446809,1.359278,0.0,1.0,-1.22,-71.63,24.42,4.884,0.6,0.4,2.602362,11.326699,77.16,7.716,0.6,0.4,5.093369,13.803548,31.44,1.572,0.4,0.6,1.474423,12.293323,106.37,2.1274,0.46,0.54,1.680986,12.470904,0,1,0,0,-1.62,1.62,-162.0,15,2,3,181.1,0,1,-1.62,0.0,0.0,1
194,2026-03-04T18:30:56,2026-03-04,1951213450,0,[sl 1.16273],EURUSDm,SELL,0.01,-4.605170185988091,1,194.0,194.0,236.77,1.220464,0.417526,1.297517,0.0,2.0,-71.73,-198.43,4.55,0.91,0.4,0.6,1.26987,9.232109,57.63,5.763,0.5,0.5,3.325666,14.190129,8.05,0.4025,0.4,0.6,1.072256,15.478401,-28.18,-0.5636,0.34,0.66,0.889823,14.141798,43.0,-4.22,-0.09814,0.465116,0.841651,0.0,2.0,-15.11,-15.11,-6.96,-1.392,0.4,0.6,0.196305,2.217056,-13.48,-1.348,0.3,0.7,0.146835,1.787617,-10.33,-0.5165,0.35,0.65,0.491634,1.856562,-4.22,-0.09814,0.465116,0.534884,0.841651,1.484408,95.0,83.13,0.875053,0.442105,1.350006,0.0,2.0,-2.84,-71.63,4.55,0.91,0.4,0.6,1.26987,9.232109,61.94,6.194,0.5,0.5,4.025892,13.909544,49.51,2.4755,0.4,0.6,2.027178,11.323219,104.36,2.0872,0.44,0.56,1.66126,12.479676,0,1,0,0,-1.38,1.38,-138.0,18,2,3,1.16273,0,1,-1.38,0.0,0.0,1
195,2026-03-05T13:20:18,2026-03-05,1954495349,0,[sl 1.16180],EURUSDm,BUY,0.01,-4.605170185988091,1,195.0,195.0,235.39,1.207128,0.415385,1.295271,0.0,3.0,-73.11,-198.43,17.19,3.438,0.4,0.6,5.07346,5.942129,52.69,5.269,0.4,0.6,3.014144,14.343383,20.42,1.021,0.4,0.6,1.206179,15.144061,-40.41,-0.8082,0.32,0.68,0.842854,14.047724,44.0,-5.6,-0.127273,0.454545,0.800214,0.0,3.0,-16.49,-16.49,-9.12,-1.824,0.2,0.8,0.091633,1.945565,-12.26,-1.226,0.3,0.7,0.159122,1.738978,-11.27,-0.5635,0.35,0.65,0.469897,1.865905,-5.6,-0.127273,0.454545,0.545455,0.800214,1.479825,99.0,153.64,1.551919,0.393939,1.275188,0.0,2.0,-123.3,-198.43,-37.38,-7.476,0.2,0.8,0.376064,18.281258,-74.74,-7.474,0.1,0.9,0.231623,13.467652,-89.69,-4.4845,0.3,0.7,0.442504,14.362993,-20.71,-0.4142,0.36,0.64,0.916881,13.982977,0,1,0,0,-0.9,0.9,-90.0,13,3,3,1.1618,0,1,-0.9,0.0,0.0,1
196,2026-03-05T13:20:19,2026-03-05,1954495527,0,[sl 76.00500],USOILm,SELL,0.01,-4.605170185988091,1,196.0,196.0,234.49,1.196378,0.413265,1.29381,0.0,4.0,-74.01,-198.43,5.12,1.024,0.2,0.8,2.0,4.613934,12.6,1.26,0.3,0.7,1.465632,8.854536,29.11,1.4555,0.4,0.6,1.322191,14.956892,-40.84,-0.8168,0.32,0.68,0.841447,14.047646,55.0,-35.1,-0.638182,0.290909,0.497207,1.0,0.0,-36.24,-49.79,5.86,1.172,0.4,0.6,1.518584,7.161289,6.24,0.624,0.5,0.5,1.491339,5.114243,5.63,0.2815,0.4,0.6,1.291559,3.801125,-31.98,-0.6396,0.3,0.7,0.498668,2.908038,96.0,81.75,0.851562,0.4375,1.342208,0.0,3.0,-4.22,-71.63,17.19,3.438,0.4,0.6,5.07346,5.942129,62.4,6.24,0.5,0.5,4.118441,13.883635,50.41,2.5205,0.4,0.6,2.065751,11.306006,102.56,2.0512,0.42,0.58,1.644221,12.487028,0,1,0,0,-3.44,3.44,-344.0,13,3,3,76.005,0,1,-3.44,0.0,0.0,1
197,2026-03-05T14:06:30,2026-03-05,1954705632,0,[sl 76.18000],USOILm,SELL,0.01,-4.605170185988091,1,197.0,197.0,231.05,1.172843,0.411168,1.288258,0.0,5.0,-77.45,-198.43,-8.56,-1.712,0.0,1.0,0.0,0.895107,-9.09,-0.909,0.2,0.8,0.701967,6.858661,24.75,1.2375,0.35,0.65,1.263887,14.994834,-43.66,-0.8732,0.32,0.68,0.832335,14.052402,56.0,-38.54,-0.688214,0.285714,0.473857,0.0,1.0,-39.68,-49.79,10.11,2.022,0.4,0.6,2.434043,6.253691,2.02,0.202,0.4,0.6,1.125155,5.256099,3.53,0.1765,0.4,0.6,1.164876,3.872795,-32.48,-0.6496,0.3,0.7,0.494789,2.916778,97.0,78.31,0.80732,0.43299,1.323154,0.0,4.0,-7.66,-71.63,2.58,0.516,0.2,0.8,1.336815,4.92701,60.73,6.073,0.5,0.5,3.801199,13.988626,47.99,2.3995,0.4,0.6,1.965205,11.356089,88.08,1.7616,0.4,0.6,1.541564,12.443034,0,1,0,0,-1.57,1.57,-157.0,14,3,3,76.18,0,1,-1.57,0.0,0.0,1
198,2026-03-05T14:17:04,2026-03-05,1954781875,0,[tp 5134.35600],XAUUSDm,BUY,0.01,-4.605170185988091,1,198.0,198.0,229.48,1.15899,0.409091,1.285739,0.0,6.0,-79.02,-198.43,-8.91,-1.782,0.0,1.0,0.0,0.867142,-7.81,-0.781,0.2,0.8,0.732717,6.833139,30.87,1.5435,0.35,0.65,1.352116,14.871466,-31.18,-0.6236,0.32,0.68,0.874234,13.926409,40.0,173.88,4.347,0.45,1.334977,1.0,0.0,-131.86,-193.87,-56.36,-11.272,0.2,0.8,0.285588,18.129217,-118.35,-11.835,0.1,0.9,0.159923,13.097927,-74.6,-3.73,0.3,0.7,0.639805,18.784042,173.88,4.347,0.45,0.55,1.334977,39.976038,100.0,152.74,1.5274,0.39,1.273135,0.0,3.0,-124.2,-198.43,-6.92,-1.384,0.2,0.8,0.765025,13.843828,-62.49,-6.249,0.1,0.9,0.264996,13.452772,-76.54,-3.827,0.3,0.7,0.481893,14.210234,-40.65,-0.813,0.34,0.66,0.837439,13.704014,1,0,1,0,27.02,27.02,2702.0,14,3,3,5134.356,1,0,27.02,0.0,0.0,1
199,2026-03-05T15:06:23,2026-03-05,1955220497,0,[tp 76.66900],USOILm,SELL,0.01,-4.605170185988091,1,199.0,199.0,256.5,1.288945,0.41206,1.319383,1.0,0.0,-52.0,-198.43,19.73,3.946,0.2,0.8,3.706447,11.569259,24.28,2.428,0.3,0.7,2.005383,10.575638,89.25,4.4625,0.4,0.6,2.584976,13.818847,-7.24,-0.1448,0.32,0.68,0.970797,14.447306,57.0,-40.11,-0.703684,0.280702,0.463913,0.0,2.0,-41.25,-49.79,-5.06,-1.012,0.2,0.8,0.412993,2.382011,1.09,0.109,0.4,0.6,1.063855,5.278355,-1.68,-0.084,0.35,0.65,0.926893,3.805707,-28.82,-0.5764,0.3,0.7,0.524658,2.845976,98.0,76.74,0.783061,0.428571,1.314637,0.0,5.0,-9.23,-71.63,-9.23,-1.846,0.0,1.0,0.0,0.809583,55.6,5.56,0.4,0.6,3.391398,14.16434,45.64,2.282,0.35,0.65,1.889842,11.38436,68.2,1.364,0.38,0.62,1.415322,12.223584,1,0,0,0,3.53,3.53,353.0,15,3,3,76.669,1,0,3.53,0.0,0.0,1
200,2026-03-05T15:39:25,2026-03-05,1955441391,0,[sl 72189.27000],BTCUSDm,SELL,0.02,-3.912023005428146,1,200.0,200.0,260.03,1.30015,0.415,1.323779,2.0,0.0,-48.47,-198.43,24.64,4.928,0.4,0.6,5.169205,11.280283,41.83,4.183,0.4,0.6,5.129319,9.046096,113.41,5.6705,0.45,0.55,4.178531,12.572314,-48.47,-0.9694,0.32,0.68,0.804493,12.960939,46.0,107.11,2.328478,0.521739,1.635291,2.0,0.0,0.0,-38.45,64.83,12.966,0.8,0.2,5.624108,17.055906,60.16,6.016,0.5,0.5,2.14656,18.788931,84.47,4.2235,0.55,0.45,1.993414,15.110242,107.11,2.328478,0.521739,0.478261,1.635291,12.034465,99.0,80.27,0.810808,0.434343,1.32911,1.0,0.0,-5.7,-71.63,-4.48,-0.896,0.2,0.8,0.440699,2.335556,19.94,1.994,0.4,0.6,1.857634,8.673325,49.81,2.4905,0.4,0.6,1.983416,11.367108,63.8,1.276,0.38,0.62,1.388527,12.191794,0,1,0,1,-14.21,14.21,-710.5,15,3,3,72186.84,0,1,-14.21,0.0,0.0,1
201,2026-03-05T15:57:07,2026-03-05,1955599012,2466187300,[sl 76.913],USOILm,SELL,0.01,-4.605170185988091,1,201.0,201.0,245.82,1.222985,0.412935,1.300763,0.0,1.0,-62.68,-198.43,11.33,2.266,0.4,0.6,1.58949,13.660821,16.45,1.645,0.3,0.7,1.675842,10.214639,76.67,3.8335,0.4,0.6,2.536781,12.658518,-49.17,-0.9834,0.32,0.68,0.802228,12.974848,58.0,-36.58,-0.63069,0.293103,0.511093,1.0,0.0,-37.72,-49.79,0.31,0.062,0.4,0.6,1.045723,2.917077,3.94,0.394,0.4,0.6,1.230814,5.377502,2.32,0.116,0.4,0.6,1.103065,3.884457,-22.9,-0.458,0.32,0.68,0.606799,2.890852,100.0,66.06,0.6606,0.43,1.255937,0.0,1.0,-19.91,-71.63,-17.07,-3.414,0.2,0.8,0.171359,5.87045,-12.52,-1.252,0.3,0.7,0.665777,8.032512,37.61,1.8805,0.4,0.6,1.598409,11.906791,56.59,1.1318,0.38,0.62,1.330125,12.330674,0,1,0,0,-2.05,2.05,-205.0,15,3,3,76.913,0,1,-2.05,0.0,0.0,1
202,2026-03-05T15:58:20,2026-03-05,1955608832,0,[sl 72717.73000],BTCUSDm,BUY,0.02,-3.912023005428146,1,202.0,202.0,243.77,1.206782,0.410891,1.297509,0.0,2.0,-64.73,-198.43,12.72,2.544,0.4,0.6,1.713404,13.555612,4.16,0.416,0.2,0.8,1.157635,9.839019,61.02,3.051,0.35,0.65,2.174817,12.513486,-49.98,-0.9996,0.32,0.68,0.799623,12.975664,47.0,92.9,1.976596,0.510638,1.508178,0.0,1.0,-14.21,-38.45,11.43,2.286,0.6,0.4,1.404888,13.67512,12.17,1.217,0.4,0.6,1.182513,17.141139,70.93,3.5465,0.55,0.45,1.71959,15.609403,92.9,1.976596,0.510638,0.489362,1.508178,12.142598,101.0,179.76,1.779802,0.39604,1.321453,1.0,0.0,-97.18,-198.43,40.73,8.146,0.4,0.6,5.617914,13.71519,-28.14,-2.814,0.2,0.8,0.637791,16.725538,-62.62,-3.131,0.3,0.7,0.576119,15.319825,-52.22,-1.0444,0.34,0.66,0.79117,13.122045,0,1,0,1,-10.93,10.93,-546.5,15,3,3,72721.24,0,1,-10.93,0.0,0.0,1
203,2026-03-05T16:08:48,2026-03-05,1955726206,0,[tp 5070.68300],XAUUSDm,BUY,0.01,-4.605170185988091,1,203.0,203.0,232.84,1.146995,0.408867,1.280429,0.0,3.0,-75.66,-198.43,3.36,0.672,0.4,0.6,1.123575,14.600513,-5.55,-0.555,0.2,0.8,0.84626,10.414844,51.93,2.5965,0.35,0.65,1.850893,12.843601,-59.52,-1.1904,0.32,0.68,0.770166,13.04993,41.0,200.9,4.9,0.463415,1.387031,2.0,0.0,-104.84,-193.87,-16.19,-3.238,0.4,0.6,0.753727,23.593928,-81.56,-8.156,0.2,0.8,0.377927,17.566028,-55.51,-2.7755,0.3,0.7,0.731978,19.809329,200.9,4.9,0.463415,0.536585,1.387031,39.64011,102.0,168.83,1.655196,0.392157,1.29612,0.0,1.0,-108.11,-198.43,7.27,1.454,0.2,0.8,1.368101,13.218261,-36.7,-3.67,0.2,0.8,0.574493,16.899057,-74.33,-3.7165,0.25,0.75,0.531514,15.382803,-86.13,-1.7226,0.32,0.68,0.669987,12.733388,1,0,1,0,50.04,50.04,5004.0,16,3,3,5069.586,1,0,50.04,0.0,0.0,1
204,2026-03-05T16:30:47,2026-03-05,1955917756,0,[sl 180.98000],NVDAm,SELL,0.01,-4.605170185988091,1,204.0,204.0,282.88,1.386667,0.411765,1.340696,1.0,0.0,-25.62,-198.43,26.38,5.276,0.4,0.6,1.97021,23.250261,46.11,4.611,0.3,0.7,2.337297,18.375348,103.74,5.187,0.4,0.6,2.750591,16.426757,-22.58,-0.4516,0.32,0.68,0.912808,14.770295,10.0,-4.9,-0.49,0.3,0.580479,0.0,4.0,-8.6,-8.6,-4.64,-0.928,0.2,0.8,0.398964,2.073889,-4.9,-0.49,0.3,0.7,0.580479,1.951036,-4.9,-0.49,0.3,0.7,0.580479,1.951036,-4.9,-0.49,0.3,0.7,0.580479,1.951036,101.0,64.01,0.633762,0.425743,1.246041,0.0,2.0,-21.96,-71.63,-17.74,-3.548,0.2,0.8,0.165961,5.83,-0.55,-0.055,0.3,0.7,0.978423,6.844702,40.06,2.003,0.4,0.6,1.663245,11.852998,55.92,1.1184,0.38,0.62,1.324946,12.33376,0,1,0,0,-1.28,1.28,-128.0,16,3,3,180.98,0,1,-1.28,0.0,0.0,1
205,2026-03-05T18:24:05,2026-03-05,1956606197,0,[sl 1.15884],EURUSDm,BUY,0.01,-4.605170185988091,1,205.0,205.0,281.6,1.373659,0.409756,1.338632,0.0,1.0,-26.9,-198.43,21.57,4.314,0.2,0.8,1.75764,23.401618,46.21,4.621,0.3,0.7,2.344095,18.372112,98.9,4.945,0.35,0.65,2.633631,16.484494,-24.64,-0.4928,0.3,0.7,0.905322,14.769675,45.0,-6.5,-0.144444,0.444444,0.77532,0.0,4.0,-17.39,-17.39,-7.65,-1.53,0.2,0.8,0.107351,1.951902,-10.63,-1.063,0.3,0.7,0.179151,1.684655,-11.66,-0.583,0.35,0.65,0.461432,1.867282,-6.5,-0.144444,0.444444,0.555556,0.77532,1.467717,103.0,218.87,2.124951,0.398058,1.383888,1.0,0.0,-58.07,-198.43,60.16,12.032,0.4,0.6,4.559763,23.048717,14.1,1.41,0.3,0.7,1.164932,23.396609,-58.07,-2.9035,0.25,0.75,0.633997,17.611313,-35.79,-0.7158,0.34,0.66,0.86271,14.651702,0,1,0,0,-1.69,1.69,-169.0,18,3,3,1.15884,0,1,-1.69,0.0,0.0,1
206,2026-03-06T00:56:20,2026-03-06,1957856989,0,[sl 77.86400],USOILm,SELL,0.01,-4.605170185988091,1,206.0,206.0,279.91,1.358786,0.407767,1.335918,0.0,2.0,-28.59,-198.43,34.09,6.818,0.2,0.8,3.137304,21.907706,45.42,4.542,0.3,0.7,2.291442,18.397363,58.02,2.901,0.3,0.7,1.932348,14.530168,-16.56,-0.3312,0.3,0.7,0.93433,14.711374,59.0,-38.63,-0.654746,0.288136,0.497463,0.0,1.0,-39.77,-49.79,0.03,0.006,0.4,0.6,1.004249,2.95416,1.57,0.157,0.3,0.7,1.082113,5.427534,0.85,0.0425,0.4,0.6,1.035446,3.910749,-23.74,-0.4748,0.32,0.68,0.598172,2.897607,102.0,62.73,0.615,0.421569,1.23994,0.0,3.0,-23.24,-71.63,-15.58,-3.116,0.2,0.8,0.18472,5.901585,-13.0,-1.3,0.2,0.8,0.514382,5.731485,48.37,2.4185,0.4,0.6,1.928585,11.58188,63.04,1.2608,0.38,0.62,1.38213,12.263948,0,1,0,0,-4.96,4.96,-496.0,0,4,3,77.864,0,1,-4.96,0.0,0.0,1
207,2026-03-06T02:26:51,2026-03-06,1958012155,0,[tp 70586.12000],BTCUSDm,BUY,0.02,-3.912023005428146,1,207.0,207.0,274.95,1.328261,0.405797,1.328013,0.0,3.0,-33.55,-198.43,31.18,6.236,0.2,0.8,2.653234,22.172614,43.9,4.39,0.3,0.7,2.196511,18.468823,34.81,1.7405,0.25,0.75,1.518083,14.180592,-1.83,-0.0366,0.3,0.7,0.992293,14.466202,48.0,81.97,1.707708,0.5,1.423093,0.0,2.0,-25.14,-38.45,-17.75,-3.55,0.4,0.6,0.546731,11.700969,18.27,1.827,0.4,0.6,1.301585,16.580296,73.46,3.673,0.55,0.45,1.76489,15.48079,81.97,1.707708,0.5,0.5,1.423093,12.15603,104.0,217.18,2.088269,0.394231,1.379798,0.0,1.0,-59.76,-198.43,63.54,12.708,0.4,0.6,5.699704,22.582058,26.16,2.616,0.3,0.7,1.356258,22.889415,-48.96,-2.448,0.25,0.75,0.672618,17.518755,-7.88,-0.1576,0.34,0.66,0.966148,14.060364,1,0,1,0,22.19,22.19,1109.5,2,4,3,70586.12,1,0,22.19,0.0,0.0,1
208,2026-03-06T02:31:17,2026-03-06,1958020256,0,[sl 70765.17000],BTCUSDm,BUY,0.02,-3.912023005428146,1,208.0,208.0,297.14,1.428558,0.408654,1.354485,1.0,0.0,-11.36,-198.43,64.3,12.86,0.4,0.6,9.108449,20.969482,67.66,6.766,0.4,0.6,2.926538,19.067876,59.85,2.9925,0.3,0.7,1.930214,14.811386,22.64,0.4528,0.32,0.68,1.096275,14.79227,49.0,104.16,2.125714,0.510204,1.537628,1.0,0.0,-2.95,-38.45,18.46,3.692,0.6,0.4,1.734288,13.966082,44.96,4.496,0.5,0.5,1.801712,17.471255,89.82,4.491,0.55,0.45,1.935235,15.996783,104.16,2.125714,0.510204,0.489796,1.537628,12.37499,105.0,239.37,2.279714,0.4,1.418603,1.0,0.0,-37.57,-198.43,86.63,17.326,0.6,0.4,7.864501,21.669553,79.71,7.971,0.4,0.6,2.894699,20.448144,-14.98,-0.749,0.3,0.7,0.89126,18.166124,12.16,0.2432,0.34,0.66,1.052238,14.40191,0,1,0,0,-5.75,5.75,-287.5,2,4,3,70772.2,0,1,-5.75,0.0,0.0,1
209,2026-03-06T02:37:33,2026-03-06,1958037771,0,[tp 1.16170],EURUSDm,SELL,0.01,-4.605170185988091,1,209.0,209.0,291.39,1.394211,0.406699,1.345257,0.0,1.0,-17.11,-198.43,8.51,1.702,0.2,0.8,1.622076,10.392985,34.89,3.489,0.3,0.7,1.853682,18.096623,59.17,2.9585,0.3,0.7,1.910028,14.830622,-16.89,-0.3378,0.3,0.7,0.929891,14.026463,46.0,-8.19,-0.178043,0.434783,0.732528,0.0,5.0,-19.08,-19.08,-10.26,-2.052,0.0,1.0,0.0,1.530378,-12.94,-1.294,0.2,0.8,0.11612,1.593977,-15.5,-0.775,0.3,0.7,0.335904,1.771351,-8.19,-0.178043,0.434783,0.565217,0.732528,1.469069,103.0,57.77,0.560874,0.417476,1.216854,0.0,4.0,-28.2,-71.63,-18.97,-3.794,0.2,0.8,0.156889,5.879716,-28.2,-2.82,0.1,0.9,0.111251,4.308355,42.49,2.1245,0.35,0.65,1.744785,11.69031,52.25,1.045,0.36,0.64,1.30748,12.276574,1,0,0,0,0.76,0.76,76.0,2,4,3,1.1617,1,0,0.76,0.0,0.0,1
210,2026-03-06T02:40:23,2026-03-06,1958046533,0,[sl 5112.57400],XAUUSDm,BUY,0.01,-4.605170185988091,1,210.0,210.0,292.15,1.39119,0.409524,1.346157,1.0,0.0,-16.35,-198.43,10.55,2.11,0.4,0.6,1.850806,10.307603,32.12,3.212,0.3,0.7,1.785907,18.115065,73.95,3.6975,0.35,0.65,2.45,14.325831,-15.11,-0.3022,0.32,0.68,0.937013,14.026945,42.0,250.94,5.974762,0.47619,1.483432,3.0,0.0,-54.8,-193.87,47.6,9.52,0.6,0.4,1.915561,30.651517,-11.83,-1.183,0.3,0.7,0.893825,24.19332,1.53,0.0765,0.35,0.65,1.007646,22.86607,250.94,5.974762,0.47619,0.52381,1.483432,39.765376,106.0,233.62,2.203962,0.396226,1.404481,0.0,1.0,-43.32,-198.43,53.86,10.772,0.4,0.6,3.931954,22.67863,94.59,9.459,0.4,0.6,4.478853,18.786626,-3.7,-0.185,0.3,0.7,0.970746,17.823774,7.02,0.1404,0.34,0.66,1.029506,14.425957,0,1,0,1,-29.4,29.4,-2940.0,2,4,3,5112.574,0,1,-29.4,0.0,0.0,1
211,2026-03-09T00:04:08,2026-03-09,1965518131,2476487832,[sl 102.299],USOILm,SELL,0.01,-4.605170185988091,1,211.0,211.0,262.75,1.245261,0.407583,1.300843,0.0,1.0,-45.75,-198.43,-17.16,-3.432,0.4,0.6,0.572177,16.468787,16.93,1.693,0.3,0.7,1.301998,20.046194,33.38,1.669,0.3,0.7,1.415174,15.908958,-45.29,-0.9058,0.3,0.7,0.831817,14.60483,60.0,-43.59,-0.7265,0.283333,0.46731,0.0,2.0,-44.73,-49.79,-8.49,-1.698,0.2,0.8,0.293677,2.86871,-2.63,-0.263,0.3,0.7,0.887221,5.640567,-5.12,-0.256,0.35,0.65,0.823082,4.05084,-30.96,-0.6192,0.3,0.7,0.516552,2.937351,104.0,58.53,0.562788,0.423077,1.219707,1.0,0.0,-27.44,-71.63,-21.74,-4.348,0.2,0.8,0.033778,5.261534,-26.22,-2.622,0.2,0.8,0.14061,4.421352,50.94,2.547,0.4,0.6,2.03201,11.47875,54.35,1.087,0.38,0.62,1.32238,12.271934,0,1,0,1,-13.03,13.03,-1303.0,0,0,3,102.299,0,1,-13.03,0.0,0.0,1
212,2026-03-09T01:09:07,2026-03-09,1965806363,2476792170,[sl 103.085],USOILm,SELL,0.01,-4.605170185988091,1,212.0,212.0,249.72,1.177925,0.40566,1.281721,0.0,2.0,-58.78,-198.43,-25.23,-5.046,0.4,0.6,0.476339,16.928476,5.95,0.595,0.3,0.7,1.088753,20.516334,10.11,0.5055,0.25,0.75,1.108209,16.089473,-47.52,-0.9504,0.3,0.7,0.824985,14.638343,61.0,-56.62,-0.928197,0.278689,0.40312,0.0,3.0,-57.76,-57.76,-18.08,-3.616,0.2,0.8,0.16335,5.443042,-7.97,-0.797,0.3,0.7,0.721912,6.504955,-19.5,-0.975,0.3,0.7,0.535382,4.891026,-45.89,-0.9178,0.28,0.72,0.404567,3.390059,105.0,45.5,0.433333,0.419048,1.162831,0.0,1.0,-40.47,-71.63,-20.56,-4.112,0.2,0.8,0.035647,4.821997,-37.63,-3.763,0.2,0.8,0.102338,5.383189,24.31,1.2155,0.35,0.65,1.389646,11.662441,36.34,0.7268,0.36,0.64,1.200088,12.415849,0,1,0,0,-8.86,8.86,-886.0,1,0,3,103.085,0,1,-8.86,0.0,0.0,1
213,2026-03-09T01:43:41,2026-03-09,1965936794,0,[tp 105.70500],USOILm,SELL,0.01,-4.605170185988091,1,213.0,213.0,240.86,1.130798,0.403756,1.269036,0.0,3.0,-67.64,-198.43,-56.28,-11.256,0.2,0.8,0.013324,10.127121,8.02,0.802,0.3,0.7,1.123442,20.40917,2.47,0.1235,0.25,0.75,1.024439,16.216102,-55.74,-1.1148,0.3,0.7,0.800744,14.680033,62.0,-65.48,-1.056129,0.274194,0.368685,0.0,4.0,-66.62,-66.62,-25.37,-5.074,0.2,0.8,0.122145,5.671298,-30.43,-3.043,0.2,0.8,0.188966,4.800392,-27.91,-1.3955,0.3,0.7,0.44601,5.180752,-51.08,-1.0216,0.28,0.72,0.379042,3.548493,106.0,36.64,0.34566,0.415094,1.127094,0.0,2.0,-49.33,-71.63,-27.37,-5.474,0.2,0.8,0.027017,5.005491,-45.11,-4.511,0.2,0.8,0.086842,5.518087,17.29,0.8645,0.35,0.65,1.2491,11.853198,20.91,0.4182,0.34,0.66,1.109775,12.458465,1,0,0,0,8.33,8.33,833.0,1,0,3,105.705,1,0,8.33,0.0,0.0,1
214,2026-03-09T02:00:22,2026-03-09,1965990812,0,[tp 5024.66800],XAUUSDm,BUY,0.01,-4.605170185988091,1,214.0,214.0,249.19,1.164439,0.406542,1.278341,1.0,0.0,-59.31,-198.43,-42.2,-8.44,0.4,0.6,0.177228,12.85643,-33.69,-3.369,0.3,0.7,0.481453,12.742292,12.42,0.621,0.3,0.7,1.124887,16.307354,-35.62,-0.7124,0.32,0.68,0.867065,14.657638,43.0,221.54,5.152093,0.465116,1.403916,0.0,1.0,-84.2,-193.87,49.56,9.912,0.6,0.4,1.990606,30.134369,-30.43,-3.043,0.3,0.7,0.765959,25.538762,-19.47,-0.9735,0.35,0.65,0.911944,23.698213,221.54,5.152093,0.465116,0.534884,1.403916,39.660257,107.0,204.22,1.908598,0.392523,1.336453,0.0,2.0,-72.72,-198.43,35.39,7.078,0.4,0.6,1.960641,27.004392,42.66,4.266,0.3,0.7,1.753843,21.444979,-33.78,-1.689,0.25,0.75,0.783295,18.922561,-21.93,-0.4386,0.34,0.66,0.917825,15.007289,1,0,1,0,49.95,49.95,4995.0,2,0,3,5024.668,1,0,49.95,0.0,0.0,1
215,2026-03-09T02:41:09,2026-03-09,1966133200,0,[tp 106.10600],USOILm,SELL,0.01,-4.605170185988091,1,215.0,215.0,299.14,1.391349,0.409302,1.334134,2.0,0.0,-9.36,-198.43,6.99,1.398,0.4,0.6,1.136284,27.082319,17.54,1.754,0.4,0.6,1.275396,20.493318,63.75,3.1875,0.35,0.65,1.650046,19.514359,16.34,0.3268,0.34,0.66,1.061442,16.280857,63.0,-57.15,-0.907143,0.285714,0.448997,1.0,0.0,-58.29,-66.62,-20.57,-4.114,0.2,0.8,0.288235,7.236692,-20.26,-2.026,0.3,0.7,0.432175,5.89909,-19.11,-0.9555,0.35,0.65,0.617111,5.597592,-36.84,-0.7368,0.3,0.7,0.517485,3.712387,107.0,44.97,0.42028,0.420561,1.155989,1.0,0.0,-41.0,-71.63,-17.76,-3.552,0.4,0.6,0.338547,7.480175,-33.34,-3.334,0.3,0.7,0.274587,6.7408,27.39,1.3695,0.4,0.6,1.404938,11.944996,25.6,0.512,0.34,0.66,1.134397,12.499955,1,0,0,0,7.0,7.0,700.0,2,0,3,106.106,1,0,7.0,0.0,0.0,1
216,2026-03-09T04:04:18,2026-03-09,1966298066,0,[sl 66933.17000],BTCUSDm,BUY,0.02,-3.912023005428146,1,216.0,216.0,306.14,1.417315,0.412037,1.341953,3.0,0.0,-2.36,-198.43,43.39,8.678,0.6,0.4,2.982184,22.294096,26.23,2.623,0.5,0.5,1.423065,20.51309,71.65,3.5825,0.4,0.6,1.737368,19.507577,40.37,0.8074,0.36,0.64,1.162187,16.115235,50.0,98.41,1.9682,0.5,1.493308,0.0,1.0,-8.7,-38.45,1.54,0.308,0.4,0.6,1.049854,13.792976,46.54,4.654,0.5,0.5,1.853945,17.370446,79.09,3.9545,0.5,0.5,1.776992,16.150579,98.41,1.9682,0.5,0.5,1.493308,12.300134,108.0,254.17,2.353426,0.398148,1.418745,1.0,0.0,-22.77,-198.43,35.3,7.06,0.4,0.6,1.958198,26.975764,95.46,9.546,0.4,0.6,2.77633,25.212056,26.11,1.3055,0.3,0.7,1.178909,21.886563,13.79,0.2758,0.34,0.66,1.051673,16.467703,0,1,0,1,-13.77,13.77,-688.5,4,0,3,66933.17,0,1,-13.77,0.0,0.0,1
217,2026-03-09T05:59:48,2026-03-09,1966484890,0,[sl 67119.59000],BTCUSDm,SELL,0.02,-3.912023005428146,1,217.0,217.0,292.37,1.347327,0.410138,1.321625,0.0,1.0,-16.13,-198.43,42.65,8.53,0.6,0.4,2.884666,22.439694,17.42,1.742,0.5,0.5,1.24601,21.003179,61.32,3.066,0.4,0.6,1.570419,19.82091,25.92,0.5184,0.34,0.66,1.098675,16.243982,51.0,84.64,1.659608,0.490196,1.396886,0.0,2.0,-22.47,-38.45,-22.47,-4.494,0.2,0.8,0.496865,13.678306,42.36,4.236,0.5,0.5,1.721881,17.754236,58.75,2.9375,0.45,0.55,1.508394,16.588332,81.89,1.6378,0.48,0.52,1.383991,12.495028,108.0,51.97,0.481204,0.425926,1.18027,2.0,0.0,-34.0,-71.63,-5.8,-1.16,0.6,0.4,0.735039,8.491396,-24.77,-2.477,0.4,0.6,0.441991,7.421046,30.83,1.5415,0.4,0.6,1.455795,11.99994,33.07,0.6614,0.36,0.64,1.174043,12.531925,0,1,0,0,-7.57,7.57,-378.5,5,0,3,67113.4,0,1,-7.57,0.0,0.0,1
218,2026-03-09T06:41:58,2026-03-09,1966617978,0,[tp 67714.75000],BTCUSDm,SELL,0.02,-3.912023005428146,1,218.0,218.0,284.8,1.306422,0.408257,1.31071,0.0,2.0,-23.7,-198.43,43.94,8.788,0.6,0.4,3.059044,22.24484,-12.34,-1.234,0.4,0.6,0.842562,19.978394,55.32,2.766,0.4,0.6,1.487401,19.933892,28.29,0.5658,0.34,0.66,1.108678,16.21683,52.0,77.07,1.482115,0.480769,1.349001,0.0,3.0,-30.04,-38.45,-15.83,-3.166,0.2,0.8,0.58364,12.974772,-4.4,-0.44,0.4,0.6,0.933585,13.605436,55.56,2.778,0.45,0.55,1.467874,16.673044,71.38,1.4276,0.46,0.54,1.323235,12.55959,109.0,44.4,0.407339,0.422018,1.150071,0.0,1.0,-41.57,-71.63,-14.13,-2.826,0.4,0.6,0.520367,8.764051,-35.87,-3.587,0.3,0.7,0.309661,7.2681,-15.93,-0.7965,0.35,0.65,0.788193,8.474244,3.25,0.065,0.34,0.66,1.016449,12.195377,1,0,1,0,10.22,10.22,511.0,6,0,3,67714.75,1,0,10.22,0.0,0.0,1
219,2026-03-09T06:44:41,2026-03-09,1966632120,0,[sl 5120.82500],XAUUSDm,BUY,0.01,-4.605170185988091,1,219.0,219.0,295.02,1.347123,0.410959,1.32186,1.0,0.0,-13.48,-198.43,45.83,9.166,0.6,0.4,3.14761,22.249903,3.63,0.363,0.5,0.5,1.049979,20.190736,38.52,1.926,0.4,0.6,1.339383,19.235897,38.19,0.7638,0.34,0.66,1.14671,16.272961,44.0,271.49,6.170227,0.477273,1.494986,1.0,0.0,-34.25,-193.87,120.14,24.028,0.8,0.2,5.086395,29.032125,31.31,3.131,0.4,0.6,1.264823,29.787328,8.23,0.4115,0.35,0.65,1.037221,25.736757,271.49,6.170227,0.477273,0.522727,1.494986,39.771361,109.0,240.4,2.205505,0.394495,1.387273,0.0,1.0,-36.54,-198.43,23.22,4.644,0.4,0.6,1.474652,28.165938,86.76,8.676,0.4,0.6,2.389494,25.843601,12.02,0.601,0.25,0.75,1.075261,22.132336,4.54,0.0908,0.34,0.66,1.016442,16.572166,0,1,0,1,-51.25,51.25,-5125.0,6,0,3,5120.825,0,1,-51.25,0.0,0.0,1
220,2026-03-09T06:48:10,2026-03-09,1966649368,0,[sl 1.15640],EURUSDm,BUY,0.01,-4.605170185988091,1,220.0,220.0,243.77,1.108045,0.409091,1.251865,0.0,1.0,-64.73,-198.43,-55.37,-11.074,0.4,0.6,0.237223,21.971624,-48.38,-4.838,0.4,0.6,0.609461,25.435994,-16.26,-0.813,0.35,0.65,0.901305,22.444895,-8.56,-0.1712,0.34,0.66,0.972123,17.818237,47.0,-7.43,-0.158085,0.446809,0.757348,1.0,0.0,-18.32,-19.08,-4.43,-0.886,0.2,0.8,0.146435,0.861571,-11.56,-1.156,0.3,0.7,0.175464,1.702405,-14.13,-0.7065,0.35,0.65,0.378355,1.802621,-7.43,-0.158085,0.446809,0.553191,0.757348,1.459647,110.0,189.15,1.719545,0.390909,1.281473,0.0,2.0,-87.79,-198.43,-50.22,-10.044,0.2,0.8,0.498652,33.776296,36.41,3.641,0.4,0.6,1.322812,31.503699,-26.08,-1.304,0.25,0.75,0.868156,24.722118,-48.15,-0.963,0.32,0.68,0.852919,18.061211,0,1,0,0,-2.57,2.57,-257.0,6,0,3,1.1564,0,1,-2.57,0.0,0.0,1
221,2026-03-09T07:20:46,2026-03-09,1966753632,0,[sl 67508.02000],BTCUSDm,SELL,0.02,-3.912023005428146,1,221.0,221.0,241.2,1.091403,0.40724,1.24855,0.0,2.0,-67.3,-198.43,-64.94,-12.988,0.2,0.8,0.135977,20.693443,-21.55,-2.155,0.4,0.6,0.77795,24.082702,-4.62,-0.231,0.35,0.65,0.969826,22.239941,2.02,0.0404,0.34,0.66,1.006813,17.725431,53.0,87.29,1.646981,0.490566,1.395281,1.0,0.0,-19.82,-38.45,5.32,1.064,0.4,0.6,1.196382,13.19973,-12.43,-1.243,0.4,0.6,0.812377,12.68444,50.24,2.512,0.45,0.55,1.423074,16.508949,79.26,1.5852,0.46,0.54,1.358919,12.619348,110.0,54.62,0.496545,0.427273,1.184614,1.0,0.0,-31.35,-71.63,9.12,1.824,0.6,0.4,1.555082,8.270513,-11.44,-1.144,0.4,0.6,0.696954,7.391586,-23.96,-1.198,0.35,0.65,0.681425,7.718893,17.85,0.357,0.36,0.64,1.092391,12.260068,0,1,0,0,-8.37,8.37,-418.5,7,0,3,67508.02,0,1,-8.37,0.0,0.0,1
222,2026-03-10T00:24:52,2026-03-10,1971578913,2482955068,[sl 86.667],USOILm,BUY,0.01,-4.605170185988091,1,222.0,222.0,232.83,1.048784,0.405405,1.237873,0.0,3.0,-75.67,-198.43,-59.54,-11.908,0.2,0.8,0.146502,20.765237,-16.89,-1.689,0.4,0.6,0.817188,23.912244,-10.94,-0.547,0.35,0.65,0.931381,22.308336,0.98,0.0196,0.34,0.66,1.003294,17.734675,64.0,-50.15,-0.783594,0.296875,0.516487,2.0,0.0,-51.29,-66.62,-11.52,-2.304,0.4,0.6,0.57095,8.54083,-11.49,-1.149,0.4,0.6,0.661162,6.493878,-9.83,-0.4915,0.4,0.6,0.793617,5.847608,-26.82,-0.5364,0.32,0.68,0.634256,3.851565,111.0,186.58,1.680901,0.387387,1.276591,0.0,3.0,-90.36,-198.43,-47.04,-9.408,0.2,0.8,0.515002,33.88094,6.82,0.682,0.3,0.7,1.059119,30.543858,-21.32,-1.066,0.25,0.75,0.889562,24.685845,-49.08,-0.9816,0.32,0.68,0.850503,18.062378,0,1,0,0,-7.22,7.22,-722.0,0,1,3,86.667,0,1,-7.22,0.0,0.0,1
223,2026-03-10T01:31:54,2026-03-10,1971691505,0,[sl 5128.46000],XAUUSDm,SELL,0.01,-4.605170185988091,1,223.0,223.0,225.61,1.011704,0.403587,1.228809,0.0,4.0,-82.89,-198.43,-59.19,-11.838,0.2,0.8,0.147241,20.780327,-15.25,-1.525,0.4,0.6,0.831956,23.868083,-7.23,-0.3615,0.35,0.65,0.953571,22.236536,-3.87,-0.0774,0.34,0.66,0.987201,17.760725,45.0,220.24,4.894222,0.466667,1.367232,0.0,1.0,-85.5,-193.87,46.36,9.272,0.6,0.4,1.57483,41.928885,-10.0,-1.0,0.4,0.6,0.93732,33.894895,-65.26,-3.263,0.3,0.7,0.760391,27.54088,220.24,4.894222,0.466667,0.533333,1.367232,40.227493,111.0,46.25,0.416667,0.423423,1.152023,0.0,1.0,-39.72,-71.63,9.61,1.922,0.6,0.4,1.602886,8.145289,-17.76,-1.776,0.4,0.6,0.597005,7.705553,-18.31,-0.9155,0.35,0.65,0.736774,7.338474,10.06,0.2012,0.36,0.64,1.050052,12.320335,0,1,0,1,-17.55,17.55,-1755.0,1,1,3,5128.46,0,1,-17.55,0.0,0.0,1
224,2026-03-10T04:47:16,2026-03-10,1972048035,0,[sl 1.16085],EURUSDm,SELL,0.01,-4.605170185988091,1,224.0,224.0,208.06,0.928839,0.401786,1.20732,0.0,5.0,-100.44,-198.43,-86.96,-17.392,0.0,1.0,0.0,17.612194,-41.13,-4.113,0.3,0.7,0.620222,24.061497,-74.82,-3.741,0.3,0.7,0.568188,19.256147,-20.66,-0.4132,0.34,0.66,0.935268,17.928388,48.0,-10.0,-0.208333,0.4375,0.698704,0.0,1.0,-20.89,-20.89,-5.78,-1.156,0.2,0.8,0.116208,1.101936,-12.74,-1.274,0.3,0.7,0.161842,1.754629,-18.14,-0.907,0.3,0.7,0.283004,1.775528,-10.0,-0.208333,0.4375,0.5625,0.698704,1.484874,112.0,28.7,0.25625,0.419643,1.089191,0.0,2.0,-57.27,-71.63,-16.27,-3.254,0.4,0.6,0.514183,10.352489,-34.03,-3.403,0.4,0.6,0.436029,9.032481,-47.03,-2.3515,0.3,0.7,0.460108,7.636981,-29.73,-0.5946,0.34,0.66,0.863961,12.155052,0,1,0,0,-2.13,2.13,-213.0,4,1,3,1.16085,0,1,-2.13,0.0,0.0,1
225,2026-03-11T00:02:35,2026-03-11,1976290858,2488089825,[sl 86.760],USOILm,SELL,0.01,-4.605170185988091,1,225.0,225.0,205.93,0.915244,0.4,1.204763,0.0,6.0,-102.57,-198.43,-37.84,-7.568,0.0,1.0,0.0,5.566983,-93.21,-9.321,0.2,0.8,0.155936,16.122803,-75.67,-3.7835,0.3,0.7,0.565415,19.251606,-9.04,-0.1808,0.34,0.66,0.970605,17.829039,65.0,-57.37,-0.882615,0.292308,0.482874,0.0,1.0,-58.51,-66.62,-13.78,-2.756,0.4,0.6,0.526623,8.7272,-22.27,-2.227,0.3,0.7,0.458546,6.517408,-16.03,-0.8015,0.4,0.6,0.702211,6.028938,-31.83,-0.6366,0.32,0.68,0.593694,3.957513,113.0,26.57,0.235133,0.415929,1.082029,0.0,3.0,-59.4,-71.63,-25.4,-5.08,0.2,0.8,0.286917,9.113919,-31.2,-3.12,0.4,0.6,0.457486,9.023595,-59.4,-2.97,0.25,0.75,0.334379,7.072205,-12.7,-0.254,0.34,0.66,0.936976,11.865199,0,1,0,0,-2.5,2.5,-250.0,0,2,3,86.76,0,1,-2.5,0.0,0.0,1
226,2026-03-11T00:13:20,2026-03-11,1976308468,0,[sl 1.16097],EURUSDm,BUY,0.01,-4.605170185988091,1,226.0,226.0,203.43,0.900133,0.39823,1.201775,0.0,7.0,-105.07,-198.43,-37.77,-7.554,0.0,1.0,0.0,5.579608,-102.71,-10.271,0.1,0.9,0.090499,15.396668,-76.48,-3.824,0.3,0.7,0.562797,19.248011,-1.95,-0.039,0.34,0.66,0.99351,17.781772,49.0,-12.13,-0.247551,0.428571,0.656569,0.0,2.0,-23.02,-23.02,-6.53,-1.306,0.2,0.8,0.104252,1.171095,-15.65,-1.565,0.2,0.8,0.096942,1.626476,-19.29,-0.9645,0.3,0.7,0.270699,1.795471,-12.13,-0.247551,0.428571,0.571429,0.656569,1.49455,112.0,179.36,1.601429,0.383929,1.263072,0.0,4.0,-97.58,-198.43,-24.86,-4.972,0.2,0.8,0.667691,32.392306,10.53,1.053,0.3,0.7,1.094313,30.422852,-26.17,-1.3085,0.25,0.75,0.867761,24.72126,-55.32,-1.1064,0.32,0.68,0.834639,18.083481,0,1,0,0,-0.39,0.39,-39.0,0,2,3,1.16097,0,1,-0.39,0.0,0.0,1
227,2026-03-11T00:45:28,2026-03-11,1976352314,0,[sl 69994.09000],BTCUSDm,BUY,0.02,-3.912023005428146,1,227.0,227.0,203.04,0.894449,0.396476,1.201311,0.0,8.0,-105.46,-198.43,-29.79,-5.958,0.0,1.0,0.0,6.222236,-89.33,-8.933,0.1,0.9,0.102662,15.614297,-71.91,-3.5955,0.3,0.7,0.577894,19.260291,-3.26,-0.0652,0.32,0.68,0.989164,17.781305,54.0,78.92,1.461481,0.481481,1.344328,0.0,1.0,-28.19,-38.45,-25.24,-5.048,0.2,0.8,0.288212,8.087943,-6.78,-0.678,0.4,0.6,0.888119,12.220067,31.02,1.551,0.4,0.6,1.244021,16.554958,71.77,1.4354,0.46,0.54,1.31434,12.691969,113.0,178.97,1.583805,0.380531,1.26235,0.0,5.0,-97.97,-198.43,-75.2,-15.04,0.0,1.0,0.0,18.676471,-39.9,-3.99,0.2,0.8,0.643877,25.697348,-25.8,-1.29,0.25,0.75,0.869387,24.721802,-55.01,-1.1002,0.32,0.68,0.835413,18.083672,0,1,0,0,-5.43,5.43,-271.5,0,2,3,69997.58,0,1,-5.43,0.0,0.0,1
228,2026-03-11T01:09:24,2026-03-11,1976386834,0,[tp 83.92300],USOILm,BUY,0.01,-4.605170185988091,1,228.0,228.0,197.61,0.866711,0.394737,1.194878,0.0,9.0,-110.89,-198.43,-28.0,-5.6,0.0,1.0,0.0,6.190741,-87.19,-8.719,0.1,0.9,0.104917,15.646143,-99.53,-4.9765,0.25,0.75,0.433813,18.329629,-1.0,-0.02,0.32,0.68,0.996651,17.76473,66.0,-59.87,-0.907121,0.287879,0.472232,0.0,2.0,-61.01,-66.62,-3.25,-0.65,0.4,0.6,0.825081,7.115538,-21.33,-2.133,0.3,0.7,0.469271,6.506003,-19.31,-0.9655,0.35,0.65,0.657199,6.028299,-33.66,-0.6732,0.32,0.68,0.580142,3.966105,114.0,173.54,1.522281,0.377193,1.252381,0.0,6.0,-103.4,-198.43,-66.86,-13.372,0.0,1.0,0.0,19.083401,-43.64,-4.364,0.2,0.8,0.623078,25.688367,-17.48,-0.874,0.25,0.75,0.907616,24.578219,-86.97,-1.7394,0.3,0.7,0.74395,17.655509,1,0,0,0,8.55,8.55,855.0,1,2,3,83.923,1,0,8.55,0.0,0.0,1
229,2026-03-11T01:38:08,2026-03-11,1976440954,0,[sl 82.53400],USOILm,BUY,0.01,-4.605170185988091,1,229.0,229.0,206.16,0.900262,0.39738,1.20331,1.0,0.0,-102.34,-198.43,-1.9,-0.38,0.2,0.8,0.818182,4.749829,-88.86,-8.886,0.1,0.9,0.087773,15.450798,-85.23,-4.2615,0.3,0.7,0.498765,18.562933,38.91,0.7782,0.34,0.66,1.14561,17.227115,67.0,-51.32,-0.76597,0.298507,0.547602,1.0,0.0,-52.46,-66.62,14.16,2.832,0.6,0.4,2.45679,6.47717,-11.21,-1.121,0.4,0.6,0.709736,7.258436,-10.12,-0.506,0.4,0.6,0.81828,6.375828,-22.86,-0.4572,0.34,0.66,0.706622,4.163527,115.0,182.09,1.583391,0.382609,1.264816,1.0,0.0,-94.85,-198.43,-7.06,-1.412,0.2,0.8,0.547726,5.504618,-57.28,-5.728,0.2,0.8,0.505269,24.580426,22.43,1.1215,0.3,0.7,1.142097,23.623666,-77.94,-1.5588,0.32,0.68,0.770211,17.713557,0,1,0,0,-4.5,4.5,-450.0,1,2,3,82.534,0,1,-4.5,0.0,0.0,1
230,2026-03-11T03:13:57,2026-03-11,1976574031,0,[sl 83.23300],USOILm,BUY,0.01,-4.605170185988091,1,230.0,230.0,201.66,0.876783,0.395652,1.197993,0.0,1.0,-106.84,-198.43,-4.27,-0.854,0.2,0.8,0.666927,5.011844,-42.11,-4.211,0.1,0.9,0.168772,6.270916,-90.49,-4.5245,0.25,0.75,0.481552,18.527153,55.04,1.1008,0.34,0.66,1.219204,16.972342,68.0,-55.82,-0.820882,0.294118,0.526708,0.0,1.0,-56.96,-66.62,1.33,0.266,0.4,0.6,1.09353,6.330515,-19.24,-1.924,0.3,0.7,0.553803,7.142735,-15.3,-0.765,0.35,0.65,0.745805,6.427393,-23.53,-0.4706,0.34,0.66,0.700598,4.175422,116.0,177.59,1.530948,0.37931,1.256592,0.0,1.0,-99.35,-198.43,-8.99,-1.798,0.2,0.8,0.487457,5.638331,-56.03,-5.603,0.2,0.8,0.510783,24.583174,38.56,1.928,0.3,0.7,1.272086,23.13765,-82.01,-1.6402,0.32,0.68,0.761078,17.717534,0,1,0,0,-6.38,6.38,-638.0,3,2,3,83.233,0,1,-6.38,0.0,0.0,1
231,2026-03-11T03:38:37,2026-03-11,1976602829,0,[tp 69665.86000],BTCUSDm,BUY,0.02,-3.912023005428146,1,231.0,231.0,195.28,0.845368,0.393939,1.190536,0.0,2.0,-113.22,-198.43,-8.15,-1.63,0.2,0.8,0.511976,5.484695,-45.92,-4.592,0.1,0.9,0.156967,6.27538,-67.47,-3.3735,0.25,0.75,0.554712,17.639819,26.13,0.5226,0.32,0.68,1.101488,16.723071,55.0,73.49,1.336182,0.472727,1.313217,0.0,2.0,-33.62,-38.45,-24.92,-4.984,0.2,0.8,0.290837,8.083399,-23.38,-2.338,0.3,0.7,0.645919,11.610128,39.64,1.982,0.4,0.6,1.334515,16.252632,66.31,1.3262,0.44,0.56,1.283679,12.727031,117.0,171.21,1.463333,0.376068,1.245114,0.0,2.0,-105.73,-198.43,-8.15,-1.63,0.2,0.8,0.511976,5.484695,-33.01,-3.301,0.2,0.8,0.639274,23.290855,9.65,0.4825,0.25,0.75,1.065159,22.704414,-67.96,-1.3592,0.32,0.68,0.79356,17.527699,1,0,0,0,5.92,5.92,296.0,3,2,3,69665.86,1,0,5.92,0.0,0.0,1
232,2026-03-11T05:26:33,2026-03-11,1976716467,0,[sl 69956.30000],BTCUSDm,BUY,0.02,-3.912023005428146,1,232.0,232.0,201.2,0.867241,0.396552,1.196312,1.0,0.0,-107.3,-198.43,-1.84,-0.368,0.4,0.6,0.887186,6.29144,-31.63,-3.163,0.2,0.8,0.313883,6.852827,-48.52,-2.426,0.3,0.7,0.64965,17.604588,18.45,0.369,0.32,0.68,1.071659,16.637301,56.0,79.41,1.418036,0.482143,1.338448,1.0,0.0,-27.7,-38.45,-5.23,-1.046,0.4,0.6,0.755264,7.6272,-27.7,-2.77,0.3,0.7,0.580494,11.207466,32.46,1.623,0.4,0.6,1.273924,16.081482,75.71,1.5142,0.46,0.54,1.328788,12.724073,118.0,177.13,1.501102,0.381356,1.25359,1.0,0.0,-99.81,-198.43,-1.84,-0.368,0.4,0.6,0.887186,6.29144,-77.04,-7.704,0.2,0.8,0.158125,15.748438,18.42,0.921,0.3,0.7,1.126816,22.720501,-53.18,-1.0636,0.34,0.66,0.833989,17.523337,0,1,0,0,-4.8,4.8,-240.0,5,2,3,69959.05,0,1,-4.8,0.0,0.0,1
233,2026-03-11T06:39:49,2026-03-11,1976828522,0,[sl 69774.56000],BTCUSDm,SELL,0.02,-3.912023005428146,1,233.0,233.0,196.4,0.842918,0.39485,1.190735,0.0,1.0,-112.1,-198.43,-1.21,-0.242,0.4,0.6,0.922832,6.19436,-29.21,-2.921,0.2,0.8,0.331273,6.747202,-44.46,-2.223,0.3,0.7,0.66927,17.552557,15.49,0.3098,0.32,0.68,1.059479,16.650317,57.0,74.61,1.308947,0.473684,1.311615,0.0,1.0,-32.5,-38.45,-2.46,-0.492,0.4,0.6,0.867742,7.223106,-18.29,-1.829,0.3,0.7,0.676969,10.585204,-6.12,-0.306,0.35,0.65,0.950365,14.326623,74.43,1.4886,0.46,0.54,1.321442,12.735459,114.0,24.07,0.21114,0.412281,1.073742,0.0,4.0,-61.9,-71.63,-20.33,-4.066,0.2,0.8,0.334534,9.062372,-34.46,-3.446,0.3,0.7,0.425762,8.935994,-60.68,-3.034,0.25,0.75,0.329651,7.061863,-12.67,-0.2534,0.34,0.66,0.937115,11.865085,0,1,0,0,-8.66,8.66,-433.0,6,2,3,69773.31,0,1,-8.66,0.0,0.0,1
234,2026-03-11T08:57:30,2026-03-11,1977201054,0,[sl 1.16143],EURUSDm,SELL,0.01,-4.605170185988091,1,234.0,234.0,187.74,0.802308,0.393162,1.180804,0.0,2.0,-120.76,-198.43,-18.42,-3.684,0.2,0.8,0.243221,5.023487,-20.32,-2.032,0.2,0.8,0.415924,5.16016,-61.45,-3.0725,0.25,0.75,0.57055,17.431984,8.6,0.172,0.32,0.68,1.032171,16.69541,50.0,-12.52,-0.2504,0.42,0.649398,0.0,3.0,-23.41,-23.41,-6.02,-1.204,0.2,0.8,0.112094,1.223072,-13.67,-1.367,0.2,0.8,0.109446,1.636912,-20.21,-1.0105,0.25,0.75,0.247019,1.76817,-12.52,-0.2504,0.42,0.58,0.649398,1.479663,115.0,15.41,0.134,0.408696,1.04599,0.0,5.0,-70.56,-71.63,-39.21,-7.842,0.0,1.0,0.0,5.592085,-30.09,-3.009,0.3,0.7,0.459202,8.555366,-67.72,-3.386,0.25,0.75,0.305863,7.157418,-34.13,-0.6826,0.32,0.68,0.837584,11.772919,0,1,0,0,-1.37,1.37,-137.0,8,2,3,1.16143,0,1,-1.37,0.0,0.0,1
235,2026-03-11T23:56:26,2026-03-11,1981066247,0,[sl 5141.22500],XAUUSDm,SELL,0.01,-4.605170185988091,1,235.0,235.0,186.37,0.793064,0.391489,1.179248,0.0,3.0,-122.13,-198.43,-15.29,-3.058,0.2,0.8,0.279114,5.077529,-19.56,-1.956,0.2,0.8,0.425213,5.163753,-112.77,-5.6385,0.2,0.8,0.219369,12.524591,3.67,0.0734,0.3,0.7,1.013659,16.689667,46.0,202.69,4.406304,0.456522,1.32836,0.0,2.0,-103.05,-193.87,1.79,0.358,0.4,0.6,1.018228,41.94589,-14.4,-1.44,0.4,0.6,0.912163,34.077828,-63.65,-3.1825,0.3,0.7,0.764912,27.496614,202.69,4.406304,0.456522,0.543478,1.32836,39.922233,116.0,14.04,0.121034,0.405172,1.041731,0.0,6.0,-71.93,-71.93,-32.21,-6.442,0.0,1.0,0.0,6.134575,-22.6,-2.26,0.3,0.7,0.530633,8.335376,-67.71,-3.3855,0.25,0.75,0.305894,7.157559,-36.12,-0.7224,0.3,0.7,0.829228,11.771811,0,1,0,1,-48.26,48.26,-4826.0,23,2,3,5141.225,0,1,-48.26,0.0,0.0,1
236,2026-03-12T00:09:22,2026-03-12,1981126516,0,[tp 91.04500],USOILm,SELL,0.01,-4.605170185988091,1,236.0,236.0,138.11,0.585212,0.389831,1.126941,0.0,4.0,-170.39,-198.43,-57.17,-11.434,0.2,0.8,0.093834,19.027899,-65.32,-6.532,0.2,0.8,0.181351,14.835802,-168.03,-8.4015,0.15,0.85,0.128113,15.233983,-83.78,-1.6756,0.28,0.72,0.735668,17.07648,69.0,-62.2,-0.901449,0.289855,0.499678,0.0,2.0,-63.34,-66.62,-12.05,-2.41,0.2,0.8,0.415049,5.716551,-23.57,-2.357,0.3,0.7,0.503267,7.267405,-22.0,-1.1,0.3,0.7,0.669521,6.535801,-27.34,-0.5468,0.34,0.66,0.668204,4.247188,117.0,-34.22,-0.292479,0.401709,0.911048,0.0,7.0,-120.19,-120.19,-62.92,-12.584,0.0,1.0,0.0,18.027211,-79.19,-7.919,0.2,0.8,0.178612,15.422043,-112.53,-5.6265,0.25,0.75,0.209595,12.120002,-66.22,-1.3244,0.3,0.7,0.725922,13.316464,1,0,0,0,7.63,7.63,763.0,0,3,3,91.045,1,0,7.63,0.0,0.0,1
237,2026-03-12T00:55:39,2026-03-12,1981238658,0,[sl 91.91800],USOILm,SELL,0.01,-4.605170185988091,1,237.0,237.0,145.74,0.614937,0.392405,1.133953,1.0,0.0,-162.76,-198.43,-55.46,-11.092,0.2,0.8,0.120938,19.349391,-57.3,-5.73,0.3,0.7,0.278338,15.35388,-146.63,-7.3315,0.2,0.8,0.180609,15.567233,-94.4,-1.888,0.28,0.72,0.702161,16.892375,70.0,-54.57,-0.779571,0.3,0.561052,1.0,0.0,-55.71,-66.62,2.8,0.56,0.4,0.6,1.209268,6.276238,-10.98,-1.098,0.4,0.6,0.741586,7.779881,-13.61,-0.6805,0.35,0.65,0.793193,6.807759,-17.76,-0.3552,0.36,0.64,0.779242,4.393145,118.0,-26.59,-0.225339,0.40678,0.930881,1.0,0.0,-112.56,-120.19,-53.16,-10.632,0.2,0.8,0.125514,19.520092,-78.56,-7.856,0.2,0.8,0.185147,15.484022,-103.33,-5.1665,0.3,0.7,0.266122,12.435708,-57.97,-1.1594,0.32,0.68,0.759451,13.375152,0,1,0,0,-4.63,4.63,-463.0,0,3,3,91.918,0,1,-4.63,0.0,0.0,1
238,2026-03-12T01:07:41,2026-03-12,1981273920,0,[tp 1.15366],EURUSDm,BUY,0.01,-4.605170185988091,1,238.0,238.0,141.11,0.592899,0.390756,1.129148,0.0,1.0,-167.39,-198.43,-55.29,-11.058,0.2,0.8,0.121265,19.360563,-56.5,-5.65,0.3,0.7,0.28117,15.357318,-143.69,-7.1845,0.2,0.8,0.183626,15.578164,-96.18,-1.9236,0.28,0.72,0.69824,16.89624,51.0,-13.89,-0.272353,0.411765,0.625405,0.0,4.0,-24.78,-24.78,-5.7,-1.14,0.2,0.8,0.117647,1.204193,-15.96,-1.596,0.1,0.9,0.045455,1.450519,-21.23,-1.0615,0.25,0.75,0.237976,1.763086,-16.33,-0.3266,0.4,0.6,0.559601,1.436629,119.0,172.33,1.448151,0.378151,1.245034,0.0,1.0,-104.61,-198.43,-1.21,-0.242,0.4,0.6,0.922832,6.19436,-68.07,-6.807,0.2,0.8,0.175309,15.632414,18.69,0.9345,0.3,0.7,1.128914,22.717017,-61.53,-1.2306,0.32,0.68,0.810758,17.51836,1,0,0,0,1.36,1.36,136.0,1,3,3,1.15366,1,0,1.36,0.0,0.0,1
239,2026-03-12T02:01:26,2026-03-12,1981360296,0,[sl 5165.15800],XAUUSDm,BUY,0.01,-4.605170185988091,1,239.0,239.0,142.47,0.596109,0.393305,1.130393,1.0,0.0,-166.03,-198.43,-45.27,-9.054,0.4,0.6,0.165684,20.012663,-63.69,-6.369,0.3,0.7,0.189695,14.835103,-152.55,-7.6275,0.2,0.8,0.133288,15.198274,-89.75,-1.795,0.3,0.7,0.713862,16.896273,47.0,154.43,3.285745,0.446809,1.232037,0.0,3.0,-151.31,-193.87,-96.51,-19.302,0.2,0.8,0.341049,36.769876,-48.91,-4.891,0.4,0.6,0.75354,36.789218,-124.71,-6.2355,0.25,0.75,0.609072,28.906228,154.43,3.285745,0.446809,0.553191,1.232037,40.219827,120.0,173.69,1.447417,0.383333,1.246968,1.0,0.0,-103.25,-198.43,-8.4,-1.68,0.4,0.6,0.464286,4.621221,-15.46,-1.546,0.3,0.7,0.505912,5.083916,20.95,1.0475,0.35,0.65,1.145405,22.713231,-58.54,-1.1708,0.34,0.66,0.819047,17.521998,0,1,0,1,-17.52,17.52,-1752.0,2,3,3,5165.158,0,1,-17.52,0.0,0.0,1
240,2026-03-12T02:17:44,2026-03-12,1981394947,0,[sl 91.20000],USOILm,SELL,0.01,-4.605170185988091,1,240.0,240.0,124.95,0.520625,0.391667,1.112553,0.0,1.0,-183.55,-198.43,-61.42,-12.284,0.4,0.6,0.127681,19.814127,-76.71,-7.671,0.3,0.7,0.162737,15.181246,-118.82,-5.941,0.2,0.8,0.164886,11.742666,-93.25,-1.865,0.3,0.7,0.705984,16.953927,71.0,-59.2,-0.833803,0.295775,0.540907,0.0,1.0,-60.34,-66.62,0.67,0.134,0.4,0.6,1.043198,6.536374,-2.58,-0.258,0.4,0.6,0.924318,6.843332,-10.55,-0.5275,0.35,0.65,0.831873,6.681725,-21.66,-0.4332,0.36,0.64,0.743213,4.433543,119.0,-31.22,-0.262353,0.403361,0.919811,0.0,1.0,-117.19,-120.19,-55.29,-11.058,0.2,0.8,0.121265,19.360563,-75.62,-7.562,0.2,0.8,0.19097,15.514542,-111.49,-5.5745,0.25,0.75,0.233377,12.276535,-65.68,-1.3136,0.3,0.7,0.732595,13.36983,0,1,0,0,-8.07,8.07,-807.0,2,3,3,91.2,0,1,-8.07,0.0,0.0,1
241,2026-03-12T12:27:24,2026-03-12,1982838543,0,[tp 91.08400],USOILm,SELL,0.01,-4.605170185988091,1,241.0,241.0,116.88,0.484979,0.390041,1.104524,0.0,2.0,-191.62,-198.43,-21.23,-4.246,0.4,0.6,0.297485,8.52568,-78.4,-7.84,0.3,0.7,0.15979,15.175339,-124.32,-6.216,0.2,0.8,0.158749,11.72489,-112.49,-2.2498,0.28,0.72,0.654122,16.871852,72.0,-67.27,-0.934306,0.291667,0.50905,0.0,2.0,-68.41,-68.41,-15.95,-3.19,0.2,0.8,0.323579,5.565116,-1.79,-0.179,0.4,0.6,0.946246,6.747462,-32.22,-1.611,0.3,0.7,0.545044,6.027987,-29.16,-0.5832,0.36,0.64,0.682526,4.560685,120.0,-39.29,-0.327417,0.4,0.901132,0.0,2.0,-125.26,-125.26,-54.7,-10.94,0.2,0.8,0.122413,19.376611,-93.91,-9.391,0.1,0.9,0.075143,14.344394,-105.35,-5.2675,0.25,0.75,0.243664,12.132676,-118.51,-2.3702,0.28,0.72,0.532855,11.665908,1,0,0,0,3.63,3.63,363.0,12,3,3,91.084,1,0,3.63,0.0,0.0,1
242,2026-03-12T13:05:10,2026-03-12,1982974556,0,[sl 5173.65200],XAUUSDm,SELL,0.01,-4.605170185988091,1,242.0,242.0,120.51,0.497975,0.392562,1.10777,1.0,0.0,-187.99,-198.43,-25.23,-5.046,0.4,0.6,0.165122,7.499708,-80.69,-8.069,0.3,0.7,0.135248,14.982016,-112.32,-5.616,0.25,0.75,0.194319,11.904967,-119.1,-2.382,0.28,0.72,0.633798,16.79921,48.0,136.91,2.852292,0.4375,1.200436,0.0,4.0,-168.83,-193.87,-84.63,-16.926,0.2,0.8,0.371155,36.42279,-35.07,-3.507,0.4,0.6,0.810032,36.01971,-124.07,-6.2035,0.25,0.75,0.610296,28.893361,136.91,2.852292,0.4375,0.5625,1.200436,39.90945,121.0,-35.66,-0.294711,0.404959,0.910267,1.0,0.0,-121.63,-125.26,-49.7,-9.94,0.4,0.6,0.184711,19.964795,-81.91,-8.191,0.2,0.8,0.120854,14.871854,-99.67,-4.9835,0.3,0.7,0.273754,12.270364,-101.37,-2.0274,0.3,0.7,0.577942,11.585078,0,1,0,0,-7.69,7.69,-769.0,13,3,3,5173.652,0,1,-7.69,0.0,0.0,1
243,2026-03-13T00:23:22,2026-03-13,1985982615,0,[tp 96.03200],USOILm,SELL,0.01,-4.605170185988091,1,243.0,243.0,112.82,0.46428,0.390947,1.100204,0.0,1.0,-195.68,-198.43,-28.29,-5.658,0.4,0.6,0.14994,7.565356,-83.58,-8.358,0.3,0.7,0.131185,14.943996,-112.79,-5.6395,0.25,0.75,0.193666,11.908573,-125.57,-2.5114,0.28,0.72,0.621435,16.814672,73.0,-63.64,-0.871781,0.30137,0.535542,1.0,0.0,-64.78,-68.41,-7.82,-1.564,0.4,0.6,0.590147,6.106218,-6.49,-0.649,0.4,0.6,0.805105,6.286326,-26.75,-1.3375,0.35,0.65,0.612206,6.134542,-24.96,-0.4992,0.38,0.62,0.726556,4.598675,122.0,-43.35,-0.355328,0.401639,0.892987,0.0,1.0,-129.32,-129.32,-9.13,-1.826,0.4,0.6,0.552231,6.331198,-72.05,-7.205,0.2,0.8,0.135158,14.541865,-106.08,-5.304,0.3,0.7,0.261538,12.253146,-107.82,-2.1564,0.3,0.7,0.562827,11.611473,1,0,0,0,6.6,6.6,660.0,0,4,3,96.032,1,0,6.6,0.0,0.0,1
244,2026-03-13T01:00:43,2026-03-13,1986036288,0,[sl 95.28500],USOILm,SELL,0.01,-4.605170185988091,1,244.0,244.0,119.42,0.489426,0.393443,1.106066,1.0,0.0,-189.08,-198.43,-23.05,-4.61,0.4,0.6,0.307392,8.737137,-68.32,-6.832,0.4,0.6,0.219557,15.599981,-88.64,-4.432,0.3,0.7,0.275403,11.863951,-117.35,-2.347,0.3,0.7,0.64448,16.862699,74.0,-57.04,-0.770811,0.310811,0.58371,2.0,0.0,-58.18,-68.41,5.16,1.032,0.6,0.4,1.406299,6.264032,-6.89,-0.689,0.4,0.6,0.793093,6.238619,-18.38,-0.919,0.4,0.6,0.726529,6.37168,-18.72,-0.3744,0.38,0.62,0.794917,4.703769,123.0,-36.75,-0.29878,0.406504,0.909279,1.0,0.0,-122.72,-129.32,-10.16,-2.032,0.4,0.6,0.501717,6.029754,-63.32,-6.332,0.3,0.7,0.220005,15.072689,-94.52,-4.726,0.35,0.65,0.31848,12.525368,-99.83,-1.9966,0.32,0.68,0.592929,11.675723,0,1,0,0,-4.99,4.99,-499.0,1,4,3,95.285,0,1,-4.99,0.0,0.0,1
245,2026-03-13T02:00:20,2026-03-13,1986145997,0,[sl 5118.15900],XAUUSDm,BUY,0.01,-4.605170185988091,1,245.0,245.0,114.43,0.467061,0.391837,1.101186,0.0,1.0,-194.07,-198.43,-10.52,-2.104,0.4,0.6,0.493012,6.062407,-71.94,-7.194,0.4,0.6,0.210838,15.51078,-91.5,-4.575,0.3,0.7,0.269111,11.852573,-120.96,-2.4192,0.3,0.7,0.637508,16.866132,49.0,129.22,2.637143,0.428571,1.187072,0.0,5.0,-176.52,-193.87,-142.27,-28.454,0.0,1.0,0.0,17.784985,-22.13,-2.213,0.4,0.6,0.87109,35.611446,-176.52,-8.826,0.2,0.8,0.458627,26.423387,129.22,2.637143,0.428571,0.571429,1.187072,39.528226,121.0,156.17,1.290661,0.380165,1.216659,0.0,1.0,-120.77,-198.43,-21.42,-4.284,0.4,0.6,0.253659,7.947673,-30.41,-3.041,0.3,0.7,0.342344,7.001656,-23.59,-1.1795,0.3,0.7,0.854022,22.236016,-75.39,-1.5078,0.34,0.66,0.778499,17.670533,0,1,0,1,-22.39,22.39,-2239.0,2,4,3,5118.159,0,1,-22.39,0.0,0.0,1
246,2026-03-13T02:59:31,2026-03-13,1986239598,0,[sl 94.58600],USOILm,SELL,0.01,-4.605170185988091,1,246.0,246.0,92.04,0.374146,0.390244,1.079807,0.0,2.0,-216.46,-216.46,-24.84,-4.968,0.4,0.6,0.291702,10.185088,-46.07,-4.607,0.4,0.6,0.294379,9.399039,-111.39,-5.5695,0.3,0.7,0.232217,12.455837,-142.45,-2.849,0.3,0.7,0.598936,17.094215,75.0,-62.03,-0.827067,0.306667,0.5632,0.0,1.0,-63.17,-68.41,-7.46,-1.492,0.4,0.6,0.578293,5.604792,-4.66,-0.466,0.4,0.6,0.850016,6.037806,-26.93,-1.3465,0.35,0.65,0.627008,6.34359,-22.83,-0.4566,0.38,0.62,0.760667,4.747594,124.0,-41.74,-0.336613,0.403226,0.898215,0.0,1.0,-127.71,-129.32,-10.52,-2.104,0.4,0.6,0.493012,6.062407,-65.81,-6.581,0.3,0.7,0.213458,15.027828,-100.27,-5.0135,0.3,0.7,0.30213,12.461977,-95.05,-1.901,0.32,0.68,0.604716,11.631167,0,1,0,0,-2.83,2.83,-283.0,2,4,3,94.586,0,1,-2.83,0.0,0.0,1
247,2026-03-13T08:06:17,2026-03-13,1986782436,0,[tp 1.14776],EURUSDm,BUY,0.01,-4.605170185988091,1,247.0,247.0,89.21,0.361174,0.388664,1.077164,0.0,3.0,-219.29,-219.29,-31.3,-6.26,0.2,0.8,0.174142,9.391264,-56.53,-5.653,0.3,0.7,0.170141,8.519928,-113.83,-5.6915,0.3,0.7,0.228376,12.416396,-141.84,-2.8368,0.3,0.7,0.599966,17.094007,52.0,-12.53,-0.240962,0.423077,0.662082,1.0,0.0,-23.42,-24.78,-5.1,-1.02,0.2,0.8,0.210526,1.401314,-9.53,-0.953,0.2,0.8,0.181974,1.16511,-23.42,-1.171,0.25,0.75,0.159368,1.525244,-15.13,-0.3026,0.4,0.6,0.591963,1.45447,122.0,133.78,1.096557,0.377049,1.180005,0.0,2.0,-143.16,-198.43,-37.43,-7.486,0.4,0.6,0.162827,10.844331,-45.58,-4.558,0.3,0.7,0.257776,9.078209,-35.05,-1.7525,0.3,0.7,0.797469,22.624163,-84.32,-1.6864,0.34,0.66,0.758596,17.8348,1,0,0,0,4.14,4.14,414.0,8,4,3,1.14776,1,0,4.14,0.0,0.0,1
248,2026-03-13T08:13:51,2026-03-13,1986807597,0,[tp 95.83900],USOILm,SELL,0.01,-4.605170185988091,1,248.0,248.0,93.35,0.376411,0.391129,1.080745,1.0,0.0,-215.15,-219.29,-19.47,-3.894,0.4,0.6,0.355511,10.189254,-47.76,-4.776,0.4,0.6,0.247756,9.016966,-104.26,-5.213,0.35,0.65,0.26624,12.600294,-136.13,-2.7226,0.32,0.68,0.614363,17.12114,76.0,-64.86,-0.853421,0.302632,0.552196,0.0,2.0,-66.0,-68.41,-5.66,-1.132,0.4,0.6,0.643801,5.447269,-4.99,-0.499,0.4,0.6,0.841083,6.049723,-26.32,-1.316,0.35,0.65,0.632351,6.334912,-25.82,-0.5164,0.36,0.64,0.737121,4.758269,125.0,-44.57,-0.35656,0.4,0.892059,0.0,2.0,-130.54,-130.54,-5.28,-1.056,0.4,0.6,0.659574,5.351753,-59.98,-5.998,0.3,0.7,0.229445,15.048937,-90.07,-4.5035,0.3,0.7,0.325217,12.331502,-78.19,-1.5638,0.32,0.68,0.650313,11.351592,1,0,0,0,2.94,2.94,294.0,8,4,3,95.839,1,0,2.94,0.0,0.0,1
249,2026-03-13T08:47:05,2026-03-13,1986928048,0,[tp 1.14656],EURUSDm,BUY,0.01,-4.605170185988091,1,249.0,249.0,96.29,0.386707,0.393574,1.083288,2.0,0.0,-212.21,-219.29,-23.13,-4.626,0.4,0.6,0.234359,9.518455,-46.18,-4.618,0.4,0.6,0.272641,9.136155,-109.87,-5.4935,0.35,0.65,0.226758,12.350761,-160.21,-3.2042,0.32,0.68,0.546147,16.608743,53.0,-8.39,-0.158302,0.433962,0.773732,2.0,0.0,-19.28,-24.78,1.61,0.322,0.4,0.6,1.413882,2.237708,-4.17,-0.417,0.3,0.7,0.600192,1.912308,-17.65,-0.8825,0.3,0.7,0.327106,1.908648,-10.79,-0.2158,0.42,0.58,0.70743,1.58192,123.0,137.92,1.121301,0.382114,1.185576,1.0,0.0,-139.02,-198.43,-39.21,-7.842,0.4,0.6,0.123015,10.419279,-41.05,-4.105,0.4,0.6,0.32727,9.382802,-80.95,-4.0475,0.3,0.7,0.532243,19.344215,-77.58,-1.5516,0.36,0.64,0.776227,17.852847,1,0,0,0,1.06,1.06,106.0,8,4,3,1.14656,1,0,1.06,0.0,0.0,1
250,2026-03-13T11:15:13,2026-03-13,1987496715,0,[tp 72335.52000],BTCUSDm,SELL,0.02,-3.912023005428146,1,250.0,250.0,97.35,0.3894,0.396,1.084205,3.0,0.0,-211.15,-219.29,-17.08,-3.416,0.6,0.4,0.32276,9.776324,-27.6,-2.76,0.5,0.5,0.399608,8.160575,-104.31,-5.2155,0.4,0.6,0.241878,12.4323,-162.68,-3.2536,0.32,0.68,0.53915,16.592305,58.0,65.95,1.137069,0.465517,1.265831,0.0,2.0,-41.16,-41.16,-21.34,-4.268,0.2,0.8,0.217168,5.320614,-16.02,-1.602,0.3,0.7,0.705244,10.410497,2.25,0.1125,0.35,0.65,1.019577,13.94926,57.34,1.1468,0.44,0.56,1.238708,12.773852,126.0,-41.63,-0.330397,0.404762,0.899179,1.0,0.0,-127.6,-130.54,-5.97,-1.194,0.4,0.6,0.615087,5.236803,-55.67,-5.567,0.4,0.6,0.272002,15.235869,-78.27,-3.9135,0.35,0.65,0.371931,12.391092,-72.97,-1.4594,0.34,0.66,0.670296,11.368517,1,0,1,0,38.51,38.51,1925.5,11,4,3,72335.52,1,0,38.51,0.0,0.0,1
251,2026-03-13T13:02:15,2026-03-13,1987929228,0,[sl 1.14721],EURUSDm,BUY,0.01,-4.605170185988091,1,251.0,251.0,135.86,0.541275,0.398406,1.117515,4.0,0.0,-172.64,-219.29,43.82,8.764,0.8,0.2,10.0,15.059199,18.98,1.898,0.6,0.4,1.500792,14.573939,-59.42,-2.971,0.45,0.55,0.547138,15.654152,-109.96,-2.1992,0.34,0.66,0.675433,17.512166,54.0,-7.33,-0.135741,0.444444,0.802319,3.0,0.0,-18.22,-24.78,4.8,0.96,0.6,0.4,3.727273,1.872635,-1.73,-0.173,0.4,0.6,0.80884,1.929456,-13.99,-0.6995,0.35,0.65,0.407956,1.910661,-9.0,-0.18,0.44,0.56,0.751037,1.590112,124.0,138.98,1.120806,0.387097,1.187002,2.0,0.0,-137.96,-198.43,-33.35,-6.67,0.6,0.4,0.16437,11.008459,-34.56,-3.456,0.5,0.5,0.378305,9.492519,-78.2,-3.91,0.35,0.65,0.543677,19.370239,-77.53,-1.5506,0.36,0.64,0.776371,17.852992,0,1,0,0,-1.22,1.22,-122.0,13,4,3,1.14721,0,1,-1.22,0.0,0.0,1
252,2026-03-13T13:48:57,2026-03-13,1988157586,0,[tp 72914.95000],BTCUSDm,SELL,0.02,-3.912023005428146,1,252.0,252.0,134.64,0.534286,0.396825,1.116337,0.0,1.0,-173.86,-219.29,45.43,9.086,0.8,0.2,10.0,14.823214,14.13,1.413,0.5,0.5,1.361196,14.588923,-66.56,-3.328,0.4,0.6,0.497395,15.528227,-109.13,-2.1826,0.34,0.66,0.677092,17.512693,59.0,104.46,1.770508,0.474576,1.421057,1.0,0.0,-2.65,-41.16,25.54,5.108,0.4,0.6,2.352038,17.407634,0.3,0.03,0.3,0.7,1.00552,14.491596,45.26,2.263,0.4,0.6,1.409852,16.205303,100.06,2.0012,0.46,0.54,1.423983,13.776341,127.0,-3.12,-0.024567,0.409449,0.992444,2.0,0.0,-89.09,-130.54,40.23,8.046,0.6,0.4,6.144501,15.776198,31.1,3.11,0.5,0.5,2.102446,12.994243,-48.09,-2.4045,0.35,0.65,0.614107,15.289035,-33.44,-0.6688,0.36,0.64,0.848207,12.671437,1,0,0,0,7.99,7.99,399.5,13,4,3,72914.95,1,0,7.99,0.0,0.0,1
253,2026-03-13T14:18:51,2026-03-13,1988296517,0,[tp 73175.19000],BTCUSDm,SELL,0.02,-3.912023005428146,1,253.0,253.0,142.63,0.563755,0.399209,1.123241,1.0,0.0,-165.87,-219.29,49.28,9.856,0.8,0.2,10.0,14.645218,29.81,2.981,0.6,0.4,1.948457,14.36723,-53.77,-2.6885,0.45,0.55,0.578704,15.716659,-90.21,-1.8042,0.36,0.64,0.724154,17.523998,60.0,112.45,1.874167,0.483333,1.453263,2.0,0.0,0.0,-41.16,38.96,7.792,0.6,0.4,3.894502,16.591358,14.04,1.404,0.4,0.6,1.288889,14.529756,60.58,3.029,0.45,0.55,1.587585,16.095457,114.6,2.292,0.48,0.52,1.499455,13.746194,128.0,4.87,0.038047,0.414062,1.011794,3.0,0.0,-81.1,-130.54,41.62,8.324,0.6,0.4,6.322251,15.760507,31.46,3.146,0.5,0.5,2.115207,13.007207,-47.1,-2.355,0.35,0.65,0.622051,15.320972,-26.23,-0.5246,0.36,0.64,0.880935,12.728002,1,0,0,0,8.81,8.81,440.5,14,4,3,73175.19,1,0,8.81,0.0,0.0,1
254,2026-03-13T15:02:38,2026-03-13,1988550532,0,[sl 184.44000],NVDAm,SELL,0.01,-4.605170185988091,1,254.0,254.0,151.44,0.59622,0.401575,1.130853,2.0,0.0,-157.06,-219.29,55.15,11.03,0.8,0.2,10.0,14.274339,32.02,3.202,0.6,0.4,2.018772,14.438021,-36.3,-1.815,0.5,0.5,0.694881,15.845448,-131.44,-2.6288,0.36,0.64,0.59808,15.965818,11.0,-6.18,-0.561818,0.272727,0.523148,0.0,5.0,-9.88,-9.88,-9.0,-1.8,0.0,1.0,0.0,0.593801,-6.95,-0.695,0.2,0.8,0.463735,1.915245,-6.18,-0.561818,0.272727,0.727273,0.523148,1.874052,-6.18,-0.561818,0.272727,0.727273,0.523148,1.874052,129.0,13.68,0.106047,0.418605,1.033131,4.0,0.0,-72.29,-130.54,55.42,11.084,0.8,0.2,10.0,14.330761,44.9,4.49,0.6,0.4,2.904156,12.827415,-30.72,-1.536,0.4,0.6,0.737548,15.457505,-16.78,-0.3356,0.38,0.62,0.923609,12.794872,0,1,0,0,-1.2,1.2,-120.0,15,4,3,184.44,0,1,-1.2,0.0,0.0,1
255,2026-03-13T15:24:35,2026-03-13,1988719768,0,[tp 73827.90000],BTCUSDm,SELL,0.02,-3.912023005428146,1,255.0,255.0,150.24,0.589176,0.4,1.129682,0.0,1.0,-158.26,-219.29,52.89,10.578,0.6,0.4,10.0,14.614611,35.81,3.581,0.6,0.4,2.295586,14.266734,-36.13,-1.8065,0.5,0.5,0.695875,15.84573,-131.36,-2.6272,0.36,0.64,0.598226,15.965957,61.0,121.26,1.987869,0.491803,1.488774,3.0,0.0,0.0,-41.16,41.85,8.37,0.6,0.4,4.109212,16.566396,36.62,3.662,0.5,0.5,2.051392,13.728623,78.98,3.949,0.5,0.5,1.844616,15.872189,127.0,2.54,0.5,0.5,1.562295,13.749694,130.0,12.48,0.096,0.415385,1.030137,0.0,1.0,-73.49,-130.54,57.05,11.41,0.8,0.2,10.0,14.025829,51.77,5.177,0.6,0.4,4.098145,12.309868,-42.14,-2.107,0.35,0.65,0.643636,15.221823,-15.97,-0.3194,0.38,0.62,0.927028,12.793254,1,0,1,0,13.19,13.19,659.5,15,4,3,73827.9,1,0,13.19,0.0,0.0,1
256,2026-03-13T15:43:31,2026-03-13,1988863301,0,[sl 73336.30000],BTCUSDm,SELL,0.02,-3.912023005428146,1,256.0,256.0,163.43,0.638398,0.402344,1.141067,1.0,0.0,-145.07,-219.29,27.57,5.514,0.6,0.4,10.0,5.767837,71.39,7.139,0.7,0.3,10.0,11.518,25.32,1.266,0.55,0.45,1.358945,12.041398,-116.48,-2.3296,0.38,0.62,0.641886,16.118602,62.0,134.45,2.168548,0.5,1.54194,4.0,0.0,0.0,-41.16,59.84,11.968,0.8,0.2,7.909931,15.213697,57.38,5.738,0.6,0.4,3.104916,13.439785,52.98,2.649,0.5,0.5,1.56657,13.871185,139.89,2.7978,0.5,0.5,1.619366,13.825907,131.0,25.67,0.195954,0.419847,1.061988,1.0,0.0,-60.3,-130.54,67.3,13.46,0.8,0.2,10.0,13.371869,61.33,6.133,0.6,0.4,4.670257,12.521997,-20.58,-1.029,0.4,0.6,0.812705,15.500983,1.72,0.0344,0.4,0.6,1.008024,12.916761,0,1,0,1,-10.13,10.13,-506.5,15,4,3,73334.37,0,1,-10.13,0.0,0.0,1
257,2026-03-13T20:12:52,2026-03-13,1990149215,0,[tp 1.14287],EURUSDm,BUY,0.01,-4.605170185988091,1,257.0,257.0,153.3,0.596498,0.400778,1.131176,0.0,1.0,-155.2,-219.29,18.66,3.732,0.6,0.4,2.646955,8.364808,64.09,6.409,0.7,0.3,6.106773,12.329443,7.56,0.378,0.5,0.5,1.093715,12.193241,-121.65,-2.433,0.38,0.62,0.631843,16.151693,55.0,-8.55,-0.155455,0.436364,0.776762,0.0,1.0,-19.44,-24.78,3.97,0.794,0.6,0.4,2.532819,2.01623,-2.05,-0.205,0.4,0.6,0.781217,1.943848,-12.68,-0.634,0.35,0.65,0.4319,1.868781,-9.73,-0.1946,0.44,0.56,0.736171,1.596231,125.0,137.76,1.10208,0.384,1.185057,0.0,1.0,-139.18,-198.43,-35.93,-7.186,0.4,0.6,0.126428,10.675403,-44.33,-4.433,0.4,0.6,0.21968,8.674039,-101.61,-5.0805,0.3,0.7,0.411264,18.442814,-80.1,-1.602,0.34,0.66,0.769768,17.848266,1,0,0,0,3.16,3.16,316.0,20,4,3,1.14287,1,0,3.16,0.0,0.0,1
258,2026-03-13T20:43:57,2026-03-13,1990228745,2503447366,TradePy Live,NVDAm,BUY,0.01,-4.605170185988091,0,258.0,258.0,156.46,0.606434,0.403101,1.13388,1.0,0.0,-152.04,-219.29,13.83,2.766,0.6,0.4,2.220653,8.091736,63.11,6.311,0.7,0.3,6.028685,12.350965,15.35,0.7675,0.55,0.45,1.201867,12.151395,-140.68,-2.8136,0.38,0.62,0.574252,15.787087,12.0,-7.38,-0.615,0.25,0.478814,0.0,6.0,-11.08,-11.08,-8.96,-1.792,0.0,1.0,0.0,0.601511,-11.08,-1.108,0.1,0.9,0.217514,1.486283,-7.38,-0.615,0.25,0.75,0.478814,1.802917,-7.38,-0.615,0.25,0.75,0.478814,1.802917,126.0,140.92,1.118413,0.388889,1.189302,1.0,0.0,-136.02,-198.43,-15.25,-3.05,0.6,0.4,0.354087,9.844154,-36.67,-3.667,0.5,0.5,0.298987,8.967559,-92.7,-4.635,0.35,0.65,0.444378,18.528675,-76.49,-1.5298,0.36,0.64,0.77986,17.860078,1,0,0,0,0.18,0.18,18.0,20,4,3,180.43,0,0,0.18,0.0,0.0,1
259,2026-03-15T22:06:05,2026-03-15,1991884852,0,[sl 1.14235],EURUSDm,BUY,0.01,-4.605170185988091,1,259.0,259.0,156.64,0.604788,0.405405,1.134034,2.0,0.0,-151.86,-219.29,5.2,1.04,0.6,0.4,1.458959,7.51855,60.35,6.035,0.7,0.3,5.808765,12.453622,14.17,0.7085,0.55,0.45,1.186349,12.15124,-134.75,-2.695,0.4,0.6,0.584976,15.786857,56.0,-5.39,-0.09625,0.446429,0.859269,1.0,0.0,-16.28,-24.78,8.5,1.7,0.8,0.2,7.967213,1.851313,2.8,0.28,0.5,0.5,1.364583,2.110716,-10.14,-0.507,0.35,0.65,0.545699,2.029116,-7.29,-0.1458,0.44,0.56,0.802332,1.65949,127.0,141.1,1.111024,0.393701,1.189544,2.0,0.0,-135.84,-198.43,7.32,1.464,0.8,0.2,7.0,1.952082,-30.11,-3.011,0.6,0.4,0.344437,8.985026,-63.12,-3.156,0.4,0.6,0.540745,17.652714,-91.85,-1.837,0.36,0.64,0.735653,17.695166,0,1,0,0,-1.07,1.07,-107.0,22,6,3,1.14235,0,1,-1.07,0.0,0.0,1
260,2026-03-16T00:45:52,2026-03-16,1992338753,0,[sl 97.61600],USOILm,SELL,0.01,-4.605170185988091,1,260.0,260.0,155.57,0.598346,0.403846,1.132997,0.0,1.0,-152.93,-219.29,5.33,1.066,0.6,0.4,1.475893,7.51098,58.22,5.822,0.6,0.4,5.274596,12.554695,30.62,1.531,0.55,0.45,1.513845,11.424551,-136.58,-2.7316,0.38,0.62,0.580721,15.780924,77.0,-61.92,-0.804156,0.311688,0.572494,1.0,0.0,-63.06,-68.41,5.35,1.07,0.6,0.4,1.684143,4.302674,-10.6,-1.06,0.4,0.6,0.66242,5.410976,-21.81,-1.0905,0.4,0.6,0.688518,6.401774,-22.58,-0.4516,0.38,0.62,0.769404,4.782774,132.0,15.54,0.117727,0.416667,1.03663,0.0,1.0,-70.43,-130.54,18.66,3.732,0.6,0.4,2.646955,8.364808,58.89,5.889,0.6,0.4,4.075196,12.809445,-13.16,-0.658,0.4,0.6,0.87156,15.18674,1.18,0.0236,0.4,0.6,1.005491,12.925027,0,1,0,0,-5.05,5.05,-505.0,0,0,3,97.616,0,1,-5.05,0.0,0.0,1
261,2026-03-16T01:02:44,2026-03-16,1992400173,0,[sl 5019.82400],XAUUSDm,BUY,0.01,-4.605170185988091,1,261.0,261.0,150.52,0.576705,0.402299,1.128126,0.0,2.0,-157.98,-219.29,-12.91,-2.582,0.4,0.6,0.205538,4.603231,14.66,1.466,0.5,0.5,1.785217,6.604176,33.64,1.682,0.55,0.45,1.594661,11.316098,-112.23,-2.2446,0.38,0.62,0.627638,15.319394,50.0,106.83,2.1366,0.42,1.149802,0.0,6.0,-198.91,-198.91,-113.41,-22.682,0.0,1.0,0.0,13.653301,-67.05,-6.705,0.3,0.7,0.654488,35.035504,-185.4,-9.27,0.2,0.8,0.446468,26.572549,106.83,2.1366,0.42,0.58,1.149802,39.2875,128.0,140.03,1.093984,0.390625,1.187836,0.0,1.0,-136.91,-198.43,2.11,0.422,0.6,0.4,1.921397,1.605271,-37.1,-3.71,0.5,0.5,0.210638,8.52306,-114.14,-5.707,0.35,0.65,0.175944,12.818578,-103.77,-2.0754,0.34,0.66,0.702264,17.602689,0,1,0,1,-30.2,30.2,-3020.0,1,0,3,5019.824,0,1,-30.2,0.0,0.0,1
262,2026-03-16T04:33:56,2026-03-16,1992855209,0,[tp 73595.63000],BTCUSDm,SELL,0.02,-3.912023005428146,1,262.0,262.0,120.32,0.459237,0.400763,1.099852,0.0,3.0,-188.18,-219.29,-32.98,-6.596,0.4,0.6,0.09196,12.092719,-14.32,-1.432,0.5,0.5,0.699475,11.608998,-0.19,-0.0095,0.5,0.5,0.99781,13.25995,-129.4,-2.588,0.38,0.62,0.59381,15.743872,63.0,124.32,1.973333,0.492063,1.48145,0.0,1.0,-10.13,-41.16,58.37,11.674,0.8,0.2,6.762093,15.618309,37.03,3.703,0.5,0.5,1.990372,14.130007,24.6,1.23,0.45,0.55,1.23736,13.652538,142.98,2.8596,0.5,0.5,1.641828,13.760925,133.0,10.49,0.078872,0.413534,1.024436,0.0,2.0,-75.48,-130.54,5.62,1.124,0.4,0.6,1.343101,8.658345,47.24,4.724,0.5,0.5,2.952066,13.215153,-16.08,-0.804,0.4,0.6,0.847409,15.2142,-4.79,-0.0958,0.38,0.62,0.978221,12.943756,1,0,1,0,21.37,21.37,1068.5,4,0,3,73595.63,1,0,21.37,0.0,0.0,1
263,2026-03-16T08:30:43,2026-03-16,1993427869,0,[tp 98.90600],USOILm,SELL,0.01,-4.605170185988091,1,263.0,263.0,141.69,0.538745,0.403042,1.117587,1.0,0.0,-166.81,-219.29,-14.77,-2.954,0.4,0.6,0.593337,16.442421,-0.94,-0.094,0.5,0.5,0.980273,13.270053,28.87,1.4435,0.55,0.45,1.365073,13.91473,-99.17,-1.9834,0.4,0.6,0.679797,16.068507,78.0,-66.97,-0.85859,0.307692,0.553206,0.0,1.0,-68.11,-68.41,-3.33,-0.666,0.4,0.6,0.741259,4.656121,-11.15,-1.115,0.4,0.6,0.651017,5.448329,-30.39,-1.5195,0.35,0.65,0.595178,6.365147,-27.18,-0.5436,0.38,0.62,0.734881,4.825906,134.0,31.86,0.237761,0.41791,1.074216,1.0,0.0,-54.11,-130.54,18.18,3.636,0.4,0.6,2.10989,11.782274,73.6,7.36,0.6,0.4,4.831338,13.636881,7.79,0.3895,0.45,0.55,1.075719,15.952678,24.27,0.4854,0.4,0.6,1.114346,13.238776,1,0,1,0,14.27,14.27,1427.0,8,0,3,98.906,1,0,14.27,0.0,0.0,1
264,2026-03-16T09:44:57,2026-03-16,1993740568,0,[sl 73028.17000],BTCUSDm,SELL,0.02,-3.912023005428146,1,264.0,264.0,155.96,0.590758,0.405303,1.12943,2.0,0.0,-152.54,-219.29,-0.68,-0.136,0.4,0.6,0.981278,17.88242,4.52,0.452,0.5,0.5,1.094858,13.729549,36.54,1.827,0.55,0.45,1.462064,14.15518,-93.23,-1.8646,0.4,0.6,0.698976,16.165981,64.0,145.69,2.276406,0.5,1.564209,1.0,0.0,0.0,-41.16,41.23,8.246,0.8,0.2,5.070089,10.341601,66.77,6.677,0.6,0.4,3.300827,14.403089,59.99,2.9995,0.5,0.5,1.669382,13.853285,155.64,3.1128,0.5,0.5,1.698658,13.980955,135.0,46.13,0.341704,0.422222,1.107456,2.0,0.0,-39.84,-130.54,33.65,6.73,0.6,0.4,3.216733,12.132113,90.7,9.07,0.7,0.3,6.537241,13.320346,30.72,1.536,0.5,0.5,1.326045,16.084534,24.94,0.4988,0.4,0.6,1.117503,13.252376,0,1,0,1,-14.4,14.4,-720.0,9,0,3,72911.44,0,1,-14.4,0.0,0.0,1
265,2026-03-16T09:56:45,2026-03-16,1993790286,2507487735,[sl 98.224],USOILm,SELL,0.01,-4.605170185988091,1,265.0,265.0,141.56,0.534189,0.403774,1.116092,0.0,1.0,-166.94,-219.29,-14.01,-2.802,0.4,0.6,0.717825,18.793383,-8.68,-0.868,0.5,0.5,0.857354,14.441032,27.13,1.3565,0.55,0.45,1.306588,14.525493,-157.58,-3.1516,0.38,0.62,0.513807,14.461336,79.0,-52.7,-0.667089,0.316456,0.648409,1.0,0.0,-53.84,-68.41,4.34,0.868,0.4,0.6,1.337218,7.306448,9.5,0.95,0.5,0.5,1.371529,6.805723,-14.07,-0.7035,0.4,0.6,0.807313,7.231914,-12.21,-0.2442,0.4,0.6,0.880082,5.252437,136.0,31.73,0.233309,0.419118,1.071514,0.0,1.0,-54.24,-130.54,6.06,1.212,0.4,0.6,1.204868,14.060188,73.36,7.336,0.6,0.4,3.383366,15.025021,17.69,0.8845,0.5,0.5,1.164942,16.44881,12.38,0.2476,0.4,0.6,1.055069,13.412399,0,1,0,0,-8.66,8.66,-866.0,9,0,3,98.224,0,1,-8.66,0.0,0.0,1
266,2026-03-16T10:47:25,2026-03-16,1994008678,0,[sl 97.42500],USOILm,SELL,0.01,-4.605170185988091,1,266.0,266.0,132.9,0.499624,0.402256,1.108221,0.0,2.0,-175.6,-219.29,-17.62,-3.524,0.4,0.6,0.66917,18.93469,-30.53,-3.053,0.4,0.6,0.560783,13.786876,40.86,2.043,0.55,0.45,1.546549,13.687234,-173.24,-3.4648,0.36,0.64,0.4794,14.407564,80.0,-61.36,-0.767,0.3125,0.612993,0.0,1.0,-62.5,-68.41,0.67,0.134,0.4,0.6,1.040508,8.008667,-6.79,-0.679,0.4,0.6,0.801636,6.959683,-17.77,-0.8885,0.4,0.6,0.768379,7.384156,-20.39,-0.4078,0.4,0.6,0.814636,5.383004,137.0,23.07,0.168394,0.416058,1.051,0.0,2.0,-62.9,-130.54,7.53,1.506,0.4,0.6,1.267876,13.833494,26.19,2.619,0.5,0.5,1.664047,11.485058,57.29,2.8645,0.5,0.5,1.846859,12.265346,5.49,0.1098,0.4,0.6,1.023694,13.4677,0,1,0,1,-10.42,10.42,-1042.0,10,0,3,97.425,0,1,-10.42,0.0,0.0,1
267,2026-03-16T11:18:57,2026-03-16,1994160418,0,[sl 1.14667],EURUSDm,BUY,0.01,-4.605170185988091,1,267.0,267.0,122.48,0.458727,0.400749,1.098897,0.0,3.0,-186.02,-219.29,2.16,0.432,0.4,0.6,1.064516,14.493507,-30.82,-3.082,0.4,0.6,0.558453,13.802029,33.27,1.6635,0.55,0.45,1.404007,13.920322,-169.89,-3.3978,0.36,0.64,0.484275,14.367218,57.0,-6.46,-0.113333,0.438596,0.835916,0.0,1.0,-17.35,-24.78,6.07,1.214,0.6,0.4,3.650655,2.168553,0.97,0.097,0.4,0.6,1.110857,2.14029,-10.59,-0.5295,0.35,0.65,0.534914,2.032736,-7.97,-0.1594,0.44,0.56,0.787806,1.664216,129.0,109.83,0.851395,0.387597,1.14159,0.0,2.0,-167.11,-198.43,-29.15,-5.83,0.4,0.6,0.102801,12.286145,-62.5,-6.25,0.5,0.5,0.13674,11.672367,-130.57,-6.5285,0.35,0.65,0.157287,13.798037,-133.5,-2.67,0.34,0.66,0.647068,18.035227,0,1,0,0,-3.19,3.19,-319.0,11,0,3,1.14667,0,1,-3.19,0.0,0.0,1
268,2026-03-17T10:55:00,2026-03-17,1998947382,0,[tp 73925.60000],BTCUSDm,BUY,0.02,-3.912023005428146,1,268.0,268.0,119.29,0.445112,0.399254,1.096074,0.0,4.0,-189.21,-219.29,-22.4,-4.48,0.2,0.8,0.389146,10.043794,-37.17,-3.717,0.3,0.7,0.490752,13.645427,25.94,1.297,0.5,0.5,1.30325,13.946763,-165.51,-3.3102,0.36,0.64,0.490801,14.35486,65.0,131.29,2.019846,0.492308,1.481586,0.0,1.0,-14.4,-41.16,18.84,3.768,0.6,0.4,1.768039,13.764134,57.8,5.78,0.6,0.4,2.521453,15.375644,34.42,1.721,0.45,0.55,1.330898,14.215422,125.29,2.5058,0.48,0.52,1.528271,14.068999,130.0,106.64,0.820308,0.384615,1.136915,0.0,3.0,-170.3,-198.43,-31.12,-6.224,0.4,0.6,0.096924,12.162961,-67.05,-6.705,0.4,0.6,0.112978,11.453484,-82.51,-4.1255,0.35,0.65,0.228013,9.228655,-122.64,-2.4528,0.34,0.66,0.666195,17.962114,1,0,0,0,8.1,8.1,405.0,10,1,3,73925.6,1,0,8.1,0.0,0.0,1
269,2026-03-17T10:59:25,2026-03-17,1998959330,0,[sl 5010.32400],XAUUSDm,SELL,0.01,-4.605170185988091,1,269.0,269.0,127.39,0.473569,0.401487,1.102597,1.0,0.0,-181.11,-219.29,-28.57,-5.714,0.2,0.8,0.220889,7.790624,-29.25,-2.925,0.3,0.7,0.59926,14.071812,31.1,1.555,0.5,0.5,1.363573,14.022293,-167.63,-3.3526,0.36,0.64,0.484279,14.317917,51.0,76.63,1.502549,0.411765,1.103089,0.0,7.0,-229.11,-229.11,-126.06,-25.212,0.0,1.0,0.0,13.639952,-124.27,-12.427,0.2,0.8,0.445866,33.707702,-205.83,-10.2915,0.2,0.8,0.420801,26.961966,-30.4,-0.608,0.4,0.6,0.959104,36.562761,138.0,12.65,0.091667,0.413043,1.027335,0.0,3.0,-73.32,-130.54,2.16,0.432,0.4,0.6,1.064516,14.493507,7.78,0.778,0.4,0.6,1.156037,11.94295,39.24,1.962,0.45,0.55,1.502626,12.542432,-8.49,-0.1698,0.38,0.62,0.964935,13.538103,0,1,0,1,-13.37,13.37,-1337.0,10,1,3,5010.324,0,1,-13.37,0.0,0.0,1
270,2026-03-17T14:24:04,2026-03-17,1999886953,0,[tp 1.15431],EURUSDm,SELL,0.01,-4.605170185988091,1,270.0,270.0,114.02,0.422296,0.4,1.090851,0.0,1.0,-194.48,-219.29,-27.54,-5.508,0.2,0.8,0.227273,7.568681,-41.55,-4.155,0.3,0.7,0.512839,14.389882,16.67,0.8335,0.45,0.55,1.168537,14.395474,-129.75,-2.595,0.36,0.64,0.548161,12.670932,58.0,-9.65,-0.166379,0.431034,0.773261,0.0,2.0,-20.54,-24.78,-1.26,-0.252,0.4,0.6,0.770073,2.172606,0.35,0.035,0.4,0.6,1.037353,2.223993,-12.39,-0.6195,0.35,0.65,0.495726,2.107322,-11.79,-0.2358,0.42,0.58,0.710675,1.713185,139.0,-0.72,-0.00518,0.410072,0.998488,0.0,4.0,-86.69,-130.54,-32.58,-6.516,0.2,0.8,0.304589,10.592738,-14.4,-1.44,0.3,0.7,0.77226,12.299586,30.5,1.525,0.45,0.55,1.351342,12.911329,-61.05,-1.221,0.36,0.64,0.761047,12.43689,1,0,0,0,2.99,2.99,299.0,14,1,3,1.15431,1,0,2.99,0.0,0.0,1
271,2026-03-18T01:40:38,2026-03-18,2001987089,0,[sl 1.15330],EURUSDm,SELL,0.01,-4.605170185988091,1,271.0,271.0,117.01,0.431771,0.402214,1.093234,1.0,0.0,-191.49,-219.29,-15.89,-3.178,0.4,0.6,0.411045,8.01949,-33.51,-3.351,0.4,0.6,0.582378,14.541227,-18.85,-0.9425,0.45,0.55,0.809423,11.546951,-124.19,-2.4838,0.38,0.62,0.563618,12.695038,59.0,-6.66,-0.112881,0.440678,0.843515,1.0,0.0,-17.55,-24.78,0.67,0.134,0.4,0.6,1.122263,2.515763,5.47,0.547,0.5,0.5,1.755525,2.255766,-10.18,-0.509,0.35,0.65,0.585674,2.232059,-7.96,-0.1592,0.44,0.56,0.800551,1.769167,140.0,2.27,0.016214,0.414286,1.004768,1.0,0.0,-83.7,-130.54,-43.86,-8.772,0.2,0.8,0.063821,6.227184,-10.21,-1.021,0.4,0.6,0.835402,12.371782,41.56,2.078,0.5,0.5,1.527813,12.724022,-76.31,-1.5262,0.36,0.64,0.701319,12.139001,0,1,0,0,-0.78,0.78,-78.0,1,2,3,1.1533,0,1,-0.78,0.0,0.0,1
272,2026-03-18T01:53:47,2026-03-18,2002009155,0,[tp 93.83700],USOILm,BUY,0.01,-4.605170185988091,1,272.0,272.0,116.23,0.427316,0.400735,1.092555,0.0,1.0,-192.27,-219.29,-6.25,-1.25,0.4,0.6,0.639562,7.159316,-4.09,-0.409,0.4,0.6,0.91952,11.461503,-18.41,-0.9205,0.45,0.55,0.81304,11.546821,-116.6,-2.332,0.38,0.62,0.579061,12.669099,81.0,-71.78,-0.886173,0.308642,0.575191,0.0,2.0,-72.92,-72.92,-6.92,-1.384,0.4,0.6,0.71322,9.074951,-12.58,-1.258,0.4,0.6,0.685657,7.485293,-15.16,-0.758,0.4,0.6,0.795439,7.188909,-30.38,-0.6076,0.4,0.6,0.746812,5.562525,131.0,114.74,0.875878,0.389313,1.147314,1.0,0.0,-162.2,-198.43,-26.18,-5.236,0.4,0.6,0.240279,13.05316,-41.43,-4.143,0.5,0.5,0.286551,11.612098,-71.84,-3.592,0.4,0.6,0.311284,9.603937,-127.64,-2.5528,0.34,0.66,0.652586,17.889019,1,0,1,0,10.69,10.69,1069.0,1,2,3,93.837,1,0,10.69,0.0,0.0,1
273,2026-03-18T02:10:01,2026-03-18,2002041485,0,[sl 5013.05400],XAUUSDm,BUY,0.01,-4.605170185988091,1,273.0,273.0,126.92,0.464908,0.40293,1.101067,1.0,0.0,-181.58,-219.29,7.63,1.526,0.6,0.4,1.539223,8.444503,-14.77,-1.477,0.4,0.6,0.709366,9.752524,-15.71,-0.7855,0.45,0.55,0.840459,11.665384,-98.69,-1.9738,0.4,0.6,0.634183,12.77855,52.0,63.26,1.216538,0.403846,1.083599,0.0,8.0,-242.48,-242.48,-91.17,-18.234,0.0,1.0,0.0,7.691576,-187.68,-18.768,0.1,0.9,0.210201,26.56835,-199.51,-9.9755,0.2,0.8,0.42842,26.886893,28.01,0.5602,0.4,0.6,1.040895,35.176968,132.0,125.43,0.950227,0.393939,1.161039,2.0,0.0,-151.51,-198.43,-15.67,-3.134,0.4,0.6,0.54527,14.519899,-8.35,-0.835,0.6,0.4,0.765975,10.611524,-53.93,-2.6965,0.45,0.55,0.444536,10.048599,-117.73,-2.3546,0.34,0.66,0.679559,17.979516,0,1,0,1,-13.0,13.0,-1300.0,2,2,3,5013.054,0,1,-13.0,0.0,0.0,1
274,2026-03-18T03:44:14,2026-03-18,2002160172,0,[tp 93.52900],USOILm,BUY,0.01,-4.605170185988091,1,274.0,274.0,113.92,0.415766,0.40146,1.089786,0.0,1.0,-194.58,-219.29,-13.47,-2.694,0.4,0.6,0.503867,9.330523,-42.04,-4.204,0.3,0.7,0.341272,8.72676,-37.52,-1.876,0.4,0.6,0.663407,11.73661,-94.14,-1.8828,0.4,0.6,0.645063,12.683148,82.0,-61.09,-0.745,0.317073,0.638457,1.0,0.0,-62.23,-72.92,0.83,0.166,0.4,0.6,1.034397,10.264947,6.18,0.618,0.5,0.5,1.193427,7.883234,4.39,0.2195,0.45,0.55,1.06728,7.348171,-18.17,-0.3634,0.42,0.58,0.846628,5.78084,133.0,112.43,0.845338,0.390977,1.141979,0.0,1.0,-164.51,-198.43,-27.6,-5.52,0.4,0.6,0.405044,14.958277,-25.49,-2.549,0.5,0.5,0.476376,11.044922,-66.54,-3.327,0.45,0.55,0.393437,10.277107,-164.51,-3.2902,0.32,0.68,0.567534,17.278309,1,0,0,0,7.31,7.31,731.0,3,2,3,93.529,1,0,7.31,0.0,0.0,1
275,2026-03-18T04:47:12,2026-03-18,2002243519,0,[tp 93.05200],USOILm,BUY,0.01,-4.605170185988091,1,275.0,275.0,121.23,0.440836,0.403636,1.095547,1.0,0.0,-187.27,-219.29,7.21,1.442,0.6,0.4,1.523222,8.1959,-20.33,-2.033,0.4,0.6,0.588628,8.620005,-29.01,-1.4505,0.45,0.55,0.736918,11.906437,-84.7,-1.694,0.42,0.58,0.678069,12.748158,83.0,-53.78,-0.647952,0.325301,0.681719,2.0,0.0,-54.92,-72.92,13.19,2.638,0.6,0.4,1.6913,10.199234,9.86,0.986,0.5,0.5,1.308607,8.098211,3.37,0.1685,0.45,0.55,1.051648,7.295051,-12.24,-0.2448,0.42,0.58,0.896683,5.875447,134.0,119.74,0.893582,0.395522,1.15121,1.0,0.0,-157.2,-198.43,9.91,1.982,0.6,0.4,1.612106,8.864047,-19.24,-1.924,0.5,0.5,0.604766,11.402508,-53.8,-2.69,0.5,0.5,0.484032,10.518998,-146.4,-2.928,0.34,0.66,0.603896,17.30688,1,0,0,0,5.27,5.27,527.0,4,2,3,93.052,1,0,5.27,0.0,0.0,1
276,2026-03-18T04:57:48,2026-03-18,2002254905,0,[tp 92.45200],USOILm,BUY,0.01,-4.605170185988091,1,276.0,276.0,126.5,0.458333,0.405797,1.099701,2.0,0.0,-182.0,-219.29,9.49,1.898,0.6,0.4,1.688679,8.331644,-6.4,-0.64,0.5,0.5,0.842983,8.561875,-36.93,-1.8465,0.45,0.55,0.665095,11.538955,-76.93,-1.5386,0.44,0.56,0.704797,12.784692,84.0,-48.51,-0.5775,0.333333,0.712908,3.0,0.0,-49.65,-72.92,4.19,0.838,0.6,0.4,1.219602,8.666555,8.53,0.853,0.5,0.5,1.26698,8.015416,1.64,0.082,0.45,0.55,1.025134,7.223439,-7.36,-0.1472,0.42,0.58,0.937875,5.9255,135.0,125.01,0.926,0.4,1.157865,2.0,0.0,-151.93,-198.43,18.37,3.674,0.8,0.2,2.413077,8.515911,-12.75,-1.275,0.6,0.4,0.731353,11.606971,-57.08,-2.854,0.5,0.5,0.452575,10.366948,-129.34,-2.5868,0.36,0.64,0.638523,17.296969,1,0,0,0,6.82,6.82,682.0,4,2,3,92.452,1,0,6.82,0.0,0.0,1
277,2026-03-18T06:52:44,2026-03-18,2002452162,0,[tp 1.15456],EURUSDm,SELL,0.01,-4.605170185988091,1,277.0,277.0,133.32,0.4813,0.407942,1.105076,3.0,0.0,-175.18,-219.29,17.09,3.418,0.8,0.2,2.314615,8.397427,10.84,1.084,0.6,0.4,1.357284,8.144559,-19.98,-0.999,0.5,0.5,0.800479,11.521884,-69.72,-1.3944,0.46,0.54,0.732063,12.837386,60.0,-7.44,-0.124,0.433333,0.828334,0.0,1.0,-18.33,-24.78,1.11,0.222,0.4,0.6,1.220238,2.474214,5.08,0.508,0.5,0.5,1.665793,2.274919,-8.59,-0.4295,0.35,0.65,0.626197,2.192322,-10.52,-0.2104,0.42,0.58,0.74146,1.749236,141.0,1.49,0.010567,0.411348,1.003124,0.0,1.0,-84.48,-130.54,-30.24,-6.048,0.2,0.8,0.089979,6.147941,-24.18,-2.418,0.3,0.7,0.615029,11.442025,37.15,1.8575,0.45,0.55,1.467178,12.733424,-63.07,-1.2614,0.36,0.64,0.739649,12.007267,1,0,0,0,0.86,0.86,86.0,6,2,3,1.15456,1,0,0.86,0.0,0.0,1
278,2026-03-18T09:45:38,2026-03-18,2003010468,0,[tp 4978.19600],XAUUSDm,BUY,0.01,-4.605170185988091,1,278.0,278.0,134.18,0.482662,0.410072,1.105753,4.0,0.0,-174.32,-219.29,7.26,1.452,0.8,0.2,1.558462,7.575216,14.89,1.489,0.7,0.3,1.548435,8.021729,-22.28,-1.114,0.5,0.5,0.777511,11.491236,-63.43,-1.2686,0.48,0.52,0.75104,12.828039,53.0,50.26,0.948302,0.396226,1.065297,0.0,9.0,-255.48,-255.48,-86.65,-17.33,0.0,1.0,0.0,7.982488,-171.28,-17.128,0.1,0.9,0.225783,26.366848,-201.71,-10.0855,0.2,0.8,0.425737,26.894541,69.52,1.3904,0.4,0.6,1.108048,34.347531,136.0,131.83,0.969338,0.404412,1.166477,3.0,0.0,-145.11,-198.43,17.09,3.418,0.8,0.2,2.314615,8.397427,-9.09,-0.909,0.6,0.4,0.80847,11.797195,-45.76,-2.288,0.55,0.45,0.541345,10.568685,-105.49,-2.1098,0.38,0.62,0.690445,17.220779,1,0,1,0,23.46,23.46,2346.0,9,2,3,4978.196,1,0,23.46,0.0,0.0,1
279,2026-03-18T11:35:38,2026-03-18,2003388776,0,[tp 4968.20900],XAUUSDm,BUY,0.01,-4.605170185988091,1,279.0,279.0,157.64,0.565018,0.412186,1.124243,5.0,0.0,-150.86,-219.29,43.72,8.744,1.0,0.0,10.0,7.701233,30.25,3.025,0.7,0.3,2.11418,10.290325,1.0,0.05,0.5,0.5,1.009986,12.680851,-48.52,-0.9704,0.48,0.52,0.809561,13.220122,54.0,73.72,1.365185,0.407407,1.095776,1.0,0.0,-232.02,-255.48,-55.5,-11.1,0.2,0.8,0.297112,18.414291,-197.77,-19.777,0.1,0.9,0.106043,20.074517,-166.46,-8.323,0.25,0.75,0.509633,27.862693,160.56,3.2112,0.42,0.58,1.278827,33.030904,137.0,155.29,1.133504,0.408759,1.196103,4.0,0.0,-121.65,-198.43,29.86,5.972,0.8,0.2,3.296923,11.565198,14.19,1.419,0.6,0.4,1.298989,13.89318,-15.92,-0.796,0.6,0.4,0.829532,11.907216,-82.71,-1.6542,0.38,0.62,0.757292,17.586026,1,0,1,0,19.89,19.89,1989.0,11,2,3,4968.209,1,0,19.89,0.0,0.0,1
280,2026-03-18T12:10:43,2026-03-18,2003651209,0,[tp 1.15467],EURUSDm,SELL,0.01,-4.605170185988091,1,280.0,280.0,177.53,0.634036,0.414286,1.13992,6.0,0.0,-130.97,-219.29,56.3,11.26,1.0,0.0,10.0,8.798529,63.51,6.351,0.8,0.2,5.608853,9.817929,21.96,1.098,0.55,0.45,1.221661,13.3912,-24.13,-0.4826,0.5,0.5,0.903588,13.527293,61.0,-6.58,-0.107869,0.442623,0.848177,1.0,0.0,-17.47,-24.78,-1.19,-0.238,0.4,0.6,0.763889,2.06523,7.31,0.731,0.6,0.4,2.167732,2.187517,-8.65,-0.4325,0.35,0.65,0.623586,2.190513,-8.67,-0.1734,0.44,0.56,0.781612,1.751919,142.0,2.35,0.016549,0.415493,1.004927,1.0,0.0,-83.62,-130.54,-20.72,-4.144,0.4,0.6,0.156695,6.507806,-13.19,-1.319,0.4,0.6,0.74962,11.173145,45.7,2.285,0.5,0.5,1.636224,12.547882,-73.38,-1.4676,0.36,0.64,0.69709,11.879864,1,0,0,0,1.12,1.12,112.0,12,2,3,1.15467,1,0,1.12,0.0,0.0,1
281,2026-03-18T12:30:57,2026-03-18,2003813297,0,[sl 73221.94000],BTCUSDm,SELL,0.02,-3.912023005428146,1,281.0,281.0,178.65,0.635765,0.41637,1.140802,7.0,0.0,-129.85,-219.29,52.15,10.43,1.0,0.0,10.0,9.492793,61.64,6.164,0.8,0.2,5.473149,9.897649,28.13,1.4065,0.6,0.4,1.299192,13.316876,-16.63,-0.3326,0.52,0.48,0.931816,13.502627,66.0,139.39,2.11197,0.5,1.511298,1.0,0.0,-6.3,-41.16,18.13,3.626,0.6,0.4,1.739095,13.714959,59.98,5.998,0.6,0.4,2.578837,15.391529,32.28,1.614,0.45,0.55,1.310325,14.158838,117.46,2.3492,0.48,0.52,1.495257,13.961874,143.0,3.47,0.024266,0.41958,1.007276,2.0,0.0,-82.5,-130.54,-9.18,-1.836,0.6,0.4,0.351237,5.889735,-7.02,-0.702,0.5,0.5,0.852614,11.120311,40.22,2.011,0.5,0.5,1.559933,12.510442,-82.5,-1.65,0.36,0.64,0.659443,11.768196,0,1,0,1,-23.08,23.08,-1154.0,12,2,3,73221.94,0,1,-23.08,0.0,0.0,1
282,2026-03-18T13:09:22,2026-03-18,2004138239,0,[tp 4913.18600],XAUUSDm,BUY,0.01,-4.605170185988091,1,282.0,282.0,155.57,0.551667,0.414894,1.120421,0.0,1.0,-152.93,-219.29,22.25,4.45,0.8,0.2,1.964038,16.623186,39.34,3.934,0.8,0.2,2.090355,13.179143,35.25,1.7625,0.6,0.4,1.405639,12.539671,-45.63,-0.9126,0.5,0.5,0.829088,13.840214,55.0,93.61,1.702,0.418182,1.121617,2.0,0.0,-212.13,-255.48,-13.22,-2.644,0.4,0.6,0.766307,20.836636,-126.63,-12.663,0.2,0.8,0.25503,20.264979,-136.63,-6.8315,0.3,0.7,0.585367,28.526708,78.04,1.5608,0.42,0.58,1.135524,29.951167,138.0,175.18,1.26942,0.413043,1.22122,5.0,0.0,-101.76,-198.43,62.75,12.55,1.0,0.0,10.0,7.565614,35.15,3.515,0.7,0.3,1.757706,14.903876,-1.95,-0.0975,0.6,0.4,0.97912,12.666262,-52.88,-1.0576,0.4,0.6,0.840164,17.799504,1,0,1,0,54.53,54.53,5453.0,13,2,3,4913.186,1,0,54.53,0.0,0.0,1
283,2026-03-18T14:57:59,2026-03-18,2005071671,0,[sl 182.51000],NVDAm,BUY,0.01,-4.605170185988091,1,283.0,283.0,210.1,0.742403,0.416961,1.162631,1.0,0.0,-98.4,-219.29,75.92,15.184,0.8,0.2,4.289428,25.693097,83.18,8.318,0.8,0.2,3.305432,20.146998,68.41,3.4205,0.6,0.4,1.787227,16.567804,13.7,0.274,0.52,0.48,1.052254,15.853041,13.0,-7.2,-0.553846,0.307692,0.491525,1.0,0.0,-10.9,-11.08,-6.77,-1.354,0.2,0.8,0.025899,0.96862,-9.26,-0.926,0.2,0.8,0.260383,1.521021,-7.2,-0.553846,0.307692,0.692308,0.491525,1.745092,-7.2,-0.553846,0.307692,0.692308,0.491525,1.745092,139.0,229.71,1.65259,0.417266,1.290082,6.0,0.0,-47.23,-198.43,109.97,21.994,1.0,0.0,10.0,17.748858,119.88,11.988,0.8,0.2,8.404571,17.23127,57.38,2.869,0.65,0.35,1.647703,17.312902,1.33,0.0266,0.4,0.6,1.00402,19.427005,0,1,0,0,-1.01,1.01,-101.0,14,2,3,182.51,0,1,-1.01,0.0,0.0,1
284,2026-03-18T15:05:14,2026-03-18,2005122797,0,[sl 1.15252],EURUSDm,BUY,0.01,-4.605170185988091,1,284.0,284.0,209.09,0.736232,0.415493,1.161723,0.0,1.0,-99.41,-219.29,51.45,10.29,0.6,0.4,3.135741,25.979505,95.17,9.517,0.8,0.2,4.950602,19.17601,53.13,2.6565,0.55,0.45,1.604368,16.401351,21.35,0.427,0.52,0.48,1.08388,15.802915,62.0,-5.46,-0.088065,0.451613,0.874019,2.0,0.0,-16.35,-24.78,1.0,0.2,0.6,0.4,1.251889,2.074541,7.07,0.707,0.6,0.4,2.129393,2.181793,-2.46,-0.123,0.4,0.6,0.862647,1.935911,-7.24,-0.1448,0.46,0.54,0.816197,1.761103,140.0,228.7,1.633571,0.414286,1.288438,0.0,1.0,-48.24,-198.43,103.69,20.738,0.8,0.2,10.0,19.061552,122.06,12.206,0.8,0.2,9.712348,17.050712,55.01,2.7505,0.6,0.4,1.613951,17.330927,13.47,0.2694,0.4,0.6,1.042265,19.336458,0,1,0,0,-1.48,1.48,-148.0,15,2,3,1.15252,0,1,-1.48,0.0,0.0,1
285,2026-03-18T15:28:20,2026-03-18,2005274130,0,[tp 71812.96000],BTCUSDm,BUY,0.02,-3.912023005428146,1,285.0,285.0,207.61,0.728456,0.414035,1.160395,0.0,2.0,-100.89,-219.29,30.08,6.016,0.4,0.6,2.176379,25.805856,86.38,8.638,0.7,0.3,4.378178,19.456439,66.05,3.3025,0.55,0.45,1.880784,15.965473,21.24,0.4248,0.52,0.48,1.083412,15.803173,67.0,116.31,1.73597,0.492537,1.393338,0.0,1.0,-29.38,-41.16,-18.14,-3.628,0.4,0.6,0.618988,16.11917,41.7,4.17,0.6,0.4,1.74107,17.50574,23.41,1.1705,0.45,0.55,1.20737,14.773142,79.52,1.5904,0.46,0.54,1.305552,14.288479,141.0,227.22,1.611489,0.411348,1.286038,0.0,2.0,-49.72,-198.43,95.39,19.078,0.6,0.4,10.0,20.507875,112.48,11.248,0.7,0.3,8.261459,17.517242,71.05,3.5525,0.6,0.4,1.965878,16.735233,19.32,0.3864,0.4,0.6,1.061755,19.307799,1,0,1,0,11.74,11.74,587.0,15,2,3,71812.96,1,0,11.74,0.0,0.0,1
286,2026-03-18T16:01:54,2026-03-18,2005479734,0,[tp 70973.10000],BTCUSDm,BUY,0.02,-3.912023005428146,1,286.0,286.0,219.35,0.766958,0.416084,1.169465,1.0,0.0,-89.15,-219.29,40.7,8.14,0.4,0.6,2.591709,25.752466,92.85,9.285,0.7,0.3,4.631208,19.441253,86.45,4.3225,0.6,0.4,2.303332,15.819621,81.24,1.6248,0.54,0.46,1.393643,14.263827,68.0,128.05,1.883088,0.5,1.43304,1.0,0.0,-17.64,-41.16,3.73,0.746,0.6,0.4,1.09952,16.717526,62.1,6.21,0.7,0.3,2.304348,17.075096,46.08,2.304,0.5,0.5,1.451942,14.670567,97.86,1.9572,0.48,0.52,1.385807,14.308904,142.0,238.96,1.682817,0.415493,1.300817,1.0,0.0,-37.98,-198.43,83.67,16.734,0.6,0.4,10.0,20.54282,113.53,11.353,0.7,0.3,8.329245,17.516729,105.18,5.259,0.65,0.35,3.055501,15.711682,33.43,0.6686,0.42,0.58,1.107672,19.368469,1,0,1,0,13.56,13.56,678.0,16,2,3,70973.1,1,0,13.56,0.0,0.0,1
287,2026-03-18T18:39:41,2026-03-18,2006101581,0,[sl 71740.48000],BTCUSDm,BUY,0.02,-3.912023005428146,1,287.0,287.0,232.91,0.811533,0.418118,1.179941,2.0,0.0,-75.59,-219.29,77.34,15.468,0.6,0.4,10.0,20.504329,99.59,9.959,0.7,0.3,4.894799,19.460935,110.43,5.5215,0.65,0.35,2.975139,15.563493,87.17,1.7434,0.54,0.46,1.422376,14.337727,69.0,141.61,2.052319,0.507246,1.478898,2.0,0.0,-4.08,-41.16,-4.08,-0.816,0.6,0.4,0.891142,14.993521,37.15,3.715,0.7,0.3,1.780298,13.6531,37.45,1.8725,0.5,0.5,1.367301,14.198646,121.29,2.4258,0.5,0.5,1.497539,14.297552,143.0,252.52,1.765874,0.41958,1.317887,2.0,0.0,-24.42,-198.43,77.34,15.468,0.6,0.4,10.0,20.504329,140.09,14.009,0.8,0.2,10.0,15.522941,114.6,5.73,0.65,0.35,3.239594,15.811952,47.75,0.955,0.44,0.56,1.154172,19.450926,0,1,0,1,-10.42,10.42,-521.0,18,2,3,71740.48,0,1,-10.42,0.0,0.0,1
288,2026-03-18T21:11:54,2026-03-18,2006911741,0,[tp 1.14644],EURUSDm,BUY,0.01,-4.605170185988091,1,288.0,288.0,222.49,0.772535,0.416667,1.170518,0.0,1.0,-86.01,-219.29,12.39,2.478,0.4,0.6,1.959721,8.975363,88.31,8.831,0.6,0.4,3.453737,20.265902,103.2,5.16,0.65,0.35,2.634463,15.843096,81.38,1.6276,0.54,0.46,1.38356,14.411925,63.0,-6.94,-0.110159,0.444444,0.845158,0.0,1.0,-17.83,-24.78,2.71,0.542,0.6,0.4,2.199115,1.566147,1.45,0.145,0.5,0.5,1.187339,1.934974,-2.72,-0.136,0.4,0.6,0.850303,1.94409,-8.02,-0.1604,0.46,0.54,0.800349,1.769387,144.0,242.1,1.68125,0.416667,1.300824,0.0,1.0,-34.84,-198.43,12.39,2.478,0.4,0.6,1.959721,8.975363,122.36,12.236,0.7,0.3,10.0,17.117479,103.12,5.156,0.6,0.4,2.674298,16.17526,51.08,1.0216,0.44,0.56,1.166716,19.406111,1,0,0,0,5.22,5.22,522.0,21,2,3,1.14644,1,0,5.22,0.0,0.0,1
289,2026-03-19T00:37:26,2026-03-19,2007340435,0,[sl 71359.78000],BTCUSDm,BUY,0.02,-3.912023005428146,1,289.0,289.0,227.71,0.787924,0.418685,1.174519,1.0,0.0,-80.79,-219.29,18.62,3.724,0.6,0.4,2.564706,8.836012,70.07,7.007,0.6,0.4,2.94693,19.679507,100.32,5.016,0.65,0.35,2.58885,15.828802,85.24,1.7048,0.54,0.46,1.401753,14.42062,70.0,131.19,1.874143,0.5,1.428557,0.0,1.0,-14.5,-41.16,-0.1,-0.02,0.6,0.4,0.997015,14.342747,18.74,1.874,0.6,0.4,1.322936,14.183445,32.78,1.639,0.5,0.5,1.307418,14.359568,99.55,1.991,0.48,0.52,1.391621,14.350927,145.0,247.32,1.705655,0.42069,1.30731,1.0,0.0,-29.62,-198.43,18.62,3.724,0.6,0.4,2.564706,8.836012,122.31,12.231,0.7,0.3,10.0,17.119521,109.56,5.478,0.65,0.35,2.814809,16.109094,87.66,1.7532,0.46,0.54,1.318729,18.853198,0,1,0,0,-4.43,4.43,-221.5,0,3,3,71360.55,0,1,-4.43,0.0,0.0,1
290,2026-03-19T01:01:04,2026-03-19,2007376915,0,[sl 1.14679],EURUSDm,BUY,0.01,-4.605170185988091,1,290.0,290.0,223.28,0.769931,0.417241,1.170544,0.0,1.0,-85.22,-219.29,15.67,3.134,0.6,0.4,2.055219,9.252471,45.75,4.575,0.5,0.5,2.131865,19.438407,109.26,5.463,0.65,0.35,3.015867,15.42434,98.33,1.9666,0.54,0.46,1.493922,14.186141,64.0,-1.72,-0.026875,0.453125,0.961624,1.0,0.0,-12.61,-24.78,4.94,0.988,0.6,0.4,3.185841,2.330686,5.61,0.561,0.5,0.5,1.724806,2.462298,3.88,0.194,0.45,0.55,1.23109,2.242219,-3.39,-0.0678,0.46,0.54,0.915609,1.920903,146.0,242.89,1.66363,0.417808,1.300153,0.0,1.0,-34.05,-198.43,15.67,3.134,0.6,0.4,2.055219,9.252471,111.06,11.106,0.6,0.4,7.404844,17.794476,101.97,5.0985,0.6,0.4,2.573611,16.248035,103.86,2.0772,0.46,0.54,1.401267,18.603295,0,1,0,0,-1.5,1.5,-150.0,1,3,3,1.14679,0,1,-1.5,0.0,0.0,1
291,2026-03-19T03:08:04,2026-03-19,2007585173,0,[sl 96.77400],USOILm,SELL,0.01,-4.605170185988091,1,291.0,291.0,221.78,0.762131,0.415808,1.169205,0.0,2.0,-86.72,-219.29,2.43,0.486,0.4,0.6,1.148624,8.250967,43.13,4.313,0.4,0.6,2.028865,19.500767,104.77,5.2385,0.6,0.4,2.880969,15.491231,104.9,2.098,0.54,0.46,1.544907,14.122855,85.0,-41.69,-0.490471,0.341176,0.75327,4.0,0.0,-42.83,-72.92,19.67,3.934,0.8,0.2,2.887716,7.391781,20.34,2.034,0.6,0.4,1.754451,7.937165,15.68,0.784,0.5,0.5,1.270205,7.161658,-0.96,-0.0192,0.42,0.58,0.991897,6.004963,144.0,-19.61,-0.136181,0.416667,0.96078,0.0,1.0,-105.58,-130.54,-18.89,-3.778,0.6,0.4,0.208298,9.724839,-51.47,-5.147,0.4,0.6,0.272097,10.259798,22.13,1.1065,0.5,0.5,1.246108,13.591183,-104.36,-2.0872,0.36,0.64,0.604862,12.144155,0,1,0,1,-10.91,10.91,-1091.0,3,3,3,96.774,0,1,-10.91,0.0,0.0,1
292,2026-03-19T04:19:10,2026-03-19,2007667127,0,[sl 71530.20000],BTCUSDm,BUY,0.02,-3.912023005428146,1,292.0,292.0,210.87,0.722158,0.414384,1.159553,0.0,3.0,-97.63,-219.29,-22.04,-4.408,0.2,0.8,0.191489,5.99292,55.3,5.53,0.4,0.6,2.858824,18.081348,94.64,4.732,0.6,0.4,2.437642,15.841379,90.36,1.8072,0.52,0.48,1.444204,14.237545,71.0,126.76,1.785352,0.492958,1.408179,0.0,2.0,-18.93,-41.16,-12.63,-2.526,0.4,0.6,0.667018,13.789021,5.5,0.55,0.5,0.5,1.088056,14.091855,42.12,2.106,0.5,0.5,1.432932,13.998174,106.35,2.127,0.48,0.52,1.429871,14.256903,147.0,241.39,1.642109,0.414966,1.297748,0.0,2.0,-35.55,-198.43,2.43,0.486,0.4,0.6,1.148624,8.250967,86.1,8.61,0.5,0.5,5.570064,17.636392,100.29,5.0145,0.55,0.45,2.51267,16.277562,79.83,1.5966,0.44,0.56,1.306649,18.377737,0,1,0,0,-7.2,7.2,-360.0,4,3,3,71530.2,0,1,-7.2,0.0,0.0,1
293,2026-03-19T07:45:58,2026-03-19,2008145393,0,[tp 4779.45600],XAUUSDm,BUY,0.01,-4.605170185988091,1,293.0,293.0,203.67,0.695119,0.412969,1.15327,0.0,4.0,-104.83,-219.29,-18.82,-3.764,0.2,0.8,0.217138,5.461738,-6.43,-0.643,0.3,0.7,0.825981,8.058195,76.75,3.8375,0.55,0.45,2.050938,15.984145,90.85,1.817,0.52,0.48,1.447691,14.231171,56.0,148.14,2.645357,0.428571,1.192462,3.0,0.0,-157.6,-255.48,71.51,14.302,0.6,0.4,3.711794,25.473616,-54.55,-5.455,0.3,0.7,0.642131,28.4221,-68.95,-3.4475,0.35,0.65,0.782059,31.441805,48.7,0.974,0.42,0.58,1.084572,28.589276,148.0,234.19,1.582365,0.412162,1.286324,0.0,3.0,-42.75,-198.43,-18.33,-3.666,0.2,0.8,0.221656,5.335577,59.01,5.901,0.4,0.6,3.266129,17.775698,94.16,4.708,0.55,0.45,2.300014,16.446085,75.48,1.5096,0.44,0.56,1.285175,18.408851,1,0,1,0,54.92,54.92,5492.0,7,3,3,4779.456,1,0,54.92,0.0,0.0,1
294,2026-03-19T08:08:26,2026-03-19,2008272758,0,[sl 1.14701],EURUSDm,BUY,0.01,-4.605170185988091,1,294.0,294.0,258.59,0.879558,0.414966,1.1946,1.0,0.0,-49.91,-219.29,30.88,6.176,0.2,0.8,2.284526,24.569227,49.5,4.95,0.4,0.6,2.377295,18.503083,144.67,7.2335,0.6,0.4,3.409962,18.980413,139.17,2.7834,0.52,0.48,1.685803,16.047845,65.0,-3.22,-0.049538,0.446154,0.930484,0.0,1.0,-14.11,-24.78,4.22,0.844,0.6,0.4,2.416107,2.454429,5.33,0.533,0.5,0.5,1.664589,2.483888,3.28,0.164,0.45,0.55,1.188614,2.260594,-5.41,-0.1082,0.44,0.56,0.87017,1.929339,149.0,289.11,1.940336,0.416107,1.35347,1.0,0.0,0.0,-198.43,47.01,9.402,0.4,0.6,4.58035,23.130852,59.4,5.94,0.4,0.6,3.281106,17.882455,179.28,8.964,0.6,0.4,5.245323,17.818361,135.47,2.7094,0.46,0.54,1.521821,19.840208,0,1,0,0,-0.8,0.8,-80.0,8,3,3,1.14701,0,1,-0.8,0.0,0.0,1
295,2026-03-19T08:09:36,2026-03-19,2008281312,0,[tp 70293.75000],BTCUSDm,BUY,0.02,-3.912023005428146,1,295.0,295.0,257.79,0.873864,0.413559,1.193881,0.0,1.0,-50.71,-219.29,34.51,6.902,0.2,0.8,2.690838,24.297228,50.18,5.018,0.4,0.6,2.423142,18.480563,136.56,6.828,0.55,0.45,3.244945,19.060908,143.36,2.8672,0.52,0.48,1.721344,16.017947,72.0,119.56,1.660556,0.486111,1.376271,0.0,3.0,-26.13,-41.16,3.25,0.65,0.4,0.6,1.147392,9.996299,-14.89,-1.489,0.4,0.6,0.786247,13.581316,42.49,2.1245,0.5,0.5,1.438403,13.985613,90.73,1.8146,0.46,0.54,1.356363,14.28669,150.0,288.31,1.922067,0.413333,1.352147,0.0,1.0,-0.8,-198.43,40.99,8.198,0.2,0.8,3.94257,23.471367,59.61,5.961,0.4,0.6,3.307782,17.874402,181.67,9.0835,0.6,0.4,5.55999,17.74431,135.57,2.7114,0.46,0.54,1.522408,19.839849,1,0,0,0,7.12,7.12,356.0,8,3,3,70293.75,1,0,7.12,0.0,0.0,1
296,2026-03-19T08:11:16,2026-03-19,2008291244,0,[sl 96.66000],USOILm,BUY,0.01,-4.605170185988091,1,296.0,296.0,264.91,0.894966,0.415541,1.199236,1.0,0.0,-43.59,-219.29,43.13,8.626,0.4,0.6,3.280804,23.943139,45.56,4.556,0.4,0.6,2.292116,18.364125,138.41,6.9205,0.55,0.45,3.275358,19.057612,172.87,3.4574,0.54,0.46,1.980267,15.61504,86.0,-52.6,-0.611628,0.337209,0.707583,0.0,1.0,-53.74,-72.92,19.18,3.836,0.8,0.2,2.75802,7.582231,12.26,1.226,0.6,0.4,1.349886,8.759828,7.27,0.3635,0.5,0.5,1.109422,7.57699,-10.53,-0.2106,0.42,0.58,0.91776,6.193565,151.0,295.43,1.95649,0.417219,1.360844,1.0,0.0,0.0,-198.43,52.54,10.508,0.4,0.6,6.530526,22.669541,68.21,6.821,0.5,0.5,3.801232,17.701755,180.69,9.0345,0.6,0.4,5.535392,17.74831,115.67,2.3134,0.46,0.54,1.445725,19.545633,0,1,0,0,-5.09,5.09,-509.0,8,3,3,96.66,0,1,-5.09,0.0,0.0,1
297,2026-03-19T09:05:49,2026-03-19,2008603856,0,[tp 4716.51900],XAUUSDm,BUY,0.01,-4.605170185988091,1,297.0,297.0,259.82,0.874815,0.414141,1.194663,0.0,1.0,-48.68,-219.29,48.95,9.79,0.4,0.6,4.739496,23.09142,26.91,2.691,0.3,0.7,1.666914,18.301918,126.5,6.325,0.5,0.5,2.918993,19.236685,170.61,3.4122,0.54,0.46,1.95521,15.636431,57.0,203.06,3.562456,0.438596,1.263814,4.0,0.0,-102.68,-255.48,139.8,27.96,0.8,0.2,10.0,25.282021,48.63,4.863,0.4,0.6,1.466833,29.709289,-0.28,-0.014,0.4,0.6,0.999075,33.790966,151.89,3.0378,0.44,0.56,1.287905,28.684341,152.0,290.34,1.910132,0.414474,1.352436,0.0,1.0,-5.09,-198.43,48.95,9.79,0.4,0.6,4.739496,23.09142,51.38,5.138,0.4,0.6,2.745245,17.952359,164.91,8.2455,0.55,0.45,4.670376,18.006056,121.51,2.4302,0.46,0.54,1.479008,19.483495,1,0,1,0,50.89,50.89,5089.0,9,3,3,4716.519,1,0,50.89,0.0,0.0,1
298,2026-03-19T10:58:11,2026-03-19,2009316187,2524234852,[sl 94.326],USOILm,SELL,0.01,-4.605170185988091,1,298.0,298.0,310.71,1.042651,0.416107,1.23279,1.0,0.0,0.0,-219.29,107.04,21.408,0.6,0.4,10.0,26.045071,88.22,8.822,0.4,0.6,3.947544,22.638365,176.53,8.8265,0.5,0.5,3.677943,21.484906,217.36,4.3472,0.54,0.46,2.216953,16.991056,87.0,-57.69,-0.663103,0.333333,0.688112,0.0,2.0,-58.83,-72.92,3.4,0.68,0.6,0.4,1.2125,7.353171,4.23,0.423,0.5,0.5,1.105407,8.932255,-6.37,-0.3185,0.45,0.55,0.910946,7.421708,-19.26,-0.3852,0.4,0.6,0.855329,6.205593,145.0,-30.52,-0.210483,0.413793,0.940263,0.0,2.0,-116.49,-130.54,-32.79,-6.558,0.4,0.6,0.056946,9.373154,-76.65,-7.665,0.3,0.7,0.060892,8.033826,14.05,0.7025,0.5,0.5,1.143367,13.820349,-113.65,-2.273,0.36,0.64,0.584309,12.206492,0,1,0,1,-20.27,20.27,-2027.0,10,3,3,94.326,0,1,-20.27,0.0,0.0,1
299,2026-03-19T12:11:41,2026-03-19,2009759895,0,[sl 96.36000],USOILm,BUY,0.01,-4.605170185988091,1,299.0,299.0,290.44,0.971371,0.414716,1.214348,0.0,1.0,-20.27,-219.29,31.85,6.37,0.4,0.6,2.217508,23.979254,62.73,6.273,0.3,0.7,2.249602,24.276226,132.8,6.64,0.45,0.55,2.540782,22.100764,194.15,3.883,0.52,0.48,1.976217,17.336696,88.0,-77.96,-0.885909,0.329545,0.620152,0.0,3.0,-79.1,-79.1,-24.18,-4.836,0.4,0.6,0.333333,10.130744,-10.99,-1.099,0.5,0.5,0.801445,10.830205,-22.14,-1.107,0.45,0.55,0.746392,8.572566,-39.06,-0.7812,0.4,0.6,0.744589,6.801509,153.0,341.23,2.230261,0.418301,1.41421,1.0,0.0,0.0,-198.43,107.04,21.408,0.6,0.4,10.0,26.045071,88.71,8.871,0.4,0.6,4.013247,22.596093,228.8,11.44,0.6,0.4,8.165675,19.554343,122.36,2.4472,0.46,0.54,1.482359,19.525355,0,1,0,1,-12.79,12.79,-1279.0,12,3,3,96.36,0,1,-12.79,0.0,0.0,1
300,2026-03-19T12:46:40,2026-03-19,2009949495,0,[tp 179.12000],NVDAm,BUY,0.01,-4.605170185988091,1,300.0,300.0,277.65,0.9255,0.413333,1.202993,0.0,2.0,-33.06,-219.29,19.86,3.972,0.4,0.6,1.520577,25.147436,54.37,5.437,0.3,0.7,1.928449,24.769349,100.12,5.006,0.4,0.6,2.011517,22.268182,180.3,3.606,0.5,0.5,1.851798,17.48956,14.0,-8.21,-0.586429,0.285714,0.4588,0.0,1.0,-11.91,-11.91,-4.93,-0.986,0.2,0.8,0.035225,0.615519,-9.33,-0.933,0.2,0.8,0.258936,1.52123,-8.21,-0.586429,0.285714,0.714286,0.4588,1.685711,-8.21,-0.586429,0.285714,0.714286,0.4588,1.685711,154.0,328.44,2.132727,0.415584,1.392589,0.0,1.0,-12.79,-198.43,39.33,7.866,0.4,0.6,3.10546,22.455507,86.34,8.634,0.4,0.6,3.714241,22.808614,208.7,10.435,0.55,0.45,5.666816,20.245101,111.26,2.2252,0.46,0.54,1.420214,19.633933,1,0,0,0,3.39,3.39,339.0,12,3,3,179.11,1,0,3.43,0.0,-0.04,1
301,2026-03-19T12:51:04,2026-03-19,2009972781,0,[sl 1.14774],EURUSDm,BUY,0.01,-4.605170185988091,1,301.0,301.0,281.04,0.933688,0.415282,1.205472,1.0,0.0,-29.67,-219.29,16.13,3.226,0.4,0.6,1.422805,25.098263,59.26,5.926,0.4,0.6,2.038556,24.675663,102.39,5.1195,0.4,0.6,2.034451,22.253866,145.18,2.9036,0.5,0.5,1.685879,16.763844,66.0,-4.02,-0.060909,0.439394,0.914686,0.0,2.0,-14.91,-24.78,2.56,0.512,0.4,0.6,1.677249,2.54057,1.37,0.137,0.4,0.6,1.155329,2.345306,4.17,0.2085,0.45,0.55,1.252727,2.232242,-7.31,-0.1462,0.42,0.58,0.827879,1.923872,155.0,331.83,2.140839,0.419355,1.396641,1.0,0.0,-9.4,-198.43,43.52,8.704,0.6,0.4,3.434004,22.193119,84.51,8.451,0.4,0.6,3.656712,22.842588,206.82,10.341,0.55,0.45,5.624776,20.273209,92.46,1.8492,0.46,0.54,1.349209,19.42692,0,1,0,0,-0.95,0.95,-95.0,12,3,3,1.14774,0,1,-0.95,0.0,0.0,1
302,2026-03-19T13:01:48,2026-03-19,2010029435,0,[tp 4645.88500],XAUUSDm,BUY,0.01,-4.605170185988091,1,302.0,302.0,280.09,0.92745,0.413907,1.204635,0.0,1.0,-30.62,-219.29,20.27,4.054,0.4,0.6,1.596001,24.877577,69.22,6.922,0.4,0.6,2.469639,24.171867,124.52,6.226,0.4,0.6,2.620299,21.356301,145.45,2.909,0.5,0.5,1.688032,16.762559,58.0,253.95,4.378448,0.448276,1.329929,5.0,0.0,-51.79,-255.48,203.69,40.738,1.0,0.0,10.0,15.668949,117.04,11.704,0.5,0.5,2.350721,31.584667,81.97,4.0985,0.45,0.55,1.302182,34.718136,117.45,2.349,0.44,0.56,1.222624,27.067942,156.0,330.88,2.121026,0.416667,1.395057,0.0,1.0,-10.35,-198.43,35.45,7.09,0.4,0.6,2.882634,22.540357,87.99,8.799,0.4,0.6,4.105895,22.669552,199.05,9.9525,0.5,0.5,5.358441,20.410941,97.26,1.9452,0.46,0.54,1.37412,19.400973,1,0,1,0,65.33,65.33,6533.0,13,3,3,4644.706,1,0,65.33,0.0,0.0,1
303,2026-03-19T13:26:55,2026-03-19,2010241307,0,[tp 69595.93000],BTCUSDm,BUY,0.02,-3.912023005428146,1,303.0,303.0,345.42,1.14,0.415842,1.252365,1.0,0.0,0.0,-219.29,34.71,6.942,0.4,0.6,2.020582,30.377306,141.75,14.175,0.5,0.5,4.552632,29.204101,135.32,6.766,0.4,0.6,2.760833,22.667163,202.79,4.0558,0.5,0.5,1.959272,18.896548,73.0,126.68,1.735342,0.493151,1.398678,1.0,0.0,-19.01,-41.16,-1.37,-0.274,0.4,0.6,0.937868,9.102021,2.36,0.236,0.5,0.5,1.039644,13.469273,39.39,1.9695,0.5,0.5,1.406418,13.912018,104.89,2.0978,0.48,0.52,1.423695,14.248656,157.0,396.21,2.523631,0.420382,1.473058,1.0,0.0,0.0,-198.43,105.87,21.174,0.6,0.4,8.70524,30.958321,154.82,15.482,0.5,0.5,6.770406,27.896497,240.92,12.046,0.5,0.5,6.275235,23.588865,191.99,3.8398,0.48,0.52,1.832676,20.820914,1,0,1,0,12.49,12.49,624.5,13,3,3,69595.93,1,0,12.49,0.0,0.0,1
304,2026-03-19T15:00:15,2026-03-19,2011132480,0,[sl 4629.32500],XAUUSDm,BUY,0.01,-4.605170185988091,1,304.0,304.0,357.91,1.177336,0.417763,1.261491,2.0,0.0,0.0,-219.29,67.47,13.494,0.6,0.4,5.91048,27.16449,99.32,9.932,0.5,0.5,3.489223,25.867835,148.82,7.441,0.45,0.55,2.962289,22.626524,206.47,4.1294,0.5,0.5,1.976679,18.922071,59.0,319.28,5.411525,0.457627,1.414806,6.0,0.0,0.0,-255.48,245.56,49.112,1.0,0.0,10.0,15.383093,190.06,19.006,0.6,0.4,3.407042,34.557692,167.93,8.3965,0.5,0.5,1.670032,36.657415,192.15,3.843,0.46,0.54,1.370803,28.408219,158.0,408.7,2.586709,0.424051,1.487971,2.0,0.0,0.0,-198.43,67.47,13.494,0.6,0.4,5.91048,27.16449,174.51,17.451,0.6,0.4,9.889964,26.903261,233.52,11.676,0.5,0.5,6.113203,23.520865,154.53,3.0906,0.48,0.52,1.670209,19.797037,0,1,0,1,-66.21,66.21,-6621.0,15,3,3,4629.325,0,1,-66.21,0.0,0.0,1
305,2026-03-19T15:16:17,2026-03-19,2011289710,0,[sl 178.42000],NVDAm,BUY,0.01,-4.605170185988091,1,305.0,305.0,291.7,0.956393,0.416393,1.203284,0.0,1.0,-66.21,-219.29,14.05,2.81,0.6,0.4,1.209202,41.906294,33.91,3.391,0.5,0.5,1.322002,34.56303,84.09,4.2045,0.45,0.55,1.598207,27.725961,141.46,2.8292,0.5,0.5,1.511776,21.324606,15.0,-4.82,-0.321333,0.333333,0.682268,1.0,0.0,-8.52,-11.91,0.08,0.016,0.4,0.6,1.022923,1.767581,-4.56,-0.456,0.3,0.7,0.59322,1.9838,-4.82,-0.321333,0.333333,0.666667,0.682268,1.90684,-4.82,-0.321333,0.333333,0.666667,0.682268,1.90684,159.0,342.49,2.154025,0.421384,1.378961,0.0,1.0,-66.21,-198.43,14.05,2.81,0.6,0.4,1.209202,41.906294,53.38,5.338,0.5,0.5,1.621855,33.713267,112.78,5.639,0.45,0.55,2.008044,26.98655,102.09,2.0418,0.48,0.52,1.360729,21.93601,0,1,0,0,-1.09,1.09,-109.0,15,3,3,178.42,0,1,-1.09,0.0,0.0,1
306,2026-03-19T17:10:22,2026-03-19,2012104676,0,[tp 1.15317],EURUSDm,SELL,0.01,-4.605170185988091,1,306.0,306.0,290.61,0.949706,0.415033,1.20237,0.0,2.0,-67.3,-219.29,9.57,1.914,0.4,0.6,1.14022,41.932199,25.7,2.57,0.4,0.6,1.241541,34.562211,71.26,3.563,0.4,0.6,1.503035,27.692595,127.18,2.5436,0.48,0.52,1.458306,21.27951,67.0,-4.97,-0.074179,0.432836,0.896609,0.0,3.0,-15.86,-24.78,0.49,0.098,0.2,0.8,1.103594,2.576171,1.49,0.149,0.4,0.6,1.171264,2.339399,2.46,0.123,0.4,0.6,1.140974,2.242207,-9.08,-0.1816,0.4,0.6,0.79088,1.922051,146.0,-50.79,-0.347877,0.410959,0.904383,0.0,3.0,-136.76,-136.76,-52.28,-10.456,0.4,0.6,0.036491,10.177836,-82.52,-8.252,0.3,0.7,0.056806,8.691972,-9.16,-0.458,0.45,0.55,0.92255,14.539507,-132.54,-2.6508,0.36,0.64,0.546546,12.462648,1,0,0,0,2.32,2.32,232.0,17,3,3,1.15317,1,0,2.32,0.0,0.0,1
307,2026-03-19T19:10:44,2026-03-19,2012729470,2527761474,[sl 178.60],NVDAm,BUY,0.01,-4.605170185988091,1,307.0,307.0,292.93,0.954169,0.416938,1.203986,1.0,0.0,-64.98,-219.29,12.84,2.568,0.6,0.4,1.190788,41.907924,33.11,3.311,0.5,0.5,1.326819,34.469349,60.02,3.001,0.4,0.6,1.423691,27.597902,139.63,2.7926,0.5,0.5,1.522235,21.202456,16.0,-5.91,-0.369375,0.3125,0.636531,0.0,1.0,-9.61,-11.91,0.27,0.054,0.4,0.6,1.081818,1.741156,-8.73,-0.873,0.2,0.8,0.290244,1.597323,-5.91,-0.369375,0.3125,0.6875,0.636531,1.855642,-5.91,-0.369375,0.3125,0.6875,0.636531,1.855642,160.0,341.4,2.13375,0.41875,1.3773,0.0,2.0,-67.3,-198.43,9.57,1.914,0.4,0.6,1.14022,41.932199,53.09,5.309,0.5,0.5,1.616394,33.718659,112.7,5.635,0.45,0.55,2.00661,26.987541,152.25,3.045,0.48,0.52,1.653854,20.58101,0,1,0,0,-0.58,0.58,-58.0,19,3,3,178.61,0,1,-0.58,0.0,0.0,1
308,2026-03-20T01:11:47,2026-03-20,2013713900,0,[sl 4660.26600],XAUUSDm,BUY,0.01,-4.605170185988091,1,308.0,308.0,292.35,0.949188,0.415584,1.2035,0.0,1.0,-65.56,-219.29,-53.07,-10.614,0.4,0.6,0.218179,28.225471,-18.36,-1.836,0.4,0.6,0.819806,30.606899,69.86,3.493,0.4,0.6,1.529965,27.441522,135.89,2.7178,0.48,0.52,1.507147,21.207624,60.0,253.07,4.217833,0.45,1.302744,0.0,1.0,-66.21,-255.48,159.46,31.892,0.8,0.2,3.408398,49.286497,146.24,14.624,0.6,0.4,2.191073,41.591416,79.19,3.9595,0.45,0.55,1.249937,39.904859,105.14,2.1028,0.44,0.56,1.179908,29.939877,161.0,340.82,2.116894,0.416149,1.376418,0.0,3.0,-67.88,-198.43,9.94,1.988,0.4,0.6,1.146435,41.927406,45.39,4.539,0.4,0.6,1.523469,33.756409,113.6,5.68,0.45,0.55,2.022871,26.976388,154.24,3.0848,0.48,0.52,1.668111,20.572036,0,1,0,1,-21.46,21.46,-2146.0,1,4,3,4660.266,0,1,-21.46,0.0,0.0,1
309,2026-03-20T01:32:35,2026-03-20,2013758589,0,[sl 93.93400],USOILm,BUY,0.01,-4.605170185988091,1,309.0,309.0,270.89,0.876667,0.414239,1.185787,0.0,2.0,-87.02,-219.29,-87.02,-17.404,0.2,0.8,0.025968,25.83295,-19.55,-1.955,0.4,0.6,0.810341,30.680564,43.18,2.159,0.35,0.65,1.281707,27.968573,114.25,2.285,0.46,0.54,1.394769,21.474136,89.0,-90.75,-1.019663,0.325843,0.583773,0.0,4.0,-91.89,-91.89,-42.24,-8.448,0.2,0.8,0.139013,9.045022,-38.05,-3.805,0.4,0.6,0.441591,10.000912,-28.55,-1.4275,0.45,0.55,0.695337,8.878094,-51.27,-1.0254,0.4,0.6,0.689536,7.00602,162.0,319.36,1.971358,0.41358,1.34455,0.0,4.0,-89.34,-198.43,-76.85,-15.37,0.2,0.8,0.139803,27.64285,29.02,2.902,0.4,0.6,1.281529,34.570774,80.4,4.02,0.4,0.6,1.606701,27.567421,140.0,2.8,0.48,0.52,1.571195,20.809919,0,1,0,0,-4.05,4.05,-405.0,1,4,3,93.934,0,1,-4.05,0.0,0.0,1
310,2026-03-20T02:38:22,2026-03-20,2013896672,0,[sl 1.15667],EURUSDm,SELL,0.01,-4.605170185988091,1,310.0,310.0,266.84,0.860774,0.412903,1.182502,0.0,3.0,-91.07,-219.29,-24.86,-4.972,0.2,0.8,0.085357,8.488075,-10.81,-1.081,0.4,0.6,0.885414,30.483312,43.56,2.178,0.35,0.65,1.284892,27.964219,111.27,2.2254,0.46,0.54,1.380553,21.487496,68.0,-2.65,-0.038971,0.441176,0.944872,1.0,0.0,-13.54,-24.78,4.29,0.858,0.4,0.6,2.32,2.559003,7.0,0.7,0.5,0.5,2.270417,2.12735,7.35,0.3675,0.45,0.55,1.493952,2.201463,-5.84,-0.1168,0.42,0.58,0.862588,1.950471,147.0,-48.47,-0.329728,0.414966,0.90875,1.0,0.0,-134.44,-136.76,-50.82,-10.164,0.4,0.6,0.063398,10.513703,-71.54,-7.154,0.4,0.6,0.092477,9.246883,-45.35,-2.2675,0.45,0.55,0.616555,11.514494,-126.78,-2.5356,0.38,0.62,0.561087,12.481428,0,1,0,0,-2.12,2.12,-212.0,2,4,3,1.15667,0,1,-2.12,0.0,0.0,1
311,2026-03-20T12:11:54,2026-03-20,2015795278,0,[sl 70800.09000],BTCUSDm,BUY,0.02,-3.912023005428146,1,311.0,311.0,264.72,0.85119,0.411576,1.18079,0.0,4.0,-93.19,-219.29,-25.89,-5.178,0.2,0.8,0.08224,8.403438,-16.32,-1.632,0.3,0.7,0.830811,30.447293,42.94,2.147,0.35,0.65,1.279703,27.968623,114.2,2.284,0.46,0.54,1.394528,21.471564,74.0,139.17,1.880676,0.5,1.437986,2.0,0.0,-6.52,-41.16,-2.44,-0.488,0.4,0.6,0.889342,8.781174,-6.52,-0.652,0.5,0.5,0.890475,12.287564,60.25,3.0125,0.55,0.45,1.680407,13.879667,103.15,2.063,0.48,0.52,1.416667,14.22108,163.0,315.31,1.934417,0.411043,1.338701,0.0,5.0,-93.39,-198.43,-93.39,-18.678,0.0,1.0,0.0,24.971521,-25.92,-2.592,0.3,0.7,0.758051,30.651306,62.79,3.1395,0.35,0.65,1.459764,27.529858,136.34,2.7268,0.48,0.52,1.548078,20.82744,0,1,0,1,-12.31,12.31,-615.5,12,4,3,70813.25,0,1,-12.31,0.0,0.0,1
312,2026-03-23T01:05:33,2026-03-23,2021078776,0,[tp 4434.98400],XAUUSDm,BUY,0.01,-4.605170185988091,1,312.0,312.0,252.41,0.809006,0.410256,1.170946,0.0,5.0,-105.5,-219.29,-40.52,-8.104,0.0,1.0,0.0,7.809314,-27.68,-2.768,0.3,0.7,0.743276,30.612132,41.54,2.077,0.35,0.65,1.268138,28.002945,132.09,2.6418,0.46,0.54,1.486394,21.072625,61.0,231.61,3.796885,0.442623,1.270137,0.0,2.0,-87.67,-255.48,83.47,16.694,0.6,0.4,1.952093,51.623357,154.98,15.498,0.6,0.4,2.358997,40.72307,30.71,1.5355,0.4,0.6,1.090777,39.902885,94.11,1.8822,0.44,0.56,1.158051,30.071752,164.0,303.0,1.847561,0.408537,1.32123,0.0,6.0,-105.7,-198.43,-39.49,-7.898,0.0,1.0,0.0,7.976248,-25.44,-2.544,0.3,0.7,0.761463,30.63567,60.9,3.045,0.35,0.65,1.439838,27.57944,129.46,2.5892,0.48,0.52,1.506415,20.903463,1,0,1,0,90.15,90.15,9015.0,1,0,3,4434.984,1,0,90.15,0.0,0.0,1
313,2026-03-23T06:30:40,2026-03-23,2021961531,0,[tp 4331.57700],XAUUSDm,BUY,0.01,-4.605170185988091,1,313.0,313.0,342.56,1.094441,0.412141,1.232,1.0,0.0,-15.35,-219.29,50.21,10.042,0.2,0.8,2.257136,40.634415,-2.86,-0.286,0.3,0.7,0.973474,36.477171,138.89,6.9445,0.4,0.6,1.940225,33.823245,200.87,4.0174,0.46,0.54,1.739662,24.254939,62.0,321.76,5.189677,0.451613,1.375283,1.0,0.0,0.0,-255.48,118.7,23.74,0.6,0.4,2.353941,58.328691,258.5,25.85,0.7,0.3,3.567796,45.001784,70.82,3.541,0.4,0.6,1.209341,43.16492,159.74,3.1948,0.44,0.56,1.268272,32.375331,165.0,393.15,2.382727,0.412121,1.416804,1.0,0.0,-15.55,-198.43,51.75,10.35,0.2,0.8,2.347656,40.546804,61.32,6.132,0.3,0.7,1.574965,41.460437,145.83,7.2915,0.35,0.65,2.053228,33.492093,211.06,4.2212,0.48,0.52,1.825614,24.226403,1,0,1,0,46.01,46.01,4601.0,6,0,3,4331.577,1,0,46.01,0.0,0.0,1
314,2026-03-23T07:03:06,2026-03-23,2022096885,0,[tp 4288.82000],XAUUSDm,BUY,0.01,-4.605170185988091,1,314.0,314.0,388.57,1.237484,0.414013,1.263161,2.0,0.0,0.0,-219.29,117.68,23.536,0.4,0.6,7.367965,39.106672,30.66,3.066,0.3,0.7,1.284363,38.953273,129.98,6.499,0.4,0.6,1.879908,33.242092,232.61,4.6522,0.46,0.54,1.856538,24.921163,63.0,367.77,5.837619,0.460317,1.428946,2.0,0.0,0.0,-255.48,113.82,22.764,0.6,0.4,2.298278,57.905524,317.51,31.751,0.8,0.2,4.621649,43.359532,146.23,7.3115,0.45,0.55,1.473389,43.415654,186.71,3.7342,0.44,0.56,1.313566,32.855936,166.0,439.16,2.645542,0.415663,1.465582,2.0,0.0,0.0,-198.43,98.34,19.668,0.4,0.6,3.600212,42.280638,108.28,10.828,0.4,0.6,2.024409,43.022383,196.27,9.8135,0.4,0.6,2.464374,34.401253,261.57,5.2314,0.5,0.5,2.041531,24.885799,1,0,1,0,43.71,43.71,4371.0,7,0,3,4288.82,1,0,43.71,0.0,0.0,1
315,2026-03-23T08:30:18,2026-03-23,2022752988,0,[tp 100.84400],USOILm,SELL,0.01,-4.605170185988091,1,315.0,315.0,432.28,1.372317,0.415873,1.292764,3.0,0.0,0.0,-219.29,165.44,33.088,0.6,0.4,10.0,36.976908,140.58,14.058,0.4,0.6,4.378515,32.890887,174.49,8.7245,0.45,0.55,2.187653,34.156302,290.72,5.8144,0.48,0.52,2.130458,25.356738,90.0,-94.8,-1.053333,0.322222,0.573127,0.0,5.0,-95.94,-95.94,-53.11,-10.622,0.0,1.0,0.0,5.859373,-33.44,-3.344,0.4,0.6,0.473635,9.871911,-40.23,-2.0115,0.4,0.6,0.588482,8.644158,-56.33,-1.1266,0.38,0.62,0.667061,7.01243,148.0,-50.59,-0.341824,0.412162,0.905138,0.0,1.0,-136.56,-136.76,-54.06,-10.812,0.2,0.8,0.041149,9.878942,-63.24,-6.324,0.4,0.6,0.10336,9.288885,-55.46,-2.773,0.4,0.6,0.539331,11.272459,-127.33,-2.5466,0.38,0.62,0.560021,12.480815,1,0,1,0,34.12,34.12,3412.0,8,0,3,100.844,1,0,34.12,0.0,0.0,1
316,2026-03-23T09:00:00,2026-03-23,2022961655,0,[sl 100.34200],USOILm,SELL,0.01,-4.605170185988091,1,316.0,316.0,466.4,1.475949,0.417722,1.315871,4.0,0.0,0.0,-219.29,201.68,40.336,0.8,0.2,10.0,32.66574,175.79,17.579,0.5,0.5,5.338351,32.965364,201.49,10.0745,0.45,0.55,2.371427,34.596941,333.5,6.67,0.5,0.5,2.341998,25.574715,91.0,-60.68,-0.666813,0.32967,0.726765,1.0,0.0,-61.82,-95.94,-8.08,-1.616,0.2,0.8,0.808531,18.803642,11.1,1.11,0.5,0.5,1.209,14.593309,-1.48,-0.074,0.45,0.55,0.984108,11.657572,-23.56,-0.4712,0.38,0.62,0.860748,8.571372,149.0,-16.47,-0.110537,0.416107,0.969117,1.0,0.0,-102.44,-136.76,3.14,0.628,0.4,0.6,1.094294,18.449825,-15.75,-1.575,0.5,0.5,0.724458,14.910985,-30.15,-1.5075,0.4,0.6,0.749564,13.667963,-96.74,-1.9348,0.38,0.62,0.665722,13.473928,0,1,0,0,-5.31,5.31,-531.0,9,0,3,100.342,0,1,-5.31,0.0,0.0,1
317,2026-03-23T10:11:31,2026-03-23,2023483206,0,[sl 98.00100],USOILm,SELL,0.01,-4.605170185988091,1,317.0,317.0,461.09,1.454543,0.416404,1.311156,0.0,1.0,-5.31,-219.29,208.68,41.736,0.8,0.2,10.0,30.454585,168.16,16.816,0.4,0.6,4.669212,33.395209,201.27,10.0635,0.45,0.55,2.367881,34.601795,338.61,6.7722,0.5,0.5,2.391167,25.516361,92.0,-65.99,-0.717283,0.326087,0.709794,0.0,1.0,-67.13,-95.94,-8.3,-1.66,0.2,0.8,0.804338,18.811975,-4.9,-0.49,0.4,0.6,0.916125,14.329992,1.28,0.064,0.45,0.55,1.014164,11.578166,-28.42,-0.5684,0.38,0.62,0.836714,8.598095,150.0,-21.78,-0.1452,0.413333,0.959563,0.0,1.0,-107.75,-136.76,8.74,1.748,0.4,0.6,1.315523,17.87648,-24.05,-2.405,0.4,0.6,0.615015,14.864713,-34.26,-1.713,0.4,0.6,0.724819,13.69267,-87.84,-1.7568,0.38,0.62,0.686845,13.368967,0,1,0,1,-11.51,11.51,-1151.0,10,0,3,98.001,0,1,-11.51,0.0,0.0,1
318,2026-03-23T10:15:15,2026-03-23,2023506151,0,[sl 4272.87500],XAUUSDm,BUY,0.01,-4.605170185988091,1,318.0,318.0,449.58,1.413774,0.415094,1.301051,0.0,2.0,-16.82,-219.29,107.02,21.404,0.6,0.4,7.362663,24.745419,157.23,15.723,0.4,0.6,3.770085,34.117729,138.87,6.9435,0.4,0.6,1.875323,33.577976,330.29,6.6058,0.5,0.5,2.312133,25.60775,64.0,411.48,6.429375,0.46875,1.479927,3.0,0.0,0.0,-255.48,92.2,18.44,0.6,0.4,2.051671,55.314798,337.76,33.776,0.8,0.2,4.852629,43.397881,139.99,6.9995,0.45,0.55,1.453189,43.129597,191.83,3.8366,0.44,0.56,1.322165,32.972182,167.0,482.87,2.891437,0.419162,1.511922,3.0,0.0,0.0,-198.43,163.51,32.702,0.6,0.4,10.0,37.350613,86.66,8.666,0.4,0.6,1.819868,40.710281,241.48,12.074,0.45,0.55,2.822078,35.06259,311.66,6.2332,0.52,0.48,2.273329,25.401082,0,1,0,1,-93.18,93.18,-9318.0,10,0,3,4272.875,0,1,-93.18,0.0,0.0,1
319,2026-03-23T10:24:38,2026-03-23,2023572681,0,[sl 1.15151],EURUSDm,SELL,0.01,-4.605170185988091,1,319.0,319.0,356.4,1.117241,0.413793,1.224638,0.0,3.0,-110.0,-219.29,-32.17,-6.434,0.4,0.6,0.707545,48.396168,85.51,8.551,0.4,0.6,1.665551,46.479142,65.96,3.298,0.4,0.6,1.284851,39.729055,229.01,4.5802,0.48,0.52,1.66399,29.167675,69.0,-4.77,-0.06913,0.434783,0.904961,0.0,1.0,-15.66,-24.78,-3.05,-0.61,0.2,0.8,0.43203,1.536802,1.89,0.189,0.4,0.6,1.247706,2.129631,7.36,0.368,0.45,0.55,1.494956,2.200897,-8.44,-0.1688,0.4,0.6,0.810847,1.968443,151.0,-33.29,-0.220464,0.410596,0.939486,0.0,2.0,-119.26,-136.76,17.5,3.5,0.4,0.6,1.92397,15.959182,-34.78,-3.478,0.4,0.6,0.524863,15.094184,-58.96,-2.948,0.35,0.65,0.566502,13.403659,-97.3,-1.946,0.38,0.62,0.664436,13.438536,0,1,0,0,-4.31,4.31,-431.0,10,0,3,1.15151,0,1,-4.31,0.0,0.0,1
320,2026-03-23T12:05:21,2026-03-23,2024293731,0,[sl 68925.51000],BTCUSDm,BUY,0.02,-3.912023005428146,1,320.0,320.0,352.09,1.100281,0.4125,1.221321,0.0,4.0,-114.31,-219.29,-80.19,-16.038,0.2,0.8,0.298487,41.808736,85.25,8.525,0.4,0.6,1.662187,46.486256,74.44,3.722,0.4,0.6,1.333692,39.600138,238.07,4.7614,0.48,0.52,1.708879,29.08362,75.0,126.86,1.691467,0.493333,1.384354,0.0,1.0,-18.83,-41.16,-4.33,-0.866,0.4,0.6,0.819131,9.229797,-4.43,-0.443,0.5,0.5,0.922876,12.067755,53.37,2.6685,0.55,0.45,1.559258,14.166933,95.36,1.9072,0.48,0.52,1.373448,14.334566,168.0,389.69,2.319583,0.416667,1.375993,0.0,1.0,-93.18,-198.43,74.38,14.876,0.6,0.4,1.705091,63.058827,-19.01,-1.901,0.3,0.7,0.904415,50.808109,155.5,7.775,0.45,0.55,1.711638,41.788153,212.56,4.2512,0.5,0.5,1.628987,28.964536,0,1,0,1,-12.89,12.89,-644.5,12,0,3,68925.51,0,1,-12.89,0.0,0.0,1
321,2026-03-24T00:45:11,2026-03-24,2029081166,2544929220,[sl 88.402],USOILm,BUY,0.01,-4.605170185988091,1,321.0,321.0,339.2,1.056698,0.411215,1.211504,0.0,5.0,-127.2,-219.29,-127.2,-25.44,0.0,1.0,0.0,34.035125,74.48,7.448,0.4,0.6,1.533869,46.84379,58.16,2.908,0.35,0.65,1.246472,39.765573,222.19,4.4438,0.46,0.54,1.63714,29.18775,93.0,-77.5,-0.833333,0.322581,0.675596,0.0,2.0,-78.64,-95.94,0.46,0.092,0.2,0.8,1.013666,17.348169,-23.72,-2.372,0.3,0.7,0.660804,14.417586,-13.86,-0.693,0.4,0.6,0.863958,11.81283,-39.46,-0.7892,0.38,0.62,0.786806,8.733422,169.0,376.8,2.229586,0.414201,1.35909,0.0,2.0,-106.07,-198.43,73.8,14.76,0.6,0.4,1.695767,63.109244,34.31,3.431,0.3,0.7,1.23571,46.384748,87.69,4.3845,0.4,0.6,1.378954,40.558276,204.47,4.0894,0.5,0.5,1.590903,29.03715,0,1,0,0,-3.07,3.07,-307.0,0,1,3,88.402,0,1,-3.07,0.0,0.0,1
322,2026-03-24T00:45:34,2026-03-24,2029081975,0,[sl 1.16078],EURUSDm,SELL,0.01,-4.605170185988091,1,322.0,322.0,336.13,1.043882,0.409938,1.20919,0.0,6.0,-130.27,-219.29,-124.96,-24.992,0.0,1.0,0.0,34.310772,83.72,8.372,0.4,0.6,1.642665,46.535061,56.04,2.802,0.35,0.65,1.235373,39.778539,219.9,4.398,0.46,0.54,1.62646,29.197706,70.0,-9.08,-0.129714,0.428571,0.833394,0.0,2.0,-19.97,-24.78,-5.86,-1.172,0.2,0.8,0.283619,2.150697,-1.64,-0.164,0.4,0.6,0.853047,2.518119,3.44,0.172,0.45,0.55,1.183076,2.423012,-13.7,-0.274,0.38,0.62,0.720008,2.04491,152.0,-37.6,-0.247368,0.407895,0.932183,0.0,3.0,-123.57,-136.76,10.87,2.174,0.2,0.8,1.467527,16.274457,-39.95,-3.995,0.3,0.7,0.484583,15.025129,-53.14,-2.657,0.35,0.65,0.591827,13.307407,-100.33,-2.0066,0.38,0.62,0.657565,13.442228,0,1,0,0,-0.74,0.74,-74.0,0,1,3,1.16078,0,1,-0.74,0.0,0.0,1
323,2026-03-24T01:27:29,2026-03-24,2029175589,0,[sl 4388.05700],XAUUSDm,SELL,0.01,-4.605170185988091,1,323.0,323.0,335.39,1.038359,0.408669,1.208633,0.0,7.0,-131.01,-219.29,-114.19,-22.838,0.0,1.0,0.0,35.410004,-7.17,-0.717,0.3,0.7,0.945271,37.715258,-10.03,-0.5015,0.3,0.7,0.958004,37.102005,208.47,4.1694,0.44,0.56,1.592648,29.192293,65.0,318.3,4.896923,0.461538,1.334855,0.0,1.0,-93.18,-255.48,65.23,13.046,0.6,0.4,1.568999,63.947729,224.69,22.469,0.7,0.3,2.242411,57.86215,98.06,4.903,0.45,0.55,1.279509,46.775135,75.67,1.5134,0.42,0.58,1.109886,35.534245,153.0,-38.34,-0.250588,0.405229,0.93094,0.0,4.0,-124.31,-136.76,12.25,2.45,0.2,0.8,1.560128,16.210872,-41.81,-4.181,0.2,0.8,0.465687,14.972077,-48.83,-2.4415,0.35,0.65,0.612091,13.301807,-96.11,-1.9222,0.38,0.62,0.667175,13.436666,0,1,0,1,-37.96,37.96,-3796.0,1,1,3,4388.057,0,1,-37.96,0.0,0.0,1
324,2026-03-24T01:38:58,2026-03-24,2029210931,0,[sl 70497.96000],BTCUSDm,SELL,0.02,-3.912023005428146,1,324.0,324.0,297.43,0.917994,0.407407,1.180751,0.0,8.0,-168.97,-219.29,-58.97,-11.794,0.0,1.0,0.0,13.71255,-91.14,-9.114,0.2,0.8,0.460614,35.66923,-60.48,-3.024,0.25,0.75,0.781495,37.840637,183.51,3.6702,0.44,0.56,1.487126,29.690785,76.0,113.97,1.499605,0.486842,1.332322,0.0,2.0,-31.72,-41.16,-12.79,-2.558,0.4,0.6,0.605247,10.425986,-25.42,-2.542,0.4,0.6,0.638561,12.223723,34.56,1.728,0.5,0.5,1.319055,14.539332,91.33,1.8266,0.48,0.52,1.352109,14.406033,154.0,-76.3,-0.495455,0.402597,0.87136,0.0,5.0,-162.27,-162.27,-59.83,-11.966,0.0,1.0,0.0,13.452403,-56.69,-5.669,0.2,0.8,0.391281,17.330142,-108.16,-5.408,0.3,0.7,0.339844,14.24313,-134.83,-2.6966,0.36,0.64,0.587335,14.344855,0,1,0,0,-5.02,5.02,-251.0,1,1,3,70497.61,0,1,-5.02,0.0,0.0,1
325,2026-03-25T00:36:12,2026-03-25,2035103596,0,[tp 4515.97400],XAUUSDm,SELL,0.01,-4.605170185988091,1,325.0,325.0,292.41,0.899723,0.406154,1.17716,0.0,9.0,-173.99,-219.29,-59.68,-11.936,0.0,1.0,0.0,13.637787,-139.87,-13.987,0.1,0.9,0.196103,31.163864,0.71,0.0355,0.25,0.75,1.003293,34.97326,171.18,3.4236,0.42,0.58,1.44842,29.710728,66.0,280.34,4.247576,0.454545,1.283596,0.0,2.0,-131.14,-255.48,48.73,9.746,0.6,0.4,1.371588,66.034927,132.2,13.22,0.6,0.4,1.604177,59.370531,77.65,3.8825,0.45,0.55,1.209164,47.471326,67.31,1.3462,0.42,0.58,1.096574,35.699534,155.0,-81.32,-0.524645,0.4,0.864047,0.0,6.0,-167.29,-167.29,-59.54,-11.908,0.0,1.0,0.0,13.481569,-50.8,-5.08,0.2,0.8,0.417698,17.241873,-127.45,-6.3725,0.25,0.75,0.245233,13.512322,-126.82,-2.5364,0.36,0.64,0.602096,14.273107,1,0,1,0,31.78,31.78,3178.0,0,2,3,4515.974,1,0,31.78,0.0,0.0,1
326,2026-03-25T01:12:22,2026-03-25,2035199722,0,[tp 1.16267],EURUSDm,SELL,0.01,-4.605170185988091,1,326.0,326.0,324.19,0.994448,0.407975,1.196415,1.0,0.0,-142.21,-219.29,-15.01,-3.002,0.2,0.8,0.679205,22.095442,-142.21,-14.221,0.1,0.9,0.182654,30.808524,33.58,1.679,0.3,0.7,1.156543,35.647583,197.69,3.9538,0.42,0.58,1.517866,29.974318,71.0,-9.82,-0.13831,0.422535,0.82223,0.0,3.0,-20.71,-24.78,-5.8,-1.16,0.2,0.8,0.285714,2.152905,-3.24,-0.324,0.3,0.7,0.727731,2.498728,4.07,0.2035,0.45,0.55,1.224119,2.406801,-13.68,-0.2736,0.38,0.62,0.720303,2.044817,156.0,-49.54,-0.317564,0.403846,0.917178,1.0,0.0,-135.51,-167.29,-16.25,-3.25,0.2,0.8,0.66167,22.101772,1.25,0.125,0.3,0.7,1.018665,19.569939,-81.27,-4.0635,0.3,0.7,0.473844,15.710187,-86.18,-1.7236,0.38,0.62,0.721874,15.027092,1,0,0,0,1.21,1.21,121.0,1,2,3,1.16267,1,0,1.21,0.0,0.0,1
327,2026-03-25T01:42:36,2026-03-25,2035264883,0,[tp 70934.38000],BTCUSDm,SELL,0.02,-3.912023005428146,1,327.0,327.0,325.4,0.995107,0.409786,1.197148,2.0,0.0,-141.0,-219.29,-10.73,-2.146,0.4,0.6,0.754575,22.159041,-135.69,-13.569,0.2,0.8,0.195577,31.058187,32.47,1.6235,0.3,0.7,1.151368,35.647406,192.08,3.8416,0.42,0.58,1.50317,29.973879,77.0,108.95,1.414935,0.480519,1.313102,0.0,3.0,-36.74,-41.16,-10.61,-2.122,0.4,0.6,0.648908,10.267119,-7.36,-0.736,0.4,0.6,0.859193,10.226967,34.34,1.717,0.5,0.5,1.316381,14.544349,86.98,1.7396,0.48,0.52,1.329807,14.433956,157.0,-48.33,-0.307834,0.407643,0.919201,2.0,0.0,-134.3,-167.29,-10.73,-2.146,0.4,0.6,0.754575,22.159041,0.14,0.014,0.3,0.7,1.00209,19.56032,-71.4,-3.57,0.35,0.65,0.510288,15.713069,-93.3,-1.866,0.38,0.62,0.698896,14.964753,1,0,0,0,7.27,7.27,363.5,1,2,3,70934.38,1,0,7.27,0.0,0.0,1
328,2026-03-25T02:32:54,2026-03-25,2035360679,0,[sl 70636.16000],BTCUSDm,SELL,0.02,-3.912023005428146,1,328.0,328.0,332.67,1.014238,0.411585,1.201552,3.0,0.0,-133.73,-219.29,-2.72,-0.544,0.6,0.4,0.936715,22.489854,-116.91,-11.691,0.3,0.7,0.256156,31.687325,40.32,2.016,0.35,0.65,1.188473,35.664196,198.49,3.9698,0.42,0.58,1.519961,29.974561,78.0,116.22,1.49,0.487179,1.333994,1.0,0.0,-29.47,-41.16,-10.46,-2.092,0.4,0.6,0.653872,10.294263,-11.83,-1.183,0.4,0.6,0.773675,9.758873,50.27,2.5135,0.55,0.45,1.503304,14.389627,107.71,2.1542,0.5,0.5,1.430375,14.288399,158.0,-41.06,-0.259873,0.411392,0.931355,3.0,0.0,-127.03,-167.29,-2.72,-0.544,0.6,0.4,0.936715,22.489854,9.53,0.953,0.4,0.6,1.146955,19.660467,-53.71,-2.6855,0.4,0.6,0.603265,15.800233,-93.03,-1.8606,0.38,0.62,0.699768,14.968,0,1,0,0,-5.39,5.39,-269.5,2,2,3,70634.85,0,1,-5.39,0.0,0.0,1
329,2026-03-25T07:09:40,2026-03-25,2035807211,0,[sl 4540.23200],XAUUSDm,SELL,0.01,-4.605170185988091,1,329.0,329.0,327.28,0.994772,0.410334,1.197641,0.0,1.0,-139.12,-219.29,29.85,5.97,0.6,0.4,3.867435,13.713741,-29.12,-2.912,0.3,0.7,0.580283,16.338307,56.39,2.8195,0.35,0.65,1.284999,35.305461,169.64,3.3928,0.4,0.6,1.438199,29.871326,67.0,312.12,4.658507,0.462687,1.315745,1.0,0.0,-99.36,-255.48,-9.64,-1.928,0.6,0.4,0.926491,55.031519,109.06,10.906,0.6,0.4,1.498423,58.138316,157.69,7.8845,0.5,0.5,1.488235,46.265346,72.56,1.4512,0.42,0.58,1.104106,35.781078,159.0,-46.45,-0.292138,0.408805,0.923037,0.0,1.0,-132.42,-167.29,29.85,5.97,0.6,0.4,3.867435,13.713741,-29.98,-2.998,0.3,0.7,0.573178,16.277037,-45.73,-2.2865,0.4,0.6,0.641052,15.62517,-90.85,-1.817,0.38,0.62,0.704726,14.954475,0,1,0,1,-28.46,28.46,-2846.0,7,2,3,4540.232,0,1,-28.46,0.0,0.0,1
330,2026-03-25T08:37:55,2026-03-25,2036099481,0,[sl 4542.95900],XAUUSDm,SELL,0.01,-4.605170185988091,1,330.0,330.0,298.82,0.905515,0.409091,1.177405,0.0,2.0,-167.58,-219.29,6.41,1.282,0.6,0.4,1.189365,19.468392,-53.27,-5.327,0.3,0.7,0.43045,18.060527,31.98,1.599,0.35,0.65,1.143879,35.938097,121.29,2.4258,0.38,0.62,1.29185,30.10332,68.0,283.66,4.171471,0.455882,1.278924,0.0,1.0,-127.82,-255.48,-84.11,-16.822,0.4,0.6,0.472995,49.878011,29.71,2.971,0.5,0.5,1.120152,57.551678,146.75,7.3375,0.5,0.5,1.439477,46.625741,64.53,1.2906,0.42,0.58,1.091531,35.896763,160.0,-74.91,-0.468187,0.40625,0.881472,0.0,2.0,-160.88,-167.29,6.41,1.282,0.6,0.4,1.189365,19.468392,-53.13,-5.313,0.3,0.7,0.431095,17.996653,-77.18,-3.859,0.35,0.65,0.504812,16.569059,-129.53,-2.5906,0.36,0.64,0.614655,15.308072,0,1,0,1,-14.46,14.46,-1446.0,8,2,3,4542.959,0,1,-14.46,0.0,0.0,1
331,2026-03-25T09:33:17,2026-03-25,2036369110,0,[tp 71374.25000],BTCUSDm,SELL,0.02,-3.912023005428146,1,331.0,331.0,284.36,0.859094,0.407855,1.167384,0.0,3.0,-182.04,-219.29,-39.83,-7.966,0.4,0.6,0.175533,12.531133,-54.84,-5.484,0.3,0.7,0.423344,18.132271,19.64,0.982,0.35,0.65,1.083713,36.102204,105.71,2.1142,0.36,0.64,1.245809,30.195717,79.0,110.83,1.402911,0.481013,1.313646,0.0,1.0,-34.86,-41.16,-28.34,-5.668,0.2,0.8,0.204156,7.268597,-30.78,-3.078,0.3,0.7,0.466181,8.466337,6.37,0.3185,0.5,0.5,1.060511,11.856611,96.49,1.9298,0.48,0.52,1.377415,14.316985,161.0,-89.37,-0.555093,0.403727,0.861755,0.0,3.0,-175.34,-175.34,-39.83,-7.966,0.4,0.6,0.175533,12.531133,-56.08,-5.608,0.3,0.7,0.417895,18.119574,-90.86,-4.543,0.35,0.65,0.464079,16.709605,-135.62,-2.7124,0.36,0.64,0.603717,15.377641,1,0,1,0,13.24,13.24,662.0,9,2,3,71374.25,1,0,13.24,0.0,0.0,1
332,2026-03-25T10:24:19,2026-03-25,2036564025,0,[sl 71130.49000],BTCUSDm,SELL,0.02,-3.912023005428146,1,332.0,332.0,297.6,0.896386,0.409639,1.175177,1.0,0.0,-168.8,-219.29,-27.8,-5.56,0.4,0.6,0.42455,14.977969,-38.53,-3.853,0.4,0.6,0.581332,18.989344,45.19,2.2595,0.4,0.6,1.203284,36.061284,142.03,2.8406,0.38,0.62,1.348994,30.017234,80.0,124.07,1.550875,0.4875,1.351115,1.0,0.0,-21.62,-41.16,-2.79,-0.558,0.4,0.6,0.880258,9.455139,-7.12,-0.712,0.4,0.6,0.84928,9.344416,11.62,0.581,0.5,0.5,1.110383,12.079568,104.75,2.095,0.48,0.52,1.409724,14.398649,162.0,-76.13,-0.469938,0.407407,0.882236,1.0,0.0,-162.1,-175.34,-27.8,-5.56,0.4,0.6,0.42455,14.977969,-38.53,-3.853,0.4,0.6,0.581332,18.989344,-78.48,-3.924,0.35,0.65,0.5371,17.122496,-104.83,-2.0966,0.38,0.62,0.677128,15.387629,0,1,0,0,-6.31,6.31,-315.5,10,2,3,71129.43,0,1,-6.31,0.0,0.0,1
333,2026-03-25T15:00:41,2026-03-25,2038212060,0,[sl 1.15696],EURUSDm,SELL,0.01,-4.605170185988091,1,333.0,333.0,291.29,0.874745,0.408408,1.170829,0.0,1.0,-175.11,-219.29,-41.38,-8.276,0.2,0.8,0.242402,13.570321,-44.1,-4.41,0.4,0.6,0.548156,18.971546,-51.27,-2.5635,0.35,0.65,0.775732,29.909692,81.19,1.6238,0.36,0.64,1.196453,29.116877,72.0,-8.61,-0.119583,0.430556,0.844135,1.0,0.0,-19.5,-24.78,-3.64,-0.728,0.4,0.6,0.492329,2.358588,-3.15,-0.315,0.3,0.7,0.735294,2.50407,3.92,0.196,0.45,0.55,1.215859,2.403417,-13.63,-0.2726,0.38,0.62,0.721325,2.04553,163.0,-82.44,-0.505767,0.404908,0.873707,0.0,1.0,-168.41,-175.34,-41.38,-8.276,0.2,0.8,0.242402,13.570321,-44.1,-4.41,0.4,0.6,0.548156,18.971546,-85.91,-4.2955,0.3,0.7,0.511459,17.0896,-109.01,-2.1802,0.38,0.62,0.668522,15.398934,0,1,0,0,-3.39,3.39,-339.0,15,2,3,1.15696,0,1,-3.39,0.0,0.0,1
334,2026-03-25T15:22:30,2026-03-25,2038362115,0,[tp 180.02000],NVDAm,SELL,0.01,-4.605170185988091,1,334.0,334.0,287.9,0.861976,0.407186,1.168505,0.0,2.0,-178.5,-219.29,-39.38,-7.876,0.2,0.8,0.251615,13.678539,-9.53,-0.953,0.4,0.6,0.848802,15.346416,-100.67,-5.0335,0.3,0.7,0.566078,27.758849,78.81,1.5762,0.36,0.64,1.189602,29.123089,17.0,-6.49,-0.381765,0.294118,0.614608,0.0,2.0,-10.19,-11.91,0.89,0.178,0.4,0.6,1.33209,1.667974,-8.07,-0.807,0.2,0.8,0.306701,1.594428,-6.49,-0.381765,0.294118,0.705882,0.614608,1.800919,-6.49,-0.381765,0.294118,0.705882,0.614608,1.800919,164.0,-85.83,-0.523354,0.402439,0.869193,0.0,2.0,-171.8,-175.34,-39.38,-7.876,0.2,0.8,0.251615,13.678539,-9.53,-0.953,0.4,0.6,0.848802,15.346416,-66.22,-3.311,0.3,0.7,0.575948,16.537331,-109.9,-2.198,0.38,0.62,0.666717,15.399808,1,0,0,0,1.48,1.48,148.0,15,2,3,180.03,1,0,1.48,0.0,0.0,1
335,2026-03-25T16:52:35,2026-03-25,2038920080,0,[tp 1.15638],EURUSDm,BUY,0.01,-4.605170185988091,1,335.0,335.0,289.38,0.863821,0.408955,1.169372,1.0,0.0,-177.02,-219.29,-9.44,-1.888,0.4,0.6,0.609272,9.165861,-3.03,-0.303,0.5,0.5,0.947768,15.29797,-142.9,-7.145,0.3,0.7,0.384052,25.483722,81.77,1.6354,0.38,0.62,1.197426,29.119824,73.0,-12.0,-0.164384,0.424658,0.795327,0.0,1.0,-22.89,-24.78,-9.35,-1.87,0.2,0.8,0.114583,1.95396,-5.06,-0.506,0.3,0.7,0.633599,2.654002,-3.61,-0.1805,0.4,0.6,0.832483,2.345181,-18.11,-0.3622,0.36,0.64,0.653728,2.08168,170.0,373.73,2.198412,0.411765,1.355125,0.0,3.0,-109.14,-198.43,-19.42,-3.884,0.4,0.6,0.822063,50.616492,32.33,3.233,0.3,0.7,1.219127,46.407844,85.42,4.271,0.4,0.6,1.365558,40.575798,200.04,4.0008,0.48,0.52,1.573016,29.052098,1,0,0,0,1.93,1.93,193.0,16,2,3,1.15638,1,0,1.93,0.0,0.0,1
336,2026-03-25T19:55:33,2026-03-25,2039798111,0,[sl 90.39100],USOILm,BUY,0.01,-4.605170185988091,1,336.0,336.0,291.31,0.866994,0.410714,1.170501,2.0,0.0,-175.09,-219.29,6.95,1.39,0.6,0.4,1.716495,6.676235,-32.88,-3.288,0.5,0.5,0.433201,11.076299,-175.09,-8.7545,0.3,0.7,0.245302,23.786706,71.96,1.4392,0.38,0.62,1.173741,29.084108,94.0,-80.57,-0.857128,0.319149,0.667025,0.0,3.0,-81.71,-95.94,10.18,2.036,0.2,0.8,1.42523,16.309209,-32.06,-3.206,0.2,0.8,0.560822,14.190839,-23.53,-1.1765,0.35,0.65,0.775798,11.701807,-40.25,-0.805,0.38,0.62,0.783462,8.736819,171.0,375.66,2.196842,0.415205,1.356959,1.0,0.0,-107.21,-198.43,-63.5,-12.7,0.4,0.6,0.418178,44.645108,34.84,3.484,0.4,0.6,1.237071,46.393328,80.23,4.0115,0.4,0.6,1.343347,40.573344,219.49,4.3898,0.5,0.5,1.661952,28.891105,0,1,0,1,-24.08,24.08,-2408.0,19,2,3,90.391,0,1,-24.08,0.0,0.0,1
337,2026-03-25T19:55:51,2026-03-25,2039805069,0,[sl 178.27000],NVDAm,SELL,0.01,-4.605170185988091,1,337.0,337.0,267.23,0.792967,0.409496,1.154234,0.0,1.0,-199.17,-219.29,-30.37,-6.074,0.4,0.6,0.100947,9.514226,-58.17,-5.817,0.4,0.6,0.291388,12.549744,-193.86,-9.693,0.3,0.7,0.226941,24.001602,34.32,0.6864,0.36,0.64,1.07831,29.247307,18.0,-5.01,-0.278333,0.333333,0.702494,1.0,0.0,-8.71,-11.91,2.19,0.438,0.4,0.6,1.817164,1.747448,-4.58,-0.458,0.3,0.7,0.524403,1.672936,-5.01,-0.278333,0.333333,0.666667,0.702494,1.801386,-5.01,-0.278333,0.333333,0.666667,0.702494,1.801386,165.0,-84.35,-0.511212,0.406061,0.871449,1.0,0.0,-170.32,-175.34,-9.44,-1.888,0.4,0.6,0.609272,9.165861,-3.03,-0.303,0.5,0.5,0.947768,15.29797,-53.83,-2.6915,0.35,0.65,0.629398,16.473007,-99.76,-1.9952,0.4,0.6,0.689308,15.380129,0,1,0,0,-0.83,0.83,-83.0,19,2,3,178.27,0,1,-0.83,0.0,0.0,1
338,2026-03-25T19:55:55,2026-03-25,2039806580,0,[tp 1.15623],EURUSDm,BUY,0.01,-4.605170185988091,1,338.0,338.0,266.4,0.788166,0.408284,1.153681,0.0,2.0,-200.0,-219.29,-24.89,-4.978,0.4,0.6,0.120495,9.736943,-66.27,-6.627,0.3,0.7,0.200796,11.924766,-183.18,-9.159,0.3,0.7,0.237036,24.073935,43.91,0.8782,0.36,0.64,1.102433,29.205259,74.0,-10.07,-0.136081,0.432432,0.828245,1.0,0.0,-20.96,-24.78,-5.3,-1.06,0.4,0.6,0.372038,2.457104,-8.35,-0.835,0.3,0.7,0.395366,2.061598,-2.74,-0.137,0.4,0.6,0.872854,2.375658,-15.74,-0.3148,0.38,0.62,0.696491,2.106207,172.0,351.58,2.04407,0.412791,1.326605,0.0,1.0,-131.29,-198.43,-131.29,-26.258,0.2,0.8,0.014487,34.624407,32.22,3.222,0.4,0.6,1.215403,46.54062,61.24,3.062,0.4,0.6,1.242381,40.995237,217.8,4.356,0.5,0.5,1.653524,28.923386,1,0,0,0,1.15,1.15,115.0,19,2,3,1.15623,1,0,1.15,0.0,0.0,1
339,2026-03-26T01:16:28,2026-03-26,2040690620,0,[sl 4532.89300],XAUUSDm,BUY,0.01,-4.605170185988091,1,339.0,339.0,267.55,0.789233,0.410029,1.154344,1.0,0.0,-198.85,-219.29,-20.35,-4.07,0.6,0.4,0.183059,10.049364,-59.73,-5.973,0.4,0.6,0.229589,12.151851,-88.85,-4.4425,0.35,0.65,0.395208,14.479168,39.84,0.7968,0.36,0.64,1.092939,29.198715,69.0,269.2,3.901449,0.449275,1.260994,0.0,2.0,-142.28,-255.48,-142.28,-28.456,0.2,0.8,0.182581,40.258629,-50.08,-5.008,0.4,0.6,0.808658,53.759192,139.98,6.999,0.5,0.5,1.410872,46.757999,39.03,0.7806,0.4,0.6,1.054248,35.93575,173.0,352.73,2.038902,0.416185,1.327673,1.0,0.0,-130.14,-198.43,-36.96,-7.392,0.4,0.6,0.076923,9.871803,37.42,3.742,0.5,0.5,1.257129,46.485482,11.5,0.575,0.4,0.6,1.045516,39.499762,214.81,4.2962,0.5,0.5,1.644552,28.926861,0,1,0,1,-29.02,29.02,-2902.0,1,3,3,4532.893,0,1,-29.02,0.0,0.0,1
340,2026-03-26T02:01:46,2026-03-26,2040781328,0,[sl 90.03600],USOILm,SELL,0.01,-4.605170185988091,1,340.0,340.0,238.53,0.701559,0.408824,1.135338,0.0,1.0,-227.87,-227.87,-50.85,-10.17,0.4,0.6,0.057111,13.495174,-60.29,-6.029,0.4,0.6,0.227942,12.256192,-113.56,-5.678,0.35,0.65,0.338306,15.43767,15.25,0.305,0.36,0.64,1.033645,29.488261,95.0,-104.65,-1.101579,0.315789,0.606653,0.0,4.0,-105.79,-105.79,-9.85,-1.97,0.2,0.8,0.775984,19.466471,-62.96,-6.296,0.1,0.9,0.351463,15.011734,-42.62,-2.131,0.35,0.65,0.656401,12.709154,-63.31,-1.2662,0.38,0.62,0.696994,9.324853,166.0,-85.18,-0.513133,0.403614,0.870348,0.0,1.0,-171.15,-175.34,4.19,0.838,0.4,0.6,1.397911,6.722706,-35.64,-3.564,0.4,0.6,0.39429,10.976777,-34.39,-1.7195,0.35,0.65,0.726651,15.973048,-99.22,-1.9844,0.4,0.6,0.69047,15.380754,0,1,0,0,-2.62,2.62,-262.0,2,3,3,90.036,0,1,-2.62,0.0,0.0,1
341,2026-03-26T02:02:22,2026-03-26,2040784048,0,[sl 1.15658],EURUSDm,BUY,0.01,-4.605170185988091,1,341.0,341.0,235.91,0.691818,0.407625,1.133652,0.0,2.0,-230.49,-230.49,-55.4,-11.08,0.2,0.8,0.020336,12.783197,-48.45,-4.845,0.4,0.6,0.268679,11.952671,-103.29,-5.1645,0.35,0.65,0.359839,15.359847,14.13,0.2826,0.36,0.64,1.031097,29.490049,75.0,-8.92,-0.118933,0.44,0.847859,2.0,0.0,-19.81,-24.78,0.16,0.032,0.6,0.4,1.038741,1.925933,-5.7,-0.57,0.4,0.6,0.536962,2.128323,-0.37,-0.0185,0.45,0.55,0.9818,2.377789,-14.08,-0.2816,0.4,0.6,0.725803,2.115929,174.0,323.71,1.860402,0.413793,1.29282,0.0,1.0,-159.16,-198.43,-53.09,-10.618,0.4,0.6,0.054834,13.211885,20.71,2.071,0.5,0.5,1.12765,47.325215,-4.73,-0.2365,0.4,0.6,0.982409,39.930373,184.73,3.6946,0.48,0.52,1.509895,29.298316,0,1,0,0,-0.59,0.59,-59.0,2,3,3,1.15658,0,1,-0.59,0.0,0.0,1
342,2026-03-26T03:17:39,2026-03-26,2040910028,0,[sl 70926.70000],BTCUSDm,SELL,0.02,-3.912023005428146,1,342.0,342.0,235.32,0.68807,0.406433,1.133274,0.0,3.0,-231.08,-231.08,-31.91,-6.382,0.2,0.8,0.034785,11.381869,-62.28,-6.228,0.3,0.7,0.068223,10.490826,-100.81,-5.0405,0.35,0.65,0.365456,15.386243,24.45,0.489,0.36,0.64,1.05506,29.447073,81.0,117.76,1.453827,0.481481,1.327411,0.0,1.0,-27.93,-41.16,3.79,0.758,0.4,0.6,1.226675,7.991824,-9.0,-0.9,0.4,0.6,0.816775,9.435792,-3.5,-0.175,0.45,0.55,0.968632,12.013863,91.87,1.8374,0.46,0.54,1.350689,14.431462,167.0,-87.8,-0.525749,0.401198,0.866891,0.0,2.0,-173.77,-175.34,-11.67,-2.334,0.2,0.8,0.112548,2.600543,-39.47,-3.947,0.3,0.7,0.357794,10.869819,-39.33,-1.9665,0.3,0.7,0.693763,15.946847,-53.58,-1.0716,0.4,0.6,0.8051,13.889342,0,1,0,0,-8.76,8.76,-438.0,3,3,3,70926.7,0,1,-8.76,0.0,0.0,1
343,2026-03-27T00:56:18,2026-03-27,2046640506,0,[sl 92.14600],USOILm,BUY,0.01,-4.605170185988091,1,343.0,343.0,226.56,0.660525,0.405248,1.127679,0.0,4.0,-239.84,-239.84,-39.84,-7.968,0.2,0.8,0.028056,11.045251,-64.73,-6.473,0.3,0.7,0.06581,10.518452,-108.83,-5.4415,0.35,0.65,0.347894,15.373441,22.89,0.4578,0.36,0.64,1.051367,29.456028,96.0,-107.27,-1.117396,0.3125,0.600737,0.0,5.0,-108.41,-108.41,-46.59,-9.318,0.0,1.0,0.0,8.033508,-54.67,-5.467,0.1,0.9,0.384278,14.962864,-42.41,-2.1205,0.35,0.65,0.657514,12.708659,-66.71,-1.3342,0.36,0.64,0.684676,9.32208,175.0,323.12,1.8464,0.411429,1.292131,0.0,2.0,-159.75,-198.43,-50.61,-10.122,0.4,0.6,0.057366,13.528695,-70.03,-7.003,0.4,0.6,0.56992,37.178698,-8.71,-0.4355,0.35,0.65,0.967678,39.921721,185.36,3.7072,0.48,0.52,1.512526,29.296335,0,1,0,0,-2.05,2.05,-205.0,0,4,3,92.146,0,1,-2.05,0.0,0.0,1
344,2026-03-27T02:11:47,2026-03-27,2046777150,0,[sl 91.94300],USOILm,SELL,0.01,-4.605170185988091,1,344.0,344.0,224.51,0.652645,0.40407,1.126378,0.0,5.0,-241.89,-241.89,-43.04,-8.608,0.0,1.0,0.0,10.581348,-63.39,-6.339,0.3,0.7,0.067108,10.565306,-72.92,-3.646,0.35,0.65,0.443274,13.446982,-34.08,-0.6816,0.34,0.66,0.923872,28.410606,97.0,-109.32,-1.12701,0.309278,0.596188,0.0,6.0,-110.46,-110.46,-43.33,-8.666,0.0,1.0,0.0,8.453644,-51.63,-5.163,0.1,0.9,0.397901,14.998275,-47.4,-2.37,0.3,0.7,0.623451,12.655733,-68.12,-1.3624,0.36,0.64,0.680143,9.32207,168.0,-96.56,-0.574762,0.39881,0.855529,0.0,3.0,-182.53,-182.53,-14.12,-2.824,0.2,0.8,0.094872,3.408769,-55.5,-5.55,0.2,0.8,0.209627,10.262443,-45.97,-2.2985,0.3,0.7,0.659658,16.015558,-69.97,-1.3994,0.38,0.62,0.75334,13.873509,0,1,0,0,-6.37,6.37,-637.0,2,4,3,91.943,0,1,-6.37,0.0,0.0,1
345,2026-03-27T03:00:04,2026-03-27,2046841595,0,[tp 91.42200],USOILm,BUY,0.01,-4.605170185988091,1,345.0,345.0,218.14,0.63229,0.402899,1.122353,0.0,6.0,-248.26,-248.26,-20.39,-4.078,0.0,1.0,0.0,3.019241,-71.24,-7.124,0.2,0.8,0.041442,10.241869,-74.27,-3.7135,0.35,0.65,0.438752,13.457095,-39.65,-0.793,0.34,0.66,0.912519,28.42177,98.0,-115.69,-1.18051,0.306122,0.582482,0.0,7.0,-116.83,-116.83,-38.19,-7.638,0.0,1.0,0.0,8.357271,-37.73,-3.773,0.1,0.9,0.474878,14.154141,-48.72,-2.436,0.3,0.7,0.616981,12.672967,-75.17,-1.5034,0.34,0.66,0.65729,9.343404,176.0,321.07,1.824261,0.409091,1.28974,0.0,3.0,-161.8,-198.43,-54.59,-10.918,0.2,0.8,0.020632,12.898576,-118.09,-11.809,0.3,0.7,0.283782,32.872076,-9.81,-0.4905,0.35,0.65,0.963745,39.923149,180.15,3.603,0.46,0.54,1.495312,29.307359,1,0,0,0,6.68,6.68,668.0,3,4,3,91.422,1,0,6.68,0.0,0.0,1
346,2026-03-27T03:57:14,2026-03-27,2046932884,0,[sl 92.30900],USOILm,BUY,0.01,-4.605170185988091,1,346.0,346.0,224.82,0.649769,0.404624,1.1261,1.0,0.0,-241.58,-248.26,-11.09,-2.218,0.2,0.8,0.375914,5.327098,-66.49,-6.649,0.2,0.8,0.105355,10.748386,-99.37,-4.9685,0.35,0.65,0.249074,11.0422,-40.09,-0.8018,0.34,0.66,0.911548,28.419387,99.0,-109.01,-1.101111,0.313131,0.60659,1.0,0.0,-110.15,-116.83,-28.44,-5.688,0.2,0.8,0.190205,10.142444,-18.26,-1.826,0.2,0.8,0.690823,14.118951,-56.31,-2.8155,0.3,0.7,0.557311,12.274389,-68.81,-1.3762,0.34,0.66,0.686286,9.410414,177.0,327.75,1.851695,0.412429,1.295769,1.0,0.0,-155.12,-198.43,-23.83,-4.766,0.4,0.6,0.247315,12.482645,-155.12,-15.512,0.3,0.7,0.059195,28.156873,-68.46,-3.423,0.35,0.65,0.746988,37.029882,186.65,3.733,0.46,0.54,1.513184,29.306303,0,1,0,0,-4.84,4.84,-484.0,3,4,3,92.325,0,1,-4.84,0.0,0.0,1
347,2026-03-27T11:37:27,2026-03-27,2048331098,0,[tp 67371.16000],BTCUSDm,BUY,0.02,-3.912023005428146,1,347.0,347.0,219.98,0.633948,0.403458,1.123051,0.0,1.0,-246.42,-248.26,-15.34,-3.068,0.2,0.8,0.303361,5.338574,-47.25,-4.725,0.2,0.8,0.142157,9.042638,-105.42,-5.271,0.3,0.7,0.231465,10.951293,-39.84,-0.7968,0.34,0.66,0.912051,28.418654,82.0,109.0,1.329268,0.47561,1.29585,0.0,2.0,-36.69,-41.16,0.05,0.01,0.4,0.6,1.002444,8.645875,-10.56,-1.056,0.4,0.6,0.791634,9.550854,-25.45,-1.2725,0.4,0.6,0.788516,11.742331,87.49,1.7498,0.46,0.54,1.328478,14.482141,178.0,322.91,1.814101,0.410112,1.290134,0.0,1.0,-159.96,-198.43,-29.82,-5.964,0.2,0.8,0.183014,12.14012,-66.78,-6.678,0.3,0.7,0.127515,11.087258,-85.79,-4.2895,0.3,0.7,0.688512,36.849703,182.88,3.6576,0.46,0.54,1.49766,29.323408,1,0,1,0,30.01,30.01,1500.5,11,4,3,67371.16,1,0,30.01,0.0,0.0,1
348,2026-03-27T14:37:00,2026-03-27,2049267353,0,[tp 66186.05000],BTCUSDm,BUY,0.02,-3.912023005428146,1,348.0,348.0,249.99,0.718362,0.405172,1.139838,1.0,0.0,-216.41,-248.26,23.43,4.686,0.4,0.6,2.766968,13.443471,-16.41,-1.641,0.3,0.7,0.697512,13.834492,-82.68,-4.134,0.3,0.7,0.397244,13.153389,-60.72,-1.2144,0.34,0.66,0.865957,27.802808,83.0,139.01,1.674819,0.481928,1.377304,1.0,0.0,-6.68,-41.16,22.79,4.558,0.4,0.6,2.113881,14.950764,12.33,1.233,0.4,0.6,1.243291,13.259118,14.69,0.7345,0.45,0.55,1.133291,13.373903,101.96,2.0392,0.46,0.54,1.382805,14.893557,179.0,352.92,1.97162,0.413408,1.317097,1.0,0.0,-129.95,-198.43,29.21,5.842,0.4,0.6,4.90508,12.669285,-23.88,-2.388,0.4,0.6,0.624823,15.338358,10.43,0.5215,0.35,0.65,1.049854,34.668,243.09,4.8618,0.48,0.52,1.720736,29.144029,1,0,1,0,10.84,10.84,542.0,14,4,3,66186.05,1,0,10.84,0.0,0.0,1
349,2026-03-27T14:54:49,2026-03-27,2049370696,0,[tp 168.94000],NVDAm,BUY,0.01,-4.605170185988091,1,349.0,349.0,260.83,0.747364,0.406877,1.145902,2.0,0.0,-205.57,-248.26,36.32,7.264,0.6,0.4,4.239964,13.136987,-6.72,-0.672,0.3,0.7,0.876129,14.326646,-66.45,-3.3225,0.35,0.65,0.49575,13.545674,-29.61,-0.5922,0.36,0.64,0.931572,27.717375,19.0,-5.84,-0.307368,0.315789,0.669496,0.0,1.0,-9.54,-11.91,2.37,0.474,0.4,0.6,1.948,1.718867,-2.56,-0.256,0.3,0.7,0.663601,1.483099,-5.84,-0.307368,0.315789,0.684211,0.669496,1.757662,-5.84,-0.307368,0.315789,0.684211,0.669496,1.757662,180.0,363.76,2.020889,0.416667,1.326837,2.0,0.0,-119.11,-198.43,40.64,8.128,0.6,0.4,6.898403,12.329106,-9.97,-0.997,0.5,0.5,0.835424,15.836093,22.36,1.118,0.4,0.6,1.107438,34.737705,257.12,5.1424,0.5,0.5,1.769613,29.132694,1,0,0,0,1.9,1.9,190.0,14,4,3,168.94,1,0,1.9,0.0,0.0,1
350,2026-03-27T14:58:02,2026-03-27,2049385411,0,[tp 65962.24000],BTCUSDm,BUY,0.02,-3.912023005428146,1,350.0,350.0,262.73,0.750657,0.408571,1.146965,3.0,0.0,-203.67,-248.26,44.59,8.918,0.8,0.2,10.0,11.765289,24.2,2.42,0.4,0.6,1.959176,10.770001,-36.09,-1.8045,0.4,0.6,0.650697,12.28617,-14.92,-0.2984,0.38,0.62,0.96447,27.664328,84.0,149.85,1.783929,0.488095,1.406726,2.0,0.0,0.0,-41.16,39.02,7.804,0.6,0.4,3.58925,14.180585,10.68,1.068,0.4,0.6,1.210734,13.127621,4.16,0.208,0.45,0.55,1.037746,12.743584,101.95,2.039,0.46,0.54,1.382767,14.893439,181.0,365.66,2.020221,0.41989,1.328544,3.0,0.0,-117.21,-198.43,44.59,8.918,0.8,0.2,10.0,11.765289,-10.0,-1.0,0.5,0.5,0.834929,15.835541,24.84,1.242,0.45,0.55,1.119688,34.735849,250.92,5.0184,0.5,0.5,1.751055,29.133036,1,0,0,0,9.1,9.1,455.0,14,4,3,65962.24,1,0,9.1,0.0,0.0,1
351,2026-03-27T15:03:12,2026-03-27,2049414167,0,[sl 4444.89400],XAUUSDm,BUY,0.01,-4.605170185988091,1,351.0,351.0,271.83,0.774444,0.410256,1.152055,4.0,0.0,-194.57,-248.26,47.01,9.402,0.8,0.2,10.0,11.712927,35.92,3.592,0.5,0.5,2.588678,10.795435,-12.53,-0.6265,0.45,0.55,0.858992,12.144942,-9.21,-0.1842,0.38,0.62,0.978068,27.691091,70.0,240.18,3.431143,0.442857,1.226487,0.0,3.0,-171.3,-255.48,-78.12,-15.624,0.2,0.8,0.289172,24.866068,-12.89,-1.289,0.4,0.6,0.942594,50.589613,133.35,6.6675,0.5,0.5,1.38394,46.988119,-8.3,-0.166,0.38,0.62,0.988911,36.084595,182.0,374.76,2.059121,0.423077,1.336721,4.0,0.0,-108.11,-198.43,47.01,9.402,0.8,0.2,10.0,11.712927,23.18,2.318,0.6,0.4,1.635068,14.024536,55.4,2.77,0.5,0.5,1.297721,34.373867,249.33,4.9866,0.5,0.5,1.746296,29.127695,0,1,0,1,-32.58,32.58,-3258.0,15,4,3,4444.894,0,1,-32.58,0.0,0.0,1
352,2026-03-27T19:24:41,2026-03-27,2050804635,0,[tp 65501.03000],BTCUSDm,BUY,0.02,-3.912023005428146,1,352.0,352.0,239.25,0.679688,0.409091,1.131435,0.0,1.0,-227.15,-248.26,19.27,3.854,0.8,0.2,1.591467,20.453437,3.93,0.393,0.5,0.5,1.071978,15.342759,-58.35,-2.9175,0.4,0.6,0.519516,13.553164,-40.84,-0.8168,0.38,0.62,0.909558,28.060192,85.0,158.95,1.87,0.494118,1.431425,3.0,0.0,0.0,-41.16,34.88,6.976,0.6,0.4,3.314532,13.958127,32.09,3.209,0.5,0.5,1.83633,12.502191,27.66,1.383,0.5,0.5,1.288696,12.421836,125.1,2.502,0.48,0.52,1.495838,14.745175,183.0,342.18,1.869836,0.420765,1.298704,0.0,1.0,-140.69,-198.43,19.27,3.854,0.8,0.2,1.591467,20.453437,-10.55,-1.055,0.5,0.5,0.847279,17.520305,26.87,1.3435,0.5,0.5,1.125204,35.209137,229.75,4.595,0.5,0.5,1.649617,29.496167,1,0,1,0,16.11,16.11,805.5,19,4,3,65501.03,1,0,16.11,0.0,0.0,1
353,2026-03-30T00:29:58,2026-03-30,2053079252,0,[tp 1.14918],EURUSDm,BUY,0.01,-4.605170185988091,1,353.0,353.0,255.36,0.723399,0.410765,1.140285,1.0,0.0,-211.04,-248.26,5.37,1.074,0.8,0.2,1.164825,17.430701,28.8,2.88,0.6,0.4,1.628272,15.669708,-35.93,-1.7965,0.45,0.55,0.687918,14.140667,-90.06,-1.8012,0.38,0.62,0.800558,26.544824,76.0,-9.51,-0.125132,0.434211,0.839412,0.0,1.0,-20.4,-24.78,0.31,0.062,0.6,0.4,1.077889,1.91481,-5.49,-0.549,0.4,0.6,0.546281,2.126986,-4.12,-0.206,0.4,0.6,0.803059,2.264931,-16.82,-0.3364,0.38,0.62,0.676165,2.087535,184.0,358.29,1.947228,0.423913,1.312767,1.0,0.0,-124.58,-198.43,5.37,1.074,0.8,0.2,1.164825,17.430701,34.58,3.458,0.6,0.4,1.863205,15.4225,55.29,2.7645,0.55,0.45,1.273307,35.202922,238.55,4.771,0.5,0.5,1.674499,29.538067,1,0,0,0,4.71,4.71,471.0,0,0,3,1.14918,1,0,4.71,0.0,0.0,1
354,2026-03-30T00:42:40,2026-03-30,2053130282,0,[tp 65719.10000],BTCUSDm,BUY,0.02,-3.912023005428146,1,354.0,354.0,260.07,0.734661,0.412429,1.142873,2.0,0.0,-206.33,-248.26,-0.76,-0.152,0.8,0.2,0.976673,16.908442,35.56,3.556,0.7,0.3,1.812058,15.588046,-27.83,-1.3915,0.5,0.5,0.75094,14.205076,-97.84,-1.9568,0.38,0.62,0.783329,26.483327,86.0,175.06,2.035581,0.5,1.475151,4.0,0.0,0.0,-41.16,57.3,11.46,0.8,0.2,7.541096,12.494218,61.09,6.109,0.6,0.4,3.397567,11.773724,35.67,1.7835,0.5,0.5,1.372299,12.756564,128.11,2.5622,0.48,0.52,1.507769,14.794383,185.0,363.0,1.962162,0.427027,1.316878,2.0,0.0,-119.87,-198.43,-0.76,-0.152,0.8,0.2,0.976673,16.908442,39.88,3.988,0.7,0.3,2.010388,15.365244,-30.15,-1.5075,0.55,0.45,0.850964,28.971946,237.99,4.7598,0.5,0.5,1.672915,29.537982,1,0,1,0,17.49,17.49,874.5,0,0,3,65719.1,1,0,17.49,0.0,0.0,1
355,2026-03-30T00:49:29,2026-03-30,2053167280,0,[tp 64969.49000],BTCUSDm,BUY,0.02,-3.912023005428146,1,355.0,355.0,277.56,0.781859,0.414085,1.152481,3.0,0.0,-188.84,-248.26,14.83,2.966,0.8,0.2,1.455187,18.373334,59.42,5.942,0.8,0.2,2.587921,15.711692,-11.82,-0.591,0.5,0.5,0.894219,14.783662,-14.14,-0.2828,0.4,0.6,0.963306,24.971152,87.0,192.55,2.213218,0.505747,1.522623,5.0,0.0,0.0,-41.16,83.55,16.71,1.0,0.0,10.0,7.351563,83.6,8.36,0.7,0.3,5.086022,11.581054,76.24,3.812,0.55,0.45,2.048261,11.833856,111.82,2.2364,0.48,0.52,1.443203,14.27352,186.0,380.49,2.045645,0.430108,1.332146,3.0,0.0,-102.38,-198.43,14.83,2.966,0.8,0.2,1.455187,18.373334,59.42,5.942,0.8,0.2,2.587921,15.711692,-58.67,-2.9335,0.55,0.45,0.709985,27.248666,248.66,4.9732,0.5,0.5,1.703085,29.590591,1,0,1,0,13.0,13.0,650.0,0,0,3,64969.49,1,0,13.0,0.0,0.0,1
356,2026-03-30T01:32:19,2026-03-30,2053326208,0,[sl 4458.08900],XAUUSDm,SELL,0.01,-4.605170185988091,1,356.0,356.0,290.56,0.81618,0.41573,1.159623,4.0,0.0,-175.84,-248.26,18.73,3.746,0.8,0.2,1.574893,18.697113,65.74,6.574,0.8,0.2,2.756815,15.855123,-0.75,-0.0375,0.5,0.5,0.993288,15.072103,-0.05,-0.001,0.42,0.58,0.99987,25.039861,71.0,207.6,2.923944,0.43662,1.189929,0.0,4.0,-203.88,-255.48,-72.74,-14.548,0.2,0.8,0.304057,23.976767,-24.01,-2.401,0.4,0.6,0.898116,51.139985,130.97,6.5485,0.5,0.5,1.374521,47.084252,-48.81,-0.9762,0.36,0.64,0.937509,36.347544,169.0,-102.93,-0.609053,0.39645,0.847452,0.0,4.0,-188.9,-188.9,-17.1,-3.42,0.2,0.8,0.079656,3.703409,-56.48,-5.648,0.2,0.8,0.206742,10.265126,-86.46,-4.323,0.25,0.75,0.388716,13.671613,-71.71,-1.4342,0.38,0.62,0.748747,13.883747,0,1,0,1,-38.46,38.46,-3846.0,1,0,3,4458.089,0,1,-38.46,0.0,0.0,1
357,2026-03-30T02:19:20,2026-03-30,2053492963,0,[sl 99.21500],USOILm,SELL,0.01,-4.605170185988091,1,357.0,357.0,252.1,0.706162,0.414566,1.135629,0.0,1.0,-214.3,-248.26,12.85,2.57,0.8,0.2,1.334113,20.989347,32.12,3.212,0.8,0.2,1.45214,20.733067,-15.13,-0.7565,0.5,0.5,0.880035,16.479189,-40.83,-0.8166,0.4,0.6,0.903411,25.608662,100.0,-113.85,-1.1385,0.31,0.596176,0.0,1.0,-114.99,-116.83,-9.2,-1.84,0.2,0.8,0.420655,4.533515,-19.05,-1.905,0.2,0.8,0.681704,14.133377,-52.49,-2.6245,0.3,0.7,0.574566,12.211518,-72.89,-1.4578,0.34,0.66,0.673753,9.422399,170.0,-141.39,-0.831706,0.394118,0.801753,0.0,5.0,-227.36,-227.36,-57.04,-11.408,0.0,1.0,0.0,13.808165,-66.48,-6.648,0.2,0.8,0.181281,12.648985,-119.61,-5.9805,0.25,0.75,0.314909,15.568678,-102.1,-2.042,0.38,0.62,0.676694,14.796167,0,1,0,0,-8.94,8.94,-894.0,2,0,3,99.215,0,1,-8.94,0.0,0.0,1
358,2026-03-30T05:09:59,2026-03-30,2053902612,0,[sl 1.15162],EURUSDm,BUY,0.01,-4.605170185988091,1,358.0,358.0,243.16,0.679218,0.413408,1.130193,0.0,2.0,-223.24,-248.26,-12.2,-2.44,0.6,0.4,0.742616,20.131624,-6.83,-0.683,0.7,0.3,0.914604,18.911448,-23.24,-1.162,0.5,0.5,0.826864,16.575508,-49.19,-0.9838,0.4,0.6,0.885891,25.633851,77.0,-4.8,-0.062338,0.441558,0.918946,1.0,0.0,-15.69,-24.78,3.81,0.762,0.6,0.4,1.957286,2.689553,0.17,0.017,0.5,0.5,1.015247,2.636919,1.66,0.083,0.45,0.55,1.083627,2.493476,-11.5,-0.23,0.4,0.6,0.775959,2.203249,187.0,393.49,2.104225,0.433155,1.343494,4.0,0.0,-89.38,-198.43,18.73,3.746,0.8,0.2,1.574893,18.697113,65.74,6.574,0.8,0.2,2.756815,15.855123,-89.38,-4.469,0.55,0.45,0.558181,25.378043,238.2,4.764,0.5,0.5,1.673509,29.495977,0,1,0,0,-2.79,2.79,-279.0,5,0,3,1.15162,0,1,-2.79,0.0,0.0,1
359,2026-03-30T12:00:31,2026-03-30,2055207276,0,[sl 168.47000],NVDAm,BUY,0.01,-4.605170185988091,1,359.0,359.0,240.37,0.669554,0.412256,1.128507,0.0,3.0,-226.03,-248.26,-19.7,-3.94,0.4,0.6,0.607492,19.819997,-20.46,-2.046,0.6,0.4,0.752809,18.518939,-27.18,-1.359,0.45,0.55,0.801635,16.570272,-30.52,-0.6104,0.4,0.6,0.925996,25.468306,20.0,-3.94,-0.197,0.35,0.777023,1.0,0.0,-7.64,-11.91,0.88,0.176,0.4,0.6,1.352,1.253708,0.96,0.096,0.4,0.6,1.160267,1.534426,-3.94,-0.197,0.35,0.65,0.777023,1.779424,-3.94,-0.197,0.35,0.65,0.777023,1.779424,188.0,390.7,2.078191,0.430851,1.34023,0.0,1.0,-92.17,-198.43,48.52,9.704,0.8,0.2,10.0,7.662406,67.79,6.779,0.8,0.2,2.916596,15.718887,1.01,0.0505,0.55,0.45,1.009025,15.174916,215.52,4.3104,0.48,0.52,1.604612,29.434202,0,1,0,0,-1.6,1.6,-160.0,12,0,3,169.32,0,1,-1.5,0.0,-0.1,1
360,2026-04-02T13:15:26,2026-04-02,2070706460,0,[tp 66170.56000],BTCUSDm,BUY,0.02,-3.912023005428146,1,360.0,360.0,238.77,0.66325,0.411111,1.127543,0.0,4.0,-227.63,-248.26,-38.79,-7.758,0.2,0.8,0.251014,16.955863,-23.96,-2.396,0.5,0.5,0.716013,18.474073,0.24,0.012,0.45,0.55,1.00219,15.311454,-28.07,-0.5614,0.4,0.6,0.93153,25.463998,88.0,205.55,2.335795,0.511364,1.557908,6.0,0.0,0.0,-41.16,66.54,13.308,1.0,0.0,10.0,3.137945,89.33,8.933,0.7,0.3,5.36608,11.654469,77.5,3.875,0.55,0.45,2.065585,11.879162,141.85,2.837,0.5,0.5,1.602924,14.080692,189.0,389.1,2.05873,0.428571,1.338365,0.0,2.0,-93.77,-198.43,30.81,6.162,0.6,0.4,8.018223,7.969656,36.18,3.618,0.7,0.3,1.978631,13.789283,12.3,0.615,0.55,0.45,1.122242,14.890359,159.39,3.1878,0.46,0.54,1.445149,28.554694,1,0,0,0,5.23,5.23,261.5,13,3,4,66170.56,1,0,5.23,0.0,0.0,1
361,2026-04-02T13:29:25,2026-04-02,2070758541,0,[tp 102.83500],USOILm,SELL,0.01,-4.605170185988091,1,361.0,361.0,244.0,0.6759,0.412742,1.130336,1.0,0.0,-222.4,-248.26,-46.56,-9.312,0.2,0.8,0.100985,15.252708,-27.83,-2.783,0.5,0.5,0.670143,18.268591,8.09,0.4045,0.5,0.5,1.075622,15.339543,-20.72,-0.4144,0.42,0.58,0.949196,25.475789,101.0,-122.79,-1.215743,0.306931,0.577853,0.0,2.0,-123.93,-123.93,-15.52,-3.104,0.2,0.8,0.300901,5.377303,-62.11,-6.211,0.1,0.9,0.097107,7.508646,-51.01,-2.5505,0.3,0.7,0.581542,12.168462,-74.14,-1.4828,0.34,0.66,0.670005,9.440542,171.0,-150.33,-0.879123,0.391813,0.791827,0.0,6.0,-236.3,-236.3,-65.15,-13.03,0.0,1.0,0.0,12.917969,-60.96,-6.096,0.2,0.8,0.194503,12.414294,-117.04,-5.852,0.25,0.75,0.319614,15.533074,-114.67,-2.2934,0.36,0.64,0.646887,14.804444,1,0,0,0,5.54,5.54,554.0,13,3,4,102.835,1,0,5.54,0.0,0.0,1
362,2026-04-02T14:04:31,2026-04-02,2070951633,0,[sl 1.15257],EURUSDm,BUY,0.01,-4.605170185988091,1,362.0,362.0,249.54,0.689337,0.414365,1.133296,2.0,0.0,-216.86,-248.26,-2.56,-0.512,0.4,0.6,0.807952,5.422204,10.29,1.029,0.6,0.4,1.198687,15.406206,14.22,0.711,0.55,0.45,1.133659,15.377803,-2.87,-0.0574,0.44,0.56,0.992744,25.431621,78.0,-7.59,-0.097308,0.435897,0.8776,0.0,1.0,-18.48,-24.78,4.41,0.882,0.6,0.4,2.304734,2.508947,-4.94,-0.494,0.4,0.6,0.645624,2.636241,2.06,0.103,0.45,0.55,1.105913,2.468623,-15.73,-0.3146,0.38,0.62,0.70935,2.218658,190.0,394.33,2.075421,0.431579,1.342914,1.0,0.0,-88.54,-198.43,31.33,6.266,0.6,0.4,8.136674,7.953406,30.57,3.057,0.7,0.3,1.826887,13.596828,20.6,1.03,0.6,0.4,1.211174,14.897534,165.63,3.3126,0.48,0.52,1.463885,28.54971,0,1,0,0,-1.35,1.35,-135.0,14,3,4,1.15257,0,1,-1.35,0.0,0.0,1
363,2026-04-02T14:20:16,2026-04-02,2071035760,0,[tp 65991.87000],BTCUSDm,BUY,0.02,-3.912023005428146,1,363.0,363.0,248.19,0.683719,0.413223,1.132479,0.0,1.0,-218.21,-248.26,5.03,1.006,0.4,0.6,1.876307,3.609735,-7.17,-0.717,0.5,0.5,0.865073,14.56451,21.63,1.0815,0.55,0.45,1.218529,15.233744,-94.37,-1.8874,0.42,0.58,0.76222,21.924971,89.0,210.78,2.368315,0.516854,1.572103,7.0,0.0,0.0,-41.16,60.93,12.186,1.0,0.0,10.0,4.518896,99.95,9.995,0.8,0.2,7.632382,10.74966,69.17,3.4585,0.55,0.45,1.951052,11.676594,151.58,3.0316,0.52,0.48,1.656844,14.045138,191.0,392.98,2.057487,0.429319,1.341339,0.0,1.0,-89.89,-198.43,12.49,2.498,0.4,0.6,3.175958,5.955157,27.32,2.732,0.6,0.4,1.712944,13.659297,17.32,0.866,0.55,0.45,1.175126,14.904776,165.76,3.3152,0.48,0.52,1.464418,28.549279,1,0,0,0,6.39,6.39,319.5,14,3,4,65991.87,1,0,6.39,0.0,0.0,1
364,2026-04-02T14:36:19,2026-04-02,2071112500,0,[tp 103.57700],USOILm,SELL,0.01,-4.605170185988091,1,364.0,364.0,254.58,0.699396,0.414835,1.13589,1.0,0.0,-211.82,-248.26,14.21,2.842,0.6,0.4,5.816949,3.546104,-5.49,-0.549,0.5,0.5,0.896688,14.635657,30.07,1.5035,0.6,0.4,1.310224,15.258033,-133.99,-2.6798,0.42,0.58,0.662392,20.870159,102.0,-117.25,-1.14951,0.313725,0.596899,1.0,0.0,-118.39,-123.93,-7.93,-1.586,0.4,0.6,0.606452,6.429045,-51.26,-5.126,0.2,0.8,0.192502,8.302407,-56.16,-2.808,0.3,0.7,0.539295,11.937857,-82.2,-1.644,0.34,0.66,0.63413,9.248482,172.0,-144.79,-0.841802,0.395349,0.799499,1.0,0.0,-230.76,-236.3,-56.99,-11.398,0.2,0.8,0.088597,14.543241,-68.66,-6.866,0.2,0.8,0.092759,11.387421,-107.19,-5.3595,0.3,0.7,0.360861,15.729075,-101.44,-2.0288,0.38,0.62,0.68005,14.823843,1,0,0,0,8.72,8.72,872.0,14,3,4,103.577,1,0,8.72,0.0,0.0,1
365,2026-04-02T15:30:27,2026-04-02,2071461431,0,[sl 103.88500],USOILm,SELL,0.01,-4.605170185988091,1,365.0,365.0,263.3,0.72137,0.416438,1.140544,2.0,0.0,-203.1,-248.26,24.53,4.906,0.8,0.2,10.0,3.358372,-14.26,-1.426,0.5,0.5,0.731652,13.765326,45.16,2.258,0.65,0.35,1.498675,15.223094,-168.98,-3.3796,0.42,0.58,0.574229,19.865364,103.0,-108.53,-1.053689,0.320388,0.626878,2.0,0.0,-109.67,-123.93,7.16,1.432,0.6,0.4,1.519594,6.992117,-31.03,-3.103,0.3,0.7,0.402925,8.940529,-54.75,-2.7375,0.3,0.7,0.550861,12.001396,-71.64,-1.4328,0.36,0.64,0.678499,9.36148,173.0,-136.07,-0.786532,0.398844,0.811574,2.0,0.0,-222.04,-236.3,-39.51,-7.902,0.4,0.6,0.265204,16.698467,-53.63,-5.363,0.3,0.7,0.226899,12.315672,-97.73,-4.8865,0.35,0.65,0.414685,16.000772,-99.32,-1.9864,0.38,0.62,0.686737,14.851469,0,1,0,0,-9.11,9.11,-911.0,15,3,4,103.885,0,1,-9.11,0.0,0.0,1
366,2026-04-02T16:11:32,2026-04-02,2071786787,0,[sl 4655.32000],XAUUSDm,BUY,0.01,-4.605170185988091,1,366.0,366.0,254.19,0.694508,0.415301,1.135025,0.0,1.0,-212.21,-248.26,10.19,2.038,0.6,0.4,1.974187,6.505528,-36.37,-3.637,0.4,0.6,0.415743,13.026478,29.37,1.4685,0.6,0.4,1.294672,15.38191,-212.21,-4.2442,0.4,0.6,0.477302,19.142035,72.0,169.14,2.349167,0.430556,1.149483,0.0,5.0,-242.34,-255.48,-142.98,-28.596,0.0,1.0,0.0,7.914487,-152.62,-15.262,0.3,0.7,0.443237,41.513241,105.88,5.294,0.5,0.5,1.282505,47.924983,-80.27,-1.6054,0.36,0.64,0.90121,36.716796,192.0,399.37,2.080052,0.432292,1.346889,1.0,0.0,-83.5,-198.43,5.88,1.176,0.4,0.6,2.02439,3.832407,24.61,2.461,0.6,0.4,1.642223,13.556766,47.79,2.3895,0.6,0.4,1.638733,13.792819,160.41,3.2082,0.48,0.52,1.449428,28.527521,0,1,0,1,-35.49,35.49,-3549.0,16,3,4,4655.32,0,1,-35.49,0.0,0.0,1
367,2026-04-02T16:23:46,2026-04-02,2071886205,0,[sl 66492.72000],BTCUSDm,BUY,0.02,-3.912023005428146,1,367.0,367.0,218.7,0.595913,0.414169,1.114023,0.0,2.0,-247.7,-248.26,-30.84,-6.168,0.4,0.6,0.328836,15.943676,-33.4,-3.34,0.4,0.6,0.436572,12.239205,-1.28,-0.064,0.6,0.4,0.990178,17.336703,-242.39,-4.8478,0.4,0.6,0.444276,19.635591,90.0,217.17,2.413,0.522222,1.589447,8.0,0.0,0.0,-41.16,58.22,11.644,1.0,0.0,10.0,4.994067,93.1,9.31,0.8,0.2,7.177837,10.7393,85.98,4.299,0.6,0.4,2.379875,11.244352,165.3,3.306,0.54,0.46,1.739796,13.973866,193.0,363.88,1.885389,0.430052,1.306611,0.0,1.0,-118.99,-198.43,-26.82,-5.364,0.4,0.6,0.302289,15.415869,21.7,2.17,0.6,0.4,1.526316,14.315792,11.15,0.5575,0.55,0.45,1.101079,16.079541,111.36,2.2272,0.46,0.54,1.283785,28.994222,0,1,0,0,-7.22,7.22,-361.0,16,3,4,66492.72,0,1,-7.22,0.0,0.0,1
368,2026-04-02T16:35:47,2026-04-02,2071985759,0,[sl 101.25900],USOILm,SELL,0.01,-4.605170185988091,1,368.0,368.0,211.48,0.574674,0.413043,1.109845,0.0,3.0,-254.92,-254.92,-36.71,-7.342,0.4,0.6,0.291586,15.76075,-31.68,-3.168,0.4,0.6,0.449618,12.171195,-38.51,-1.9255,0.55,0.45,0.720009,15.950995,-238.1,-4.762,0.4,0.6,0.448689,19.615655,104.0,-117.64,-1.131154,0.317308,0.607841,0.0,1.0,-118.78,-123.93,-8.63,-1.726,0.4,0.6,0.622979,7.4589,-37.07,-3.707,0.3,0.7,0.360972,9.120117,-69.13,-3.4565,0.25,0.75,0.47233,11.930674,-78.98,-1.5796,0.36,0.64,0.656862,9.422965,174.0,-145.18,-0.834368,0.396552,0.801463,0.0,1.0,-231.15,-236.3,-42.25,-8.45,0.4,0.6,0.252345,16.684153,-59.35,-5.935,0.3,0.7,0.209615,12.343554,-68.88,-3.444,0.35,0.65,0.501303,14.14719,-103.44,-2.0688,0.38,0.62,0.677928,14.879309,0,1,0,1,-12.32,12.32,-1232.0,16,3,4,101.259,0,1,-12.32,0.0,0.0,1
369,2026-04-03T02:11:05,2026-04-03,2073433435,0,[sl 66796.48000],BTCUSDm,SELL,0.02,-3.912023005428146,1,369.0,369.0,199.16,0.539729,0.411924,1.102789,0.0,4.0,-267.24,-267.24,-55.42,-11.084,0.2,0.8,0.135953,14.200043,-41.21,-4.121,0.4,0.6,0.38575,12.473629,-61.67,-3.0835,0.5,0.5,0.588483,15.822378,-157.24,-3.1448,0.4,0.6,0.552048,15.064734,91.0,209.95,2.307143,0.516484,1.558898,0.0,1.0,-7.22,-41.16,34.89,6.978,0.8,0.2,5.83241,8.387504,92.19,9.219,0.8,0.2,6.769086,10.874278,83.19,4.1595,0.6,0.4,2.27788,11.368403,167.67,3.3534,0.54,0.46,1.758448,13.934005,175.0,-157.5,-0.9,0.394286,0.788184,0.0,2.0,-243.47,-243.47,-16.11,-3.222,0.4,0.6,0.469542,8.596763,-73.15,-7.315,0.2,0.8,0.163139,12.208093,-76.18,-3.809,0.35,0.65,0.476138,14.27672,-112.93,-2.2586,0.38,0.62,0.658471,14.948176,0,1,0,0,-3.82,3.82,-191.0,2,4,4,66794.87,0,1,-3.82,0.0,0.0,1
370,2026-04-03T04:10:41,2026-04-03,2073471421,0,[tp 66422.91000],BTCUSDm,BUY,0.02,-3.912023005428146,1,370.0,370.0,195.34,0.527946,0.410811,1.100619,0.0,5.0,-271.06,-271.06,-67.96,-13.592,0.0,1.0,0.0,11.290023,-43.43,-4.343,0.4,0.6,0.373395,12.446511,-67.39,-3.3695,0.45,0.55,0.561491,15.781357,-156.75,-3.135,0.4,0.6,0.55282,15.064132,92.0,206.13,2.240543,0.51087,1.543205,0.0,2.0,-11.04,-41.16,13.58,2.716,0.6,0.4,2.230072,7.307839,97.13,9.713,0.8,0.2,9.798007,10.133262,86.57,4.3285,0.6,0.4,2.402625,11.222466,124.66,2.4932,0.52,0.48,1.554315,12.990784,194.0,356.66,1.838454,0.427835,1.29871,0.0,2.0,-126.21,-198.43,-32.44,-6.488,0.4,0.6,0.263731,15.304936,-1.63,-0.163,0.5,0.5,0.966357,13.743503,32.95,1.6475,0.55,0.45,1.372274,14.71892,114.56,2.2912,0.46,0.54,1.29434,28.969756,1,0,0,0,7.88,7.88,394.0,4,4,4,66422.91,1,0,7.88,0.0,0.0,1
371,2026-04-03T04:17:26,2026-04-03,2073473380,0,[sl 66713.62000],BTCUSDm,BUY,0.02,-3.912023005428146,1,371.0,371.0,203.22,0.547763,0.412399,1.104678,1.0,0.0,-263.18,-271.06,-50.97,-10.194,0.2,0.8,0.1339,14.286704,-40.78,-4.078,0.4,0.6,0.411629,12.673648,-68.61,-3.4305,0.45,0.55,0.553553,15.735331,-135.98,-2.7196,0.42,0.58,0.597263,15.075772,93.0,214.01,2.301183,0.516129,1.563971,1.0,0.0,-3.16,-41.16,8.46,1.692,0.6,0.4,1.766304,6.044599,75.0,7.5,0.8,0.2,7.793478,7.544853,87.33,4.3665,0.6,0.4,2.414938,11.233135,114.29,2.2858,0.52,0.48,1.508204,12.819214,195.0,364.54,1.869436,0.430769,1.30531,1.0,0.0,-118.33,-198.43,-29.79,-5.958,0.4,0.6,0.323877,15.741211,1.54,0.154,0.5,0.5,1.031785,13.888043,41.42,2.071,0.6,0.4,1.47111,14.770211,117.22,2.3444,0.46,0.54,1.301174,28.977527,0,1,0,0,-4.65,4.65,-232.5,4,4,4,66718.73,0,1,-4.65,0.0,0.0,1
372,2026-04-03T05:07:08,2026-04-03,2073487614,0,[sl 66598.42000],BTCUSDm,BUY,0.02,-3.912023005428146,1,372.0,372.0,198.57,0.53379,0.41129,1.102038,0.0,1.0,-267.83,-271.06,-20.13,-4.026,0.2,0.8,0.281328,6.650966,-50.97,-5.097,0.3,0.7,0.310844,12.262346,-40.68,-2.034,0.45,0.55,0.676501,14.256231,-137.56,-2.7512,0.42,0.58,0.594481,15.07813,94.0,209.36,2.227234,0.510638,1.545038,0.0,1.0,-7.81,-41.16,-1.42,-0.284,0.4,0.6,0.909496,6.178455,59.51,5.951,0.7,0.3,4.792862,8.256639,70.19,3.5095,0.55,0.45,2.057556,11.234509,123.66,2.4732,0.52,0.48,1.573775,12.646805,196.0,359.89,1.836173,0.428571,1.300246,0.0,1.0,-122.98,-198.43,-33.09,-6.618,0.4,0.6,0.301309,15.602743,-20.6,-2.06,0.4,0.6,0.612053,12.658203,38.82,1.941,0.6,0.4,1.428856,14.817277,117.0,2.34,0.46,0.54,1.300439,28.978572,0,1,0,0,-5.29,5.29,-264.5,5,4,4,66599.15,0,1,-5.29,0.0,0.0,1
