time,open,high,low,close,volume
2026-02-25 05:36:25.215302,1.6088,1.609122216631432,1.6071271301932863,1.6077491380369004,4183
2026-02-25 05:41:25.215302,1.6077491380369004,1.608527207151672,1.6032608083767632,1.6032608083767632,2794
2026-02-25 05:46:25.215302,1.6032608083767632,1.605550877238409,1.6007945128620915,1.6007945128620915,4326
2026-02-25 05:51:25.215302,1.6007945128620915,1.6035796741708404,1.598958542348148,1.598958542348148,2003
2026-02-25 05:56:25.215302,1.598958542348148,1.6029538175300535,1.598716951379983,1.6029538175300535,1830
2026-02-25 06:01:25.215302,1.6029538175300535,1.604548646031078,1.6028492719500478,1.60383089219165,1202
2026-02-25 06:06:25.215302,1.60383089219165,1.6044962785658432,1.601070122118401,1.6039911887956015,2059
2026-02-25 06:11:25.215302,1.6039911887956015,1.6078304588363341,1.6029653329006923,1.6078304588363341,4935
2026-02-25 06:16:25.215302,1.6078304588363341,1.6108496559236192,1.606687832634066,1.609187602170394,4776
2026-02-25 06:21:25.215302,1.609187602170394,1.6106089073297536,1.6032836349171102,1.6032836349171102,3021
2026-02-25 06:26:25.215302,1.6032836349171102,1.6038983422175803,1.6016457495789989,1.6016457495789989,4071
2026-02-25 06:31:25.215302,1.6016457495789989,1.603953845941366,1.600555175512673,1.603953845941366,4633
2026-02-25 06:36:25.215302,1.603953845941366,1.607242742047857,1.6014825939406088,1.607242742047857,4948
2026-02-25 06:41:25.215302,1.607242742047857,1.610689872475239,1.6066282243568246,1.610689872475239,4189
2026-02-25 06:46:25.215302,1.610689872475239,1.6120082088964913,1.6060364714585842,1.6060364714585842,3838
2026-02-25 06:51:25.215302,1.6060364714585842,1.6075364277266282,1.6046040651769027,1.60571015552705,2786
2026-02-25 06:56:25.215302,1.60571015552705,1.6070071156646855,1.6040803847106233,1.6070071156646855,4294
2026-02-25 07:01:25.215302,1.6070071156646855,1.6071841291711333,1.603778904630073,1.603778904630073,1010
2026-02-25 07:06:25.215302,1.603778904630073,1.6046124525201193,1.6025278405145105,1.6025278405145105,4491
2026-02-25 07:11:25.215302,1.6025278405145105,1.6031900317913745,1.5945205862839114,1.5945205862839114,4378
2026-02-25 07:16:25.215302,1.5945205862839114,1.5952882671992328,1.5923172220785804,1.592785478248703,4791
2026-02-25 07:21:25.215302,1.592785478248703,1.5933585268505064,1.5926279534121452,1.5930458976338153,3290
2026-02-25 07:26:25.215302,1.5930458976338153,1.594238639761235,1.5926220887226383,1.5926220887226383,4827
2026-02-25 07:31:25.215302,1.5926220887226383,1.5949378289432639,1.5893933486691398,1.5930930154046694,2339
2026-02-25 07:36:25.215302,1.5930930154046694,1.5945413514001887,1.5903920669198908,1.5903920669198908,4943
2026-02-25 07:41:25.215302,1.5903920669198908,1.590403748748597,1.5857837766635503,1.5857837766635503,3841
2026-02-25 07:46:25.215302,1.5857837766635503,1.5860847507410303,1.5855723574399634,1.5858139795795463,4188
2026-02-25 07:51:25.215302,1.5858139795795463,1.5881898445002458,1.5848287736907263,1.5881898445002458,2060
2026-02-25 07:56:25.215302,1.5881898445002458,1.5889176915266525,1.585537255725564,1.5867645539645971,3815
2026-02-25 08:01:25.215302,1.5867645539645971,1.5889784775451394,1.5852216555494942,1.5889784775451394,2203
2026-02-25 08:06:25.215302,1.5889784775451394,1.5915741734214566,1.5875600146083237,1.5907347365357827,4168
2026-02-25 08:11:25.215302,1.5907347365357827,1.5917388926405018,1.5882865460924622,1.5882865460924622,4732
2026-02-25 08:16:25.215302,1.5882865460924622,1.589087513984691,1.5835102870129854,1.5835102870129854,4821
2026-02-25 08:21:25.215302,1.5835102870129854,1.5852354675505675,1.5810737120535767,1.5810737120535767,3838
2026-02-25 08:26:25.215302,1.5810737120535767,1.5816949740414252,1.5800141402788526,1.5800141402788526,2937
2026-02-25 08:31:25.215302,1.5800141402788526,1.5871872337020843,1.5795929874591654,1.5871872337020843,3969
2026-02-25 08:36:25.215302,1.5871872337020843,1.5895416069446486,1.5848487037467152,1.5895416069446486,2591
2026-02-25 08:41:25.215302,1.5895416069446486,1.59097752712769,1.5893054409925795,1.5893073016880725,2747
2026-02-25 08:46:25.215302,1.5893073016880725,1.5918510721239802,1.5890183059757543,1.590017776613464,1167
2026-02-25 08:51:25.215302,1.590017776613464,1.592081317126219,1.590005146014371,1.592081317126219,2728
2026-02-25 08:56:25.215302,1.592081317126219,1.5935688637330485,1.591343845963597,1.5925031467998947,3091
2026-02-25 09:01:25.215302,1.5925031467998947,1.594614713015629,1.5897933804592765,1.5897933804592765,3372
2026-02-25 09:06:25.215302,1.5897933804592765,1.591588456798661,1.5893854160383702,1.591588456798661,4262
2026-02-25 09:11:25.215302,1.591588456798661,1.5944142285781449,1.586837603386194,1.586837603386194,3236
2026-02-25 09:16:25.215302,1.586837603386194,1.5898129463441597,1.5854228424755257,1.5898129463441597,4769
2026-02-25 09:21:25.215302,1.5898129463441597,1.5911293143696983,1.5889125152622292,1.5911293143696983,4710
2026-02-25 09:26:25.215302,1.5911293143696983,1.5939670769155214,1.5908980689271979,1.5939670769155214,4574
2026-02-25 09:31:25.215302,1.5939670769155214,1.5944471977729278,1.5919262182978404,1.5936506090747995,2050
2026-02-25 09:36:25.215302,1.5936506090747995,1.5945133398600635,1.5921214545471916,1.5930470206103906,3869
2026-02-25 09:41:25.215302,1.5930470206103906,1.5936986890561327,1.5920210847877352,1.5926842267312893,1384
2026-02-25 09:46:25.215302,1.5926842267312893,1.5960132080612814,1.5912334933792829,1.5960132080612814,1547
2026-02-25 09:51:25.215302,1.5960132080612814,1.5998386700336882,1.5943728501856103,1.5998386700336882,4432
2026-02-25 09:56:25.215302,1.5998386700336882,1.6046325442306073,1.5992464144124305,1.6046325442306073,1617
2026-02-25 10:01:25.215302,1.6046325442306073,1.6068108346137164,1.601994757576523,1.604564468427062,2116
2026-02-25 10:06:25.215302,1.604564468427062,1.6053124378212151,1.6034337725142285,1.6052770229800528,2209
2026-02-25 10:11:25.215302,1.6052770229800528,1.6065746344030545,1.604918650855091,1.6065746344030545,4172
2026-02-25 10:16:25.215302,1.6065746344030545,1.6102630572736836,1.60511792435147,1.6102630572736836,1788
2026-02-25 10:21:25.215302,1.6102630572736836,1.6126848651554286,1.6025660332331904,1.6025660332331904,3337
2026-02-25 10:26:25.215302,1.6025660332331904,1.603484234579805,1.602179819783489,1.6025569946897196,1846
2026-02-25 10:31:25.215302,1.6025569946897196,1.6032675482592689,1.6002104677319775,1.6002104677319775,2373
2026-02-25 10:36:25.215302,1.6002104677319775,1.6008485830204429,1.5953924042030083,1.5953924042030083,1125
2026-02-25 10:41:25.215302,1.5953924042030083,1.5970865317715552,1.592529700035081,1.592529700035081,2564
2026-02-25 10:46:25.215302,1.592529700035081,1.5936591502370299,1.591668962512109,1.591668962512109,4880
2026-02-25 10:51:25.215302,1.591668962512109,1.5946849118402717,1.5908769773653493,1.5908769773653493,1674
2026-02-25 10:56:25.215302,1.5908769773653493,1.5925576525735636,1.5842334197850074,1.5842334197850074,1845
2026-02-25 11:01:25.215302,1.5842334197850074,1.584288945157005,1.5818155051080842,1.5819642849995244,1779
2026-02-25 11:06:25.215302,1.5819642849995244,1.5826374894607151,1.5781780277576083,1.5790678317081361,2316
2026-02-25 11:11:25.215302,1.5790678317081361,1.5806266646392728,1.5765683091107274,1.5765683091107274,1778
2026-02-25 11:16:25.215302,1.5765683091107274,1.57788022393871,1.5694291885179827,1.5694291885179827,4285
2026-02-25 11:21:25.215302,1.5694291885179827,1.572499833598994,1.5682419860714754,1.572499833598994,2498
2026-02-25 11:26:25.215302,1.572499833598994,1.57660641124581,1.5718614663566,1.57660641124581,2264
2026-02-25 11:31:25.215302,1.57660641124581,1.577004944752794,1.5746097354976827,1.5746097354976827,1588
2026-02-25 11:36:25.215302,1.5746097354976827,1.5778152171620823,1.5719201045573068,1.5735133872859306,2591
2026-02-25 11:41:25.215302,1.5735133872859306,1.5767245288625755,1.5711805542125443,1.5711805542125443,3134
2026-02-25 11:46:25.215302,1.5711805542125443,1.5739413247053617,1.5686017266492394,1.573522738819288,2890
2026-02-25 11:51:25.215302,1.573522738819288,1.576421266725585,1.5727835693016483,1.576421266725585,2408
2026-02-25 11:56:25.215302,1.576421266725585,1.5812219557921852,1.5750535771236773,1.5812219557921852,4634
2026-02-25 12:01:25.215302,1.5812219557921852,1.5832236731235496,1.5776244615585675,1.5776244615585675,3462
2026-02-25 12:06:25.215302,1.5776244615585675,1.5799015696473915,1.5755399070054361,1.5799015696473915,3084
2026-02-25 12:11:25.215302,1.5799015696473915,1.5804311693041069,1.5798777425008208,1.5804311693041069,4239
2026-02-25 12:16:25.215302,1.5804311693041069,1.5814771168719066,1.5789595075223235,1.5789595075223235,2248
2026-02-25 12:21:25.215302,1.5789595075223235,1.579772738749834,1.5781548982858025,1.5792845401011129,1442
2026-02-25 12:26:25.215302,1.5792845401011129,1.5818549215141757,1.5765656637266152,1.5765656637266152,2365
2026-02-25 12:31:25.215302,1.5765656637266152,1.5786989095462283,1.574573663203017,1.574573663203017,4068
2026-02-25 12:36:25.215302,1.574573663203017,1.576195975677848,1.5733802712632208,1.576195975677848,1402
2026-02-25 12:41:25.215302,1.576195975677848,1.5791427247613428,1.572356068773859,1.572356068773859,2547
2026-02-25 12:46:25.215302,1.572356068773859,1.5762493237085236,1.572012502426847,1.5762493237085236,4060
2026-02-25 12:51:25.215302,1.5762493237085236,1.5762713517492026,1.5723752967591564,1.572981489178277,2452
2026-02-25 12:56:25.215302,1.572981489178277,1.5731814966643185,1.5725692555008535,1.5728028665886358,4439
2026-02-25 13:01:25.215302,1.5728028665886358,1.5771706217944397,1.5698955965782766,1.5771706217944397,1225
2026-02-25 13:06:25.215302,1.5771706217944397,1.5809402270985695,1.5768586101998445,1.5782210730309474,2058
2026-02-25 13:11:25.215302,1.5782210730309474,1.5792016263759896,1.5750279778376386,1.5750279778376386,2137
2026-02-25 13:16:25.215302,1.5750279778376386,1.5764001886027685,1.5697937570979668,1.5697937570979668,2672
2026-02-25 13:21:25.215302,1.5697937570979668,1.5738885053040672,1.5678453647960435,1.5738885053040672,1673
2026-02-25 13:26:25.215302,1.5738885053040672,1.5765811057551364,1.5732645010743271,1.5732645010743271,4341
2026-02-25 13:31:25.215302,1.5732645010743271,1.5739558671998988,1.5710623572808613,1.572384573483504,3943
2026-02-25 13:36:25.215302,1.572384573483504,1.5733766346858225,1.5700240175140798,1.5700240175140798,1474
2026-02-25 13:41:25.215302,1.5700240175140798,1.5702309357787687,1.5694107556278496,1.5694107556278496,4296
2026-02-25 13:46:25.215302,1.5694107556278496,1.57094133957906,1.568769202917237,1.568769202917237,1244
2026-02-25 13:51:25.215302,1.568769202917237,1.5713687992499266,1.5686192003829829,1.5713687992499266,1468
2026-02-25 13:56:25.215302,1.5713687992499266,1.5719531422426174,1.5671424786014452,1.5671424786014452,2091
2026-02-25 14:01:25.215302,1.5671424786014452,1.5683983939711479,1.5666917923692647,1.567290105423559,4459
2026-02-25 14:06:25.215302,1.567290105423559,1.5685748687234893,1.5580260551093903,1.5580260551093903,3302
2026-02-25 14:11:25.215302,1.5580260551093903,1.560330779024255,1.5567461162640481,1.560330779024255,4323
2026-02-25 14:16:25.215302,1.560330779024255,1.5636085775824689,1.5584741446937203,1.5632524462464916,2665
2026-02-25 14:21:25.215302,1.5632524462464916,1.5633629856932152,1.5555223915340723,1.5555223915340723,1590
2026-02-25 14:26:25.215302,1.5555223915340723,1.556471105973671,1.555019227534593,1.555019227534593,1297
2026-02-25 14:31:25.215302,1.555019227534593,1.55730793427226,1.5528564522110198,1.5545360232359218,3506
2026-02-25 14:36:25.215302,1.5545360232359218,1.5547729988661065,1.5519834739264342,1.553575810727502,2911
2026-02-25 14:41:25.215302,1.553575810727502,1.5542697039296403,1.5514069976650422,1.5514069976650422,1571
2026-02-25 14:46:25.215302,1.5514069976650422,1.5546154219506199,1.550026117340299,1.5512002337146567,3460
2026-02-25 14:51:25.215302,1.5512002337146567,1.5517034224419255,1.5490682537411171,1.5490682537411171,4495
2026-02-25 14:56:25.215302,1.5490682537411171,1.5520834579607918,1.5472387077231669,1.5520834579607918,4737
2026-02-25 15:01:25.215302,1.5520834579607918,1.553210744486313,1.5513794252738764,1.553210744486313,4778
2026-02-25 15:06:25.215302,1.553210744486313,1.5536666416544873,1.550912539331997,1.550912539331997,4344
2026-02-25 15:11:25.215302,1.550912539331997,1.551056221285113,1.5479050678247832,1.5479050678247832,3088
2026-02-25 15:16:25.215302,1.5479050678247832,1.5488312359498375,1.5437734143079611,1.5437734143079611,4738
2026-02-25 15:21:25.215302,1.5437734143079611,1.5461032248569289,1.5394499339188907,1.5394499339188907,2612
2026-02-25 15:26:25.215302,1.5394499339188907,1.5403440375927004,1.5394331705896238,1.5403440375927004,4265
2026-02-25 15:31:25.215302,1.5403440375927004,1.542169432939239,1.5386327338318877,1.5386327338318877,3217
2026-02-25 15:36:25.215302,1.5386327338318877,1.5407164261155313,1.5379075948852914,1.5403222109301808,1467
2026-02-25 15:41:25.215302,1.5403222109301808,1.5412770976149925,1.5398076461963563,1.5405883455122091,2939
2026-02-25 15:46:25.215302,1.5405883455122091,1.5421155939275228,1.538586114887623,1.538586114887623,2199
2026-02-25 15:51:25.215302,1.538586114887623,1.5389227727874835,1.532149120327185,1.532149120327185,3777
2026-02-25 15:56:25.215302,1.532149120327185,1.5329162203287803,1.5284083293529007,1.5284083293529007,4419
2026-02-25 16:01:25.215302,1.5284083293529007,1.530814734804582,1.523026207060674,1.523026207060674,1665
2026-02-25 16:06:25.215302,1.523026207060674,1.5250628112105207,1.5207284563934929,1.5207284563934929,4865
2026-02-25 16:11:25.215302,1.5207284563934929,1.5212206712429555,1.5192408033854083,1.5208242797393343,2249
2026-02-25 16:16:25.215302,1.5208242797393343,1.5231065772697059,1.5190304344681143,1.5231065772697059,2837
2026-02-25 16:21:25.215302,1.5231065772697059,1.527387845501505,1.519865272576297,1.527387845501505,4527
2026-02-25 16:26:25.215302,1.527387845501505,1.530007425364946,1.523459109770101,1.523459109770101,3946
2026-02-25 16:31:25.215302,1.523459109770101,1.533506394239727,1.5225847244894628,1.533506394239727,2344
2026-02-25 16:36:25.215302,1.533506394239727,1.535793235904473,1.53196042793702,1.535248008292541,2617
2026-02-25 16:41:25.215302,1.535248008292541,1.5371987026117013,1.5292464066698939,1.5292464066698939,2175
2026-02-25 16:46:25.215302,1.5292464066698939,1.5318654671152077,1.5280263968515144,1.5318654671152077,2553
2026-02-25 16:51:25.215302,1.5318654671152077,1.5319292266316538,1.529134824161456,1.5306663015009363,3654
2026-02-25 16:56:25.215302,1.5306663015009363,1.533636311495041,1.529071424019707,1.533636311495041,4355
2026-02-25 17:01:25.215302,1.533636311495041,1.5341328578511044,1.5285300483439905,1.5285300483439905,2541
2026-02-25 17:06:25.215302,1.5285300483439905,1.5289804937303164,1.526744654272702,1.526744654272702,2427
2026-02-25 17:11:25.215302,1.526744654272702,1.5272654572405717,1.5228113837522284,1.5228113837522284,4177
2026-02-25 17:16:25.215302,1.5228113837522284,1.5255234446044454,1.5215108176970258,1.5255234446044454,4122
2026-02-25 17:21:25.215302,1.5255234446044454,1.5256679720220092,1.5224847804424906,1.5224847804424906,4803
2026-02-25 17:26:25.215302,1.5224847804424906,1.5264882477568928,1.522272082946525,1.5264882477568928,3276
2026-02-25 17:31:25.215302,1.5264882477568928,1.527975139369488,1.5261579745554055,1.527975139369488,3381
2026-02-25 17:36:25.215302,1.527975139369488,1.5340944538227623,1.5278053208516909,1.5340944538227623,3754
2026-02-25 17:41:25.215302,1.5340944538227623,1.535419715529525,1.5330973909285033,1.5330973909285033,3629
2026-02-25 17:46:25.215302,1.5330973909285033,1.5336312794975249,1.53117371570706,1.5336312794975249,1426
2026-02-25 17:51:25.215302,1.5336312794975249,1.536785840989671,1.5312346031314399,1.536785840989671,4336
2026-02-25 17:56:25.215302,1.536785840989671,1.5375014319293463,1.5352933408588831,1.5352933408588831,1582
2026-02-25 18:01:25.215302,1.5352933408588831,1.536149771527442,1.5341069494088009,1.5341069494088009,2137
2026-02-25 18:06:25.215302,1.5341069494088009,1.5344304281532872,1.532828923018,1.532828923018,2839
2026-02-25 18:11:25.215302,1.532828923018,1.535597722293814,1.5317458818347685,1.535597722293814,3407
2026-02-25 18:16:25.215302,1.535597722293814,1.5362763565911548,1.5346366303019334,1.5351947113852518,2237
2026-02-25 18:21:25.215302,1.5351947113852518,1.5377607358901395,1.531909172958509,1.531909172958509,3013
2026-02-25 18:26:25.215302,1.531909172958509,1.5326901092410579,1.529098522907724,1.531737069731582,3965
2026-02-25 18:31:25.215302,1.531737069731582,1.5409035509469253,1.5296991930900097,1.5409035509469253,2029
2026-02-25 18:36:25.215302,1.5409035509469253,1.5411088961533619,1.537386374439142,1.537386374439142,1403
2026-02-25 18:41:25.215302,1.537386374439142,1.5388626163713977,1.5349947456644573,1.5362633111226662,3493
2026-02-25 18:46:25.215302,1.5362633111226662,1.5373222194874279,1.5291433529412437,1.5291433529412437,3698
2026-02-25 18:51:25.215302,1.5291433529412437,1.5309492778026867,1.528714762043226,1.5309492778026867,1613
2026-02-25 18:56:25.215302,1.5309492778026867,1.5314054612301262,1.5306026138094067,1.5309318031063952,1097
2026-02-25 19:01:25.215302,1.5309318031063952,1.5316182078530036,1.528708114685267,1.5303420860787404,1240
2026-02-25 19:06:25.215302,1.5303420860787404,1.5322822621979997,1.5288835259664832,1.52945798280313,3638
2026-02-25 19:11:25.215302,1.52945798280313,1.5338844209852254,1.528600500557604,1.5338844209852254,2571
2026-02-25 19:16:25.215302,1.5338844209852254,1.5354091944496788,1.5313826707477374,1.5313826707477374,2264
2026-02-25 19:21:25.215302,1.5313826707477374,1.5325240953364414,1.5284297982646406,1.5325240953364414,4288
2026-02-25 19:26:25.215302,1.5325240953364414,1.536826286259264,1.5317593178534028,1.536826286259264,2443
2026-02-25 19:31:25.215302,1.536826286259264,1.5375542806939317,1.534884201287885,1.5354335713729235,3409
2026-02-25 19:36:25.215302,1.5354335713729235,1.5374664782824334,1.5336699729248557,1.5374664782824334,2558
2026-02-25 19:41:25.215302,1.5374664782824334,1.5380296809165799,1.5347888362820743,1.5379922811341828,4115
2026-02-25 19:46:25.215302,1.5379922811341828,1.5414768112376396,1.5373996523166462,1.5414768112376396,2576
2026-02-25 19:51:25.215302,1.5414768112376396,1.541533578061235,1.5385834693481604,1.5385834693481604,1123
2026-02-25 19:56:25.215302,1.5385834693481604,1.5417851570195964,1.536991202988759,1.5417851570195964,4993
2026-02-25 20:01:25.215302,1.5417851570195964,1.5442886696542932,1.5408946085952693,1.5417031466907682,2510
2026-02-25 20:06:25.215302,1.5417031466907682,1.5431999687763853,1.5405489838100053,1.5409396829887847,1695
2026-02-25 20:11:25.215302,1.5409396829887847,1.54311825875118,1.5407321488206789,1.54311825875118,3792
2026-02-25 20:16:25.215302,1.54311825875118,1.5435971113409215,1.5404143570403876,1.5404143570403876,3165
2026-02-25 20:21:25.215302,1.5404143570403876,1.5426131962206704,1.5401612320256601,1.5426131962206704,1643
2026-02-25 20:26:25.215302,1.5426131962206704,1.5428287720915352,1.5419235022209428,1.542629646639817,4005
2026-02-25 20:31:25.215302,1.542629646639817,1.5432733488159458,1.5349582565465394,1.5349582565465394,4973
2026-02-25 20:36:25.215302,1.5349582565465394,1.5364899253774198,1.5328109158862888,1.5355641291305238,4367
2026-02-25 20:41:25.215302,1.5355641291305238,1.5377310907617043,1.5342855487325906,1.5342855487325906,3016
2026-02-25 20:46:25.215302,1.5342855487325906,1.5360144407033491,1.5340283219117494,1.5340283219117494,2345
2026-02-25 20:51:25.215302,1.5340283219117494,1.5356501954810942,1.5337897912643472,1.534415892615148,2536
2026-02-25 20:56:25.215302,1.534415892615148,1.5349721085843553,1.5317789105882356,1.5317789105882356,2307
2026-02-25 21:01:25.215302,1.5317789105882356,1.5331825545581583,1.529779237294008,1.5330186445224534,4428
2026-02-25 21:06:25.215302,1.5330186445224534,1.5365649421220429,1.5317114389913729,1.5317114389913729,1055
2026-02-25 21:11:25.215302,1.5317114389913729,1.539113790370278,1.5290208718553229,1.539113790370278,2821
2026-02-25 21:16:25.215302,1.539113790370278,1.5410578733733786,1.535371650337121,1.535405024896454,1169
2026-02-25 21:21:25.215302,1.535405024896454,1.5374211313562989,1.5348099636458348,1.5348099636458348,3048
2026-02-25 21:26:25.215302,1.5348099636458348,1.5355781170277731,1.5345362588551332,1.53549459741543,3514
2026-02-25 21:31:25.215302,1.53549459741543,1.5377502952669795,1.535089096126809,1.535233355219011,3683
2026-02-25 21:36:25.215302,1.535233355219011,1.5364649686757734,1.532767165213287,1.532767165213287,2935
2026-02-25 21:41:25.215302,1.532767165213287,1.5336023677583075,1.5300438488161774,1.5325957698434145,2581
2026-02-25 21:46:25.215302,1.5325957698434145,1.5339983948529299,1.530275822348339,1.530275822348339,3459
2026-02-25 21:51:25.215302,1.530275822348339,1.5337894809797694,1.5278291246901765,1.5337894809797694,3610
2026-02-25 21:56:25.215302,1.5337894809797694,1.5355517478689455,1.5322947594615077,1.5339597682040944,2128
2026-02-25 22:01:25.215302,1.5339597682040944,1.5346971811618406,1.5328329842821646,1.5328329842821646,1766
2026-02-25 22:06:25.215302,1.5328329842821646,1.534922817135992,1.5293612126381113,1.5293612126381113,2331
2026-02-25 22:11:25.215302,1.5293612126381113,1.5305071209551169,1.5266084243981406,1.5266084243981406,1129
2026-02-25 22:16:25.215302,1.5266084243981406,1.5269527801454637,1.5244823903224942,1.5244823903224942,2260
2026-02-25 22:21:25.215302,1.5244823903224942,1.5252354348234718,1.522705624096616,1.522705624096616,1329
2026-02-25 22:26:25.215302,1.522705624096616,1.5238205172930315,1.5225795877356476,1.5229708149603784,3910
2026-02-25 22:31:25.215302,1.5229708149603784,1.5235473407790363,1.5200866168486378,1.5200866168486378,1067
2026-02-25 22:36:25.215302,1.5200866168486378,1.521461289236442,1.51404227349135,1.51404227349135,1855
2026-02-25 22:41:25.215302,1.51404227349135,1.5167062577294235,1.5133947795669962,1.5167062577294235,4594
2026-02-25 22:46:25.215302,1.5167062577294235,1.516871988263581,1.5146679795509517,1.5146679795509517,3420
2026-02-25 22:51:25.215302,1.5146679795509517,1.5152787569315045,1.5098609280573754,1.5098609280573754,1505
2026-02-25 22:56:25.215302,1.5098609280573754,1.511244819904778,1.5097856842035218,1.510501701901813,1571
2026-02-25 23:01:25.215302,1.510501701901813,1.514444673719922,1.5103561548757052,1.514444673719922,4650
2026-02-25 23:06:25.215302,1.514444673719922,1.515761602977217,1.5115061197932325,1.5115061197932325,2151
2026-02-25 23:11:25.215302,1.5115061197932325,1.5123456566245155,1.510376628646346,1.5105666667367261,3500
2026-02-25 23:16:25.215302,1.5105666667367261,1.514602200987771,1.5094983490069052,1.514602200987771,2768
2026-02-25 23:21:25.215302,1.514602200987771,1.5161996547011476,1.5125741054573403,1.5136317746787415,2558
2026-02-25 23:26:25.215302,1.5136317746787415,1.5140094173479788,1.5118063712224814,1.5118063712224814,4213
2026-02-25 23:31:25.215302,1.5118063712224814,1.5148832794841482,1.5105573945649549,1.5148832794841482,2585
2026-02-25 23:36:25.215302,1.5148832794841482,1.5170493765577726,1.5133789529651756,1.5170493765577726,2788
2026-02-25 23:41:25.215302,1.5170493765577726,1.5172714883238436,1.5148433707742923,1.5161953014201146,3959
2026-02-25 23:46:25.215302,1.5161953014201146,1.5179474169363163,1.5149319632257565,1.5157789908970207,2572
2026-02-25 23:51:25.215302,1.5157789908970207,1.5158953009070157,1.5126025650126529,1.5126025650126529,4675
2026-02-25 23:56:25.215302,1.5126025650126529,1.5138529208182623,1.5124316646387066,1.5138529208182623,4790
2026-02-26 00:01:25.215302,1.5138529208182623,1.5178112112499527,1.5122746223538446,1.5178112112499527,1476
2026-02-26 00:06:25.215302,1.5178112112499527,1.5180965368423118,1.5169218934404356,1.5171449454117791,3672
2026-02-26 00:11:25.215302,1.5171449454117791,1.51911792661959,1.5141484001048353,1.51911792661959,4374
2026-02-26 00:16:25.215302,1.51911792661959,1.5202167149720534,1.518287133977172,1.5198511349894148,3054
2026-02-26 00:21:25.215302,1.5198511349894148,1.5219889378044342,1.5186817449852281,1.5219889378044342,1347
2026-02-26 00:26:25.215302,1.5219889378044342,1.5261664816055192,1.5208847844309956,1.5261664816055192,3838
2026-02-26 00:31:25.215302,1.5261664816055192,1.5276212796902036,1.5228419554847872,1.5228419554847872,2910
2026-02-26 00:36:25.215302,1.5228419554847872,1.5232959847733432,1.517203268164412,1.517203268164412,3337
2026-02-26 00:41:25.215302,1.517203268164412,1.5186792133409208,1.5144445580186485,1.5161001832252143,4472
2026-02-26 00:46:25.215302,1.5161001832252143,1.5162387411072977,1.5129517640439445,1.5129517640439445,1716
2026-02-26 00:51:25.215302,1.5129517640439445,1.5182704839908987,1.5113398158758098,1.5182704839908987,3277
2026-02-26 00:56:25.215302,1.5182704839908987,1.519406269538168,1.5150309548996739,1.5150309548996739,1070
2026-02-26 01:01:25.215302,1.5150309548996739,1.5175443613097137,1.5147929463682877,1.5175443613097137,3877
2026-02-26 01:06:25.215302,1.5175443613097137,1.5198561558473278,1.5156593501982758,1.5198561558473278,1215
2026-02-26 01:11:25.215302,1.5198561558473278,1.5201724216579682,1.5191543996465136,1.5191543996465136,1811
2026-02-26 01:16:25.215302,1.5191543996465136,1.5211756898450484,1.5153521840699369,1.5153521840699369,2618
2026-02-26 01:21:25.215302,1.5153521840699369,1.516555666206072,1.5128063479396907,1.516555666206072,2261
2026-02-26 01:26:25.215302,1.516555666206072,1.517551061177731,1.5154645402286313,1.5154645402286313,3229
2026-02-26 01:31:25.215302,1.5154645402286313,1.5161727196027863,1.5148645410716772,1.516086452750981,4615
2026-02-26 01:36:25.215302,1.516086452750981,1.517718519958818,1.5153499585054566,1.5163808890668198,1142
2026-02-26 01:41:25.215302,1.5163808890668198,1.5206483864482412,1.5131669833619608,1.5190432222804453,3405
2026-02-26 01:46:25.215302,1.5190432222804453,1.5213328367332735,1.5169347193932992,1.5169347193932992,4882
2026-02-26 01:51:25.215302,1.5169347193932992,1.5176885417142834,1.5143007629378789,1.514307306600283,1044
2026-02-26 01:56:25.215302,1.514307306600283,1.5177016723976706,1.511115196808741,1.5164054693603934,1572
2026-02-26 02:01:25.215302,1.5164054693603934,1.5184438311170685,1.5133121254723818,1.5133121254723818,4468
2026-02-26 02:06:25.215302,1.5133121254723818,1.5165872297804237,1.51033651860528,1.51033651860528,2663
2026-02-26 02:11:25.215302,1.51033651860528,1.513760044902822,1.506653067525561,1.5096990248064899,3214
2026-02-26 02:16:25.215302,1.5096990248064899,1.510499824123131,1.5087281461399977,1.5087621702356715,4662
2026-02-26 02:21:25.215302,1.5087621702356715,1.5120716448758047,1.503923472085127,1.503923472085127,3757
2026-02-26 02:26:25.215302,1.503923472085127,1.5051071647185907,1.5034130414908413,1.504122610562941,4109
2026-02-26 02:31:25.215302,1.504122610562941,1.505708762502142,1.5029643975042402,1.5039251717061248,4216
2026-02-26 02:36:25.215302,1.5039251717061248,1.5041688619337417,1.5027824309788473,1.502916079488055,2763
2026-02-26 02:41:25.215302,1.502916079488055,1.5045841216017972,1.5022594085349168,1.5045841216017972,1630
2026-02-26 02:46:25.215302,1.5045841216017972,1.5055864114365067,1.5009604149179296,1.5055864114365067,3234
2026-02-26 02:51:25.215302,1.5055864114365067,1.5062525622676135,1.5002300284219354,1.5002300284219354,3744
2026-02-26 02:56:25.215302,1.5002300284219354,1.5028424773477183,1.4972122817085542,1.4987075073267249,3425
2026-02-26 03:01:25.215302,1.4987075073267249,1.5014453191981298,1.4983534737893236,1.5001561742559664,3909
2026-02-26 03:06:25.215302,1.5001561742559664,1.5023204241540336,1.4969866647364456,1.4969866647364456,1983
2026-02-26 03:11:25.215302,1.4969866647364456,1.5001268782817394,1.4965284275736006,1.4996741364624195,4609
2026-02-26 03:16:25.215302,1.4996741364624195,1.49981655582579,1.4968084518570186,1.4986707252735474,4604
2026-02-26 03:21:25.215302,1.4986707252735474,1.50239395225323,1.497617192033579,1.50239395225323,2278
2026-02-26 03:26:25.215302,1.50239395225323,1.5031865311130235,1.5021383233697307,1.502455136294566,2516
2026-02-26 03:31:25.215302,1.502455136294566,1.5043903482759713,1.5005788825074442,1.5017396896279869,3731
2026-02-26 03:36:25.215302,1.5017396896279869,1.5026096324999867,1.4999207540857766,1.4999207540857766,4710
2026-02-26 03:41:25.215302,1.4999207540857766,1.5016522870474676,1.4990612764858984,1.5016522870474676,3097
2026-02-26 03:46:25.215302,1.5016522870474676,1.5044285839476204,1.5011179476165954,1.5044285839476204,3763
2026-02-26 03:51:25.215302,1.5044285839476204,1.5048958687233935,1.5022426576053522,1.5022426576053522,2184
2026-02-26 03:56:25.215302,1.5022426576053522,1.5046578459074318,1.4982679513153316,1.4982679513153316,2320
2026-02-26 04:01:25.215302,1.4982679513153316,1.4990810073052427,1.4973076440899822,1.4990810073052427,4820
2026-02-26 04:06:25.215302,1.4990810073052427,1.5023446628336592,1.4986982588753082,1.500809254654743,2129
2026-02-26 04:11:25.215302,1.500809254654743,1.5022644857022962,1.5001413415654774,1.5022644857022962,4035
2026-02-26 04:16:25.215302,1.5022644857022962,1.5039717778720705,1.5007549986110083,1.5007549986110083,4585
2026-02-26 04:21:25.215302,1.5007549986110083,1.5035033217367604,1.4993369311456064,1.5035033217367604,4152
2026-02-26 04:26:25.215302,1.5035033217367604,1.5047114754022717,1.50226989859987,1.5037954965233906,3676
2026-02-26 04:31:25.215302,1.5037954965233906,1.5080929499738345,1.5020029713469418,1.5080929499738345,1374
2026-02-26 04:36:25.215302,1.5080929499738345,1.5082462338958345,1.5033710979627832,1.5037137784508867,2474
2026-02-26 04:41:25.215302,1.5037137784508867,1.5054590056917274,1.5028299455643728,1.5054590056917274,3823
2026-02-26 04:46:25.215302,1.5054590056917274,1.505845599586184,1.5013835946109182,1.5013835946109182,4282
2026-02-26 04:51:25.215302,1.5013835946109182,1.5025562399228287,1.5013189066610022,1.5025562399228287,3421
2026-02-26 04:56:25.215302,1.5025562399228287,1.5048848513717532,1.4967539091694062,1.4967539091694062,4981
2026-02-26 05:01:25.215302,1.4967539091694062,1.5011709213607671,1.4948037646238388,1.5011709213607671,2259
2026-02-26 05:06:25.215302,1.5011709213607671,1.5024367364516622,1.5001883374210527,1.5012145105538584,2240
2026-02-26 05:11:25.215302,1.5012145105538584,1.5012752446231954,1.4992744991567193,1.4992744991567193,1427
2026-02-26 05:16:25.215302,1.4992744991567193,1.5039354706062174,1.4980868641395853,1.5039354706062174,3316
2026-02-26 05:21:25.215302,1.5039354706062174,1.504223112050536,1.500580262711042,1.5034982147680125,2470
2026-02-26 05:26:25.215302,1.5034982147680125,1.5036939065606971,1.5026722294648336,1.5026722294648336,1829
2026-02-26 05:31:25.215302,1.5026722294648336,1.504156184869361,1.498892898504637,1.498892898504637,3512
2026-02-26 05:36:25.215302,1.498892898504637,1.4990203214719489,1.4969080957130383,1.4969080957130383,3130
2026-02-26 05:41:25.215302,1.4969080957130383,1.497108950182381,1.4956431648017603,1.4958233398479832,2966
2026-02-26 05:46:25.215302,1.4958233398479832,1.4986231249406943,1.4954739632868042,1.4986231249406943,3508
2026-02-26 05:51:25.215302,1.4986231249406943,1.4999845521711974,1.4960335965258098,1.4960335965258098,1653
2026-02-26 05:56:25.215302,1.4960335965258098,1.4981281208403805,1.4958892161425936,1.4958892161425936,3030
2026-02-26 06:01:25.215302,1.4958892161425936,1.497867583707594,1.4944161492128663,1.4944161492128663,1882
2026-02-26 06:06:25.215302,1.4944161492128663,1.4981625609085616,1.4929657355802977,1.4981625609085616,1107
2026-02-26 06:11:25.215302,1.4981625609085616,1.499324578831646,1.4970546087494394,1.497190733378895,4777
2026-02-26 06:16:25.215302,1.497190733378895,1.4977132689223196,1.4962455329990954,1.4969208010267736,3407
2026-02-26 06:21:25.215302,1.4969208010267736,1.499560822329163,1.494885260189181,1.4975335655800095,1969
2026-02-26 06:26:25.215302,1.4975335655800095,1.502359900316023,1.4970822526247725,1.502359900316023,1484
2026-02-26 06:31:25.215302,1.502359900316023,1.5040844765468695,1.493958213475251,1.493958213475251,2719
2026-02-26 06:36:25.215302,1.493958213475251,1.494999420118564,1.4922175065164909,1.4922175065164909,3518
2026-02-26 06:41:25.215302,1.4922175065164909,1.4930046047095038,1.4897652792018128,1.4920211295881973,4112
2026-02-26 06:46:25.215302,1.4920211295881973,1.4959147377106745,1.490717007366106,1.4959147377106745,2038
2026-02-26 06:51:25.215302,1.4959147377106745,1.4972092811102304,1.4950283656168961,1.496821523134799,3798
2026-02-26 06:56:25.215302,1.496821523134799,1.4970420744727888,1.4933274912356125,1.4933274912356125,1589
2026-02-26 07:01:25.215302,1.4933274912356125,1.4967223245824726,1.493173793825219,1.4967223245824726,2065
2026-02-26 07:06:25.215302,1.4967223245824726,1.5000204161596342,1.4966306844944348,1.5000204161596342,2219
2026-02-26 07:11:25.215302,1.5000204161596342,1.5017680206835655,1.4990469173399712,1.500130513779996,3459
2026-02-26 07:16:25.215302,1.500130513779996,1.500332705280646,1.4970833396243142,1.4970833396243142,2474
2026-02-26 07:21:25.215302,1.4970833396243142,1.4984731066027535,1.4955545237884007,1.4984418801214205,1645
2026-02-26 07:26:25.215302,1.4984418801214205,1.500285456944829,1.4961092685534088,1.5001999575666327,3751
2026-02-26 07:31:25.215302,1.5001999575666327,1.5024998008333619,1.499684286919291,1.5019146844350824,2188
2026-02-26 07:36:25.215302,1.5019146844350824,1.502543887364593,1.4992325207518056,1.4992325207518056,3239
2026-02-26 07:41:25.215302,1.4992325207518056,1.5023160105346725,1.498491288266943,1.5023160105346725,4129
2026-02-26 07:46:25.215302,1.5023160105346725,1.5060912531631232,1.5015195587102714,1.5060912531631232,3552
2026-02-26 07:51:25.215302,1.5060912531631232,1.5075356966731748,1.5045706908465803,1.5056201160895735,1620
2026-02-26 07:56:25.215302,1.5056201160895735,1.5057828614745898,1.5047381071168124,1.5047381071168124,2189
2026-02-26 08:01:25.215302,1.5047381071168124,1.5059883650871684,1.5034709025052784,1.5054279025440913,1173
2026-02-26 08:06:25.215302,1.5054279025440913,1.5055117052765865,1.5025595232863727,1.5025595232863727,1230
2026-02-26 08:11:25.215302,1.5025595232863727,1.5046931080730044,1.50061583905372,1.5027393289611553,2437
2026-02-26 08:16:25.215302,1.5027393289611553,1.5045729824179968,1.499946967435286,1.499946967435286,4192
2026-02-26 08:21:25.215302,1.499946967435286,1.503296470834142,1.499307889544077,1.503296470834142,1907
2026-02-26 08:26:25.215302,1.503296470834142,1.5056444565384237,1.5023837803420093,1.5056444565384237,2221
2026-02-26 08:31:25.215302,1.5056444565384237,1.5079659436257107,1.5053458437571896,1.5069004374911914,1574
2026-02-26 08:36:25.215302,1.5069004374911914,1.5096998692820711,1.5049777407916254,1.5049777407916254,1915
2026-02-26 08:41:25.215302,1.5049777407916254,1.5083524760249098,1.5029233548280985,1.5083524760249098,4373
2026-02-26 08:46:25.215302,1.5083524760249098,1.5102587589104801,1.5082789996895107,1.5089192181562325,2681
2026-02-26 08:51:25.215302,1.5089192181562325,1.5100365081068994,1.5043156658732901,1.5043156658732901,1471
2026-02-26 08:56:25.215302,1.5043156658732901,1.5078508185709851,1.5034121464166943,1.5078508185709851,2828
2026-02-26 09:01:25.215302,1.5078508185709851,1.5080013219284878,1.5044597614829338,1.5044597614829338,3495
2026-02-26 09:06:25.215302,1.5044597614829338,1.504772273468233,1.5036675966761226,1.5043945189733108,2987
2026-02-26 09:11:25.215302,1.5043945189733108,1.5054194106123373,1.50233618278689,1.50233618278689,3577
2026-02-26 09:16:25.215302,1.50233618278689,1.5042740826463303,1.5019377184572946,1.5033763806482707,1938
2026-02-26 09:21:25.215302,1.5033763806482707,1.5062295111410364,1.5032754694410728,1.5035733843896004,1396
2026-02-26 09:26:25.215302,1.5035733843896004,1.5048309436162126,1.5024739797910076,1.5048309436162126,3509
2026-02-26 09:31:25.215302,1.5048309436162126,1.5073613794214034,1.5039758547856676,1.5073613794214034,3246
2026-02-26 09:36:25.215302,1.5073613794214034,1.5121755164639437,1.5064108088675383,1.5121755164639437,4661
2026-02-26 09:41:25.215302,1.5121755164639437,1.512621108541706,1.5076250350136835,1.5076250350136835,2684
2026-02-26 09:46:25.215302,1.5076250350136835,1.5105023822272836,1.5048664484799519,1.5105023822272836,2432
2026-02-26 09:51:25.215302,1.5105023822272836,1.5111778524247839,1.509472891826946,1.5110226886405989,4782
2026-02-26 09:56:25.215302,1.5110226886405989,1.5121179224992878,1.5082906922321901,1.5114672107671656,4536
2026-02-26 10:01:25.215302,1.5114672107671656,1.5144244931266553,1.5114570334545936,1.5144244931266553,3759
2026-02-26 10:06:25.215302,1.5144244931266553,1.5155657439434085,1.513094546829516,1.513094546829516,4467
2026-02-26 10:11:25.215302,1.513094546829516,1.5160342990505693,1.5118306227925198,1.5160342990505693,1262
2026-02-26 10:16:25.215302,1.5160342990505693,1.5198950645815479,1.5137925493129634,1.5198950645815479,1408
2026-02-26 10:21:25.215302,1.5198950645815479,1.5223753910021018,1.5186328881552564,1.5186328881552564,2924
2026-02-26 10:26:25.215302,1.5186328881552564,1.5211777464403182,1.5173107546850784,1.518165847999359,4989
2026-02-26 10:31:25.215302,1.518165847999359,1.52311430426536,1.5142216169253733,1.5147353735444762,3377
2026-02-26 10:36:25.215302,1.5147353735444762,1.5150273800592318,1.5132032568359415,1.5142176539050671,4309
2026-02-26 10:41:25.215302,1.5142176539050671,1.5154922645262543,1.511902403793032,1.5136238282539904,4234
2026-02-26 10:46:25.215302,1.5136238282539904,1.5153609827668857,1.5124974422031425,1.5153609827668857,1093
2026-02-26 10:51:25.215302,1.5153609827668857,1.5192253833570133,1.5130564579694394,1.5192253833570133,4544
2026-02-26 10:56:25.215302,1.5192253833570133,1.5208545969145815,1.5157568351164137,1.5208545969145815,4212
2026-02-26 11:01:25.215302,1.5208545969145815,1.5230929476287423,1.5200451076851065,1.5200451076851065,4123
2026-02-26 11:06:25.215302,1.5200451076851065,1.5200462036374212,1.5184090121242977,1.518908699610146,2411
2026-02-26 11:11:25.215302,1.518908699610146,1.5206986764443031,1.5168039116344376,1.5206986764443031,2199
2026-02-26 11:16:25.215302,1.5206986764443031,1.5219267192750685,1.5184139785394892,1.5191800964984727,4955
2026-02-26 11:21:25.215302,1.5191800964984727,1.5224289553430277,1.5166809386073206,1.5224289553430277,3217
2026-02-26 11:26:25.215302,1.5224289553430277,1.525178696555037,1.518849264617864,1.525178696555037,2958
2026-02-26 11:31:25.215302,1.525178696555037,1.52744833335764,1.5251060057488142,1.5267364764370117,1946
2026-02-26 11:36:25.215302,1.5267364764370117,1.5280525966459184,1.5230936360567051,1.5230936360567051,1110
2026-02-26 11:41:25.215302,1.5230936360567051,1.5235516633308437,1.5206269489860884,1.5206269489860884,1537
2026-02-26 11:46:25.215302,1.5206269489860884,1.5208995276345192,1.5188954545521955,1.5188954545521955,3027
2026-02-26 11:51:25.215302,1.5188954545521955,1.5211280142427062,1.514194122038914,1.5211280142427062,3531
2026-02-26 11:56:25.215302,1.5211280142427062,1.5240980425916808,1.5190307034474588,1.519621432568538,3431
2026-02-26 12:01:25.215302,1.519621432568538,1.52021410401076,1.515663236437593,1.515663236437593,3140
2026-02-26 12:06:25.215302,1.515663236437593,1.5209441418591747,1.5144953081875188,1.5209441418591747,4185
2026-02-26 12:11:25.215302,1.5209441418591747,1.5263293545055514,1.520282191706919,1.5263293545055514,4750
2026-02-26 12:16:25.215302,1.5263293545055514,1.5273745342103617,1.5252342884535866,1.5272288297018444,3097
2026-02-26 12:21:25.215302,1.5272288297018444,1.527943253151819,1.525092509232139,1.5259207443696432,2790
2026-02-26 12:26:25.215302,1.5259207443696432,1.5261408163969898,1.5225514161278726,1.5260492108242654,1162
2026-02-26 12:31:25.215302,1.5260492108242654,1.5270825380888455,1.5211997630020344,1.5270825380888455,1320
2026-02-26 12:36:25.215302,1.5270825380888455,1.5287574954422722,1.524827324830795,1.524827324830795,4744
2026-02-26 12:41:25.215302,1.524827324830795,1.5326707515141413,1.524698567393838,1.5326707515141413,4167
2026-02-26 12:46:25.215302,1.5326707515141413,1.534436403193481,1.5299730712619588,1.532156434657227,1630
2026-02-26 12:51:25.215302,1.532156434657227,1.5354287042996884,1.527266163912323,1.527266163912323,3596
2026-02-26 12:56:25.215302,1.527266163912323,1.5287036405464651,1.5255176745177526,1.5255176745177526,2788
2026-02-26 13:01:25.215302,1.5255176745177526,1.5258173577592853,1.5229182189405495,1.5244701424871863,4444
2026-02-26 13:06:25.215302,1.5244701424871863,1.5300622465826894,1.5215139082884994,1.5300622465826894,4645
2026-02-26 13:11:25.215302,1.5300622465826894,1.5313705751494653,1.5293900657946253,1.5313705751494653,4235
2026-02-26 13:16:25.215302,1.5313705751494653,1.5363499760283075,1.5310559187816866,1.5363499760283075,1643
2026-02-26 13:21:25.215302,1.5363499760283075,1.53663955456193,1.533558708236713,1.5364558005123763,3363
2026-02-26 13:26:25.215302,1.5364558005123763,1.5380171474014583,1.5324032504252834,1.5380171474014583,3749
2026-02-26 13:31:25.215302,1.5380171474014583,1.5397190428023213,1.5376383608870787,1.5397190428023213,4021
2026-02-26 13:36:25.215302,1.5397190428023213,1.5432528561366818,1.5363740402616086,1.5432528561366818,1774
2026-02-26 13:41:25.215302,1.5432528561366818,1.5441908581937622,1.5429272769296716,1.5441908581937622,4677
2026-02-26 13:46:25.215302,1.5441908581937622,1.548194539549597,1.542730207074517,1.548194539549597,3855
2026-02-26 13:51:25.215302,1.548194539549597,1.5504737214037851,1.5468462944716195,1.5504737214037851,1947
2026-02-26 13:56:25.215302,1.5504737214037851,1.551690418627366,1.5485004913797933,1.5485004913797933,2265
2026-02-26 14:01:25.215302,1.5485004913797933,1.5495130125418566,1.5477684091781474,1.5492755938968577,3335
2026-02-26 14:06:25.215302,1.5492755938968577,1.549731848967482,1.5468727665876425,1.5490286317144026,2682
2026-02-26 14:11:25.215302,1.5490286317144026,1.5499190926201087,1.5489165033974748,1.5499190926201087,2046
2026-02-26 14:16:25.215302,1.5499190926201087,1.5520323420999598,1.5474025184758367,1.5474025184758367,1089
2026-02-26 14:21:25.215302,1.5474025184758367,1.5483593109492189,1.544622433551676,1.5451038274688025,4393
2026-02-26 14:26:25.215302,1.5451038274688025,1.5485653424651291,1.5442759593909587,1.5446623159507133,1709
2026-02-26 14:31:25.215302,1.5446623159507133,1.5466092115813381,1.5438863298385974,1.5458918804059196,3532
2026-02-26 14:36:25.215302,1.5458918804059196,1.5486429819456662,1.5433212754319927,1.5480557197092364,1214
2026-02-26 14:41:25.215302,1.5480557197092364,1.5489358392767705,1.5476309898676879,1.5487492956202016,4258
2026-02-26 14:46:25.215302,1.5487492956202016,1.5549902235948325,1.5463554956615875,1.5549902235948325,3140
2026-02-26 14:51:25.215302,1.5549902235948325,1.5580363961463375,1.5521503955412514,1.5580363961463375,3438
2026-02-26 14:56:25.215302,1.5580363961463375,1.5595312220273407,1.5568049793328775,1.5595312220273407,2431
2026-02-26 15:01:25.215302,1.5595312220273407,1.5602526276690556,1.5567460459055007,1.5567460459055007,2608
2026-02-26 15:06:25.215302,1.5567460459055007,1.5573651945423528,1.5524909842436683,1.5524909842436683,1758
2026-02-26 15:11:25.215302,1.5524909842436683,1.5534743929999435,1.55055455160711,1.5534743929999435,1357
2026-02-26 15:16:25.215302,1.5534743929999435,1.5538268886556121,1.55198292255615,1.5526319724296551,2602
2026-02-26 15:21:25.215302,1.5526319724296551,1.555544086053144,1.5512615401338519,1.5551476495159333,1864
2026-02-26 15:26:25.215302,1.5551476495159333,1.5584586108145018,1.5538309605021727,1.555710476243179,2301
2026-02-26 15:31:25.215302,1.555710476243179,1.55761749290726,1.55225673152158,1.5552460107964474,3831
2026-02-26 15:36:25.215302,1.5552460107964474,1.5566691040293588,1.5513010006689416,1.5513010006689416,3098
2026-02-26 15:41:25.215302,1.5513010006689416,1.5523720321177916,1.550321687821326,1.5523720321177916,1913
2026-02-26 15:46:25.215302,1.5523720321177916,1.5547817925115606,1.551477664043797,1.5547817925115606,4234
2026-02-26 15:51:25.215302,1.5547817925115606,1.561211746623836,1.5541176599920283,1.561211746623836,1039
2026-02-26 15:56:25.215302,1.561211746623836,1.5636934687878659,1.5609443078890979,1.5636934687878659,1475
2026-02-26 16:01:25.215302,1.5636934687878659,1.565811186002461,1.5626236532540763,1.565811186002461,1579
2026-02-26 16:06:25.215302,1.565811186002461,1.56652751057298,1.562544137197434,1.5651757288254307,2944
2026-02-26 16:11:25.215302,1.5651757288254307,1.56544605265913,1.5644577842473446,1.5644577842473446,4812
2026-02-26 16:16:25.215302,1.5644577842473446,1.5678993558739962,1.5628094468079237,1.5678993558739962,4838
2026-02-26 16:21:25.215302,1.5678993558739962,1.5695031015440664,1.5656998801151811,1.5673872337888848,1548
2026-02-26 16:26:25.215302,1.5673872337888848,1.567780985015486,1.5659917789658944,1.5669767697428238,1726
2026-02-26 16:31:25.215302,1.5669767697428238,1.570426481069634,1.5668720874527942,1.5699526526230325,3421
2026-02-26 16:36:25.215302,1.5699526526230325,1.5717234734799008,1.566655617253472,1.5717234734799008,2167
2026-02-26 16:41:25.215302,1.5717234734799008,1.5733867785464757,1.5713079278091246,1.5733867785464757,4527
2026-02-26 16:46:25.215302,1.5733867785464757,1.5735029769798876,1.5720941567523712,1.5731880077385518,1353
2026-02-26 16:51:25.215302,1.5731880077385518,1.573994890726247,1.568603816792029,1.568603816792029,4567
2026-02-26 16:56:25.215302,1.568603816792029,1.5702938279532554,1.565507873235837,1.565507873235837,1016
2026-02-26 17:01:25.215302,1.565507873235837,1.5663536179784958,1.5649980273222823,1.5649980273222823,1665
2026-02-26 17:06:25.215302,1.5649980273222823,1.5676677239333463,1.5639769240683217,1.5653250227763293,1530
2026-02-26 17:11:25.215302,1.5653250227763293,1.5658688190171384,1.5649259602225065,1.5658688190171384,2931
2026-02-26 17:16:25.215302,1.5658688190171384,1.5688297194667697,1.5649922887691208,1.5688297194667697,4612
2026-02-26 17:21:25.215302,1.5688297194667697,1.5710280712700009,1.5657466537475757,1.5657466537475757,4440
2026-02-26 17:26:25.215302,1.5657466537475757,1.567140395726107,1.5655916358495745,1.566228488039542,1945
2026-02-26 17:31:25.215302,1.566228488039542,1.5670228477526649,1.5652230729051488,1.565412300643176,2959
2026-02-26 17:36:25.215302,1.565412300643176,1.5658286065854572,1.5618350684882525,1.5618350684882525,1182
2026-02-26 17:41:25.215302,1.5618350684882525,1.5645674246500454,1.5576228206035012,1.5576228206035012,4711
2026-02-26 17:46:25.215302,1.5576228206035012,1.5598986371345114,1.55468286877384,1.55468286877384,1281
2026-02-26 17:51:25.215302,1.55468286877384,1.5571666029068438,1.5533572785331418,1.5571666029068438,2049
2026-02-26 17:56:25.215302,1.5571666029068438,1.5605996800286988,1.5562338097330801,1.5577479313181903,1895
2026-02-26 18:01:25.215302,1.5577479313181903,1.5583185894017113,1.5572210846811207,1.5572774911601732,1179
2026-02-26 18:06:25.215302,1.5572774911601732,1.5659505072883737,1.5559403541967087,1.5659505072883737,4577
2026-02-26 18:11:25.215302,1.5659505072883737,1.567151523893214,1.562519626670887,1.5665016780440313,3726
2026-02-26 18:16:25.215302,1.5665016780440313,1.5674145509406219,1.566156075698229,1.5674145509406219,3504
2026-02-26 18:21:25.215302,1.5674145509406219,1.5705131097315401,1.5672832371994392,1.569970217311515,1842
2026-02-26 18:26:25.215302,1.569970217311515,1.5770616038405727,1.5684390034946598,1.5770616038405727,3428
2026-02-26 18:31:25.215302,1.5770616038405727,1.5779658641854433,1.5762024196282765,1.5768829555019148,3994
2026-02-26 18:36:25.215302,1.5768829555019148,1.578079944741171,1.5745704867231185,1.575749512446525,2074
2026-02-26 18:41:25.215302,1.575749512446525,1.5759544992533356,1.57273580394605,1.5753927847535891,1718
2026-02-26 18:46:25.215302,1.5753927847535891,1.576046087227542,1.5704583881258416,1.5704583881258416,2251
2026-02-26 18:51:25.215302,1.5704583881258416,1.5750340570389845,1.567755069539798,1.567755069539798,3135
2026-02-26 18:56:25.215302,1.567755069539798,1.5683810391191009,1.5624825613620923,1.5626806392374808,3423
2026-02-26 19:01:25.215302,1.5626806392374808,1.5636352585506297,1.5611115091436072,1.5636352585506297,4485
2026-02-26 19:06:25.215302,1.5636352585506297,1.5654107646636426,1.5619128762828596,1.563689503417033,3490
2026-02-26 19:11:25.215302,1.563689503417033,1.5643842855227048,1.56095232856344,1.56095232856344,4808
2026-02-26 19:16:25.215302,1.56095232856344,1.5663533867373611,1.5604509818823649,1.5663533867373611,4962
2026-02-26 19:21:25.215302,1.5663533867373611,1.5670338672079345,1.5658088899367093,1.5670338672079345,4793
2026-02-26 19:26:25.215302,1.5670338672079345,1.5679169535683617,1.5640485814052365,1.5655754966638806,1403
2026-02-26 19:31:25.215302,1.5655754966638806,1.5667670129856568,1.5620170492159318,1.5620170492159318,3959
2026-02-26 19:36:25.215302,1.5620170492159318,1.5635463313881932,1.5613660861407601,1.5628925858550886,3045
2026-02-26 19:41:25.215302,1.5628925858550886,1.5668718422680494,1.5600490589684626,1.5668718422680494,4704
2026-02-26 19:46:25.215302,1.5668718422680494,1.5704564018368896,1.5640515227514917,1.5704564018368896,2058
2026-02-26 19:51:25.215302,1.5704564018368896,1.572267604577679,1.5690379927620006,1.5690379927620006,1130
2026-02-26 19:56:25.215302,1.5690379927620006,1.5705600911863613,1.5642040012112972,1.5642040012112972,4496
2026-02-26 20:01:25.215302,1.5642040012112972,1.5655010164779355,1.5579527866491323,1.5579527866491323,3110
2026-02-26 20:06:25.215302,1.5579527866491323,1.558505358770872,1.554708433750793,1.554708433750793,2315
2026-02-26 20:11:25.215302,1.554708433750793,1.557061982803968,1.5533211693417457,1.5536471219853962,1998
2026-02-26 20:16:25.215302,1.5536471219853962,1.554266901228015,1.5519594164873376,1.5532183110683997,3272
2026-02-26 20:21:25.215302,1.5532183110683997,1.55554952380575,1.5520456584537716,1.5530265121182938,3470
2026-02-26 20:26:25.215302,1.5530265121182938,1.5556700655162623,1.5497711481196579,1.5497711481196579,3637
2026-02-26 20:31:25.215302,1.5497711481196579,1.5512345261642597,1.5476331953358895,1.5476331953358895,1478
2026-02-26 20:36:25.215302,1.5476331953358895,1.5492474296725378,1.5474105105594884,1.5492474296725378,4389
2026-02-26 20:41:25.215302,1.5492474296725378,1.551750406115345,1.547810687780659,1.551750406115345,4622
2026-02-26 20:46:25.215302,1.551750406115345,1.5536153091364533,1.5503947880361824,1.5536153091364533,2539
2026-02-26 20:51:25.215302,1.5536153091364533,1.5548643029165603,1.5529208231780274,1.5529208231780274,3059
2026-02-26 20:56:25.215302,1.5529208231780274,1.5533420883599414,1.548317298948387,1.550352236926857,2710
2026-02-26 21:01:25.215302,1.550352236926857,1.5507745281751955,1.547113853016033,1.547113853016033,4243
2026-02-26 21:06:25.215302,1.547113853016033,1.5500662612030043,1.5453698885050207,1.5453698885050207,4568
2026-02-26 21:11:25.215302,1.5453698885050207,1.5473106595485808,1.5451319510338304,1.545360290312454,3825
2026-02-26 21:16:25.215302,1.545360290312454,1.5483686543511403,1.5438734193588701,1.5483686543511403,4918
2026-02-26 21:21:25.215302,1.5483686543511403,1.5499816924032652,1.5453169925289771,1.5453169925289771,4218
2026-02-26 21:26:25.215302,1.5453169925289771,1.5481777239384393,1.5437218348266266,1.5481777239384393,3470
2026-02-26 21:31:25.215302,1.5481777239384393,1.549395241590852,1.5480379330683622,1.549395241590852,1754
2026-02-26 21:36:25.215302,1.549395241590852,1.5529103763292467,1.5488048926616482,1.5529103763292467,4870
2026-02-26 21:41:25.215302,1.5529103763292467,1.5546014946553146,1.5490376454680945,1.5490376454680945,1585
2026-02-26 21:46:25.215302,1.5490376454680945,1.552148493665853,1.5487149600674774,1.552148493665853,4125
2026-02-26 21:51:25.215302,1.552148493665853,1.5535272887103673,1.5515507339186103,1.5535272887103673,1228
2026-02-26 21:56:25.215302,1.5535272887103673,1.5558714204601245,1.5531338425676067,1.5558714204601245,3639
2026-02-26 22:01:25.215302,1.5558714204601245,1.5568030973422353,1.5513687990369174,1.5513687990369174,3276
2026-02-26 22:06:25.215302,1.5513687990369174,1.5535961773852363,1.5492845707865617,1.5507067390496814,1766
2026-02-26 22:11:25.215302,1.5507067390496814,1.552363433455256,1.5502257945700522,1.5515150206839357,4425
2026-02-26 22:16:25.215302,1.5515150206839357,1.5527529970604836,1.5500356667929036,1.5521820598413745,3349
2026-02-26 22:21:25.215302,1.5521820598413745,1.5534413494871353,1.5521164742483873,1.5534413494871353,4634
2026-02-26 22:26:25.215302,1.5534413494871353,1.5558742738015243,1.5530511217185106,1.5558742738015243,4704
2026-02-26 22:31:25.215302,1.5558742738015243,1.5570615317120966,1.5540916723150948,1.5540916723150948,2928
2026-02-26 22:36:25.215302,1.5540916723150948,1.5541087859249083,1.5501448039056105,1.5501448039056105,2572
2026-02-26 22:41:25.215302,1.5501448039056105,1.552583098511133,1.549410854279088,1.549410854279088,2628
2026-02-26 22:46:25.215302,1.549410854279088,1.5502966995231788,1.546739310238601,1.546739310238601,4895
2026-02-26 22:51:25.215302,1.546739310238601,1.5494796882018889,1.5442556677246415,1.5494796882018889,2929
2026-02-26 22:56:25.215302,1.5494796882018889,1.5524949129902732,1.5485641042836147,1.5524949129902732,2476
2026-02-26 23:01:25.215302,1.5524949129902732,1.5556841364336864,1.5510497611745713,1.5556841364336864,2099
2026-02-26 23:06:25.215302,1.5556841364336864,1.5595799730173936,1.5525877618986164,1.5585206869085726,4720
2026-02-26 23:11:25.215302,1.5585206869085726,1.561407966072471,1.557958790826369,1.561407966072471,1118
2026-02-26 23:16:25.215302,1.561407966072471,1.5617042489422606,1.5579155462238825,1.5579155462238825,1719
2026-02-26 23:21:25.215302,1.5579155462238825,1.5606758067451505,1.5554128872054216,1.5560445961010134,4345
2026-02-26 23:26:25.215302,1.5560445961010134,1.5564116476869865,1.5552350317301362,1.5556099688306073,2669
2026-02-26 23:31:25.215302,1.5556099688306073,1.5565426450294284,1.5519044528693107,1.5519044528693107,3996
2026-02-26 23:36:25.215302,1.5519044528693107,1.5521227798629027,1.5493646819613465,1.5493646819613465,4070
2026-02-26 23:41:25.215302,1.5493646819613465,1.551409299090718,1.5477930110680194,1.5477930110680194,2830
2026-02-26 23:46:25.215302,1.5477930110680194,1.5490720530654989,1.5448521042963452,1.5448521042963452,1050
2026-02-26 23:51:25.215302,1.5448521042963452,1.5457280439227161,1.5410498632384846,1.5440388010627322,4215
2026-02-26 23:56:25.215302,1.5440388010627322,1.5460871714353688,1.537005295649953,1.537005295649953,3741
2026-02-27 00:01:25.215302,1.537005295649953,1.5381105560447357,1.5324212857518067,1.5324212857518067,1535
2026-02-27 00:06:25.215302,1.5324212857518067,1.536624533013815,1.5316718319806852,1.536624533013815,3150
2026-02-27 00:11:25.215302,1.536624533013815,1.537922849769856,1.535598595887114,1.5375266665298373,4356
2026-02-27 00:16:25.215302,1.5375266665298373,1.5400703700356622,1.5352379420482154,1.5400703700356622,3782
2026-02-27 00:21:25.215302,1.5400703700356622,1.5431869081240548,1.5372678707112668,1.5431869081240548,2654
2026-02-27 00:26:25.215302,1.5431869081240548,1.5450451319848455,1.5413672028497583,1.5413672028497583,2319
2026-02-27 00:31:25.215302,1.5413672028497583,1.5431587493168297,1.538218152824458,1.538218152824458,1053
2026-02-27 00:36:25.215302,1.538218152824458,1.5408336637301068,1.5376758850795422,1.5408336637301068,3044
2026-02-27 00:41:25.215302,1.5408336637301068,1.5414238112805834,1.534893197597756,1.534893197597756,1673
2026-02-27 00:46:25.215302,1.534893197597756,1.5374135772625859,1.5306363720919434,1.5306363720919434,1081
2026-02-27 00:51:25.215302,1.5306363720919434,1.5336866804427947,1.5277140154372162,1.5336866804427947,4943
2026-02-27 00:56:25.215302,1.5336866804427947,1.535619268979828,1.5283155858458157,1.5283155858458157,4612
2026-02-27 01:01:25.215302,1.5283155858458157,1.5313002797594688,1.526880393120331,1.5313002797594688,3807
2026-02-27 01:06:25.215302,1.5313002797594688,1.5323729809793154,1.5281998422851286,1.5281998422851286,1479
2026-02-27 01:11:25.215302,1.5281998422851286,1.5305991248202584,1.5265003502565875,1.5265003502565875,2748
2026-02-27 01:16:25.215302,1.5265003502565875,1.5278222407922293,1.5193049097820932,1.5193049097820932,4320
2026-02-27 01:21:25.215302,1.5193049097820932,1.520944900750366,1.5173215937185414,1.520688685296125,4548
2026-02-27 01:26:25.215302,1.520688685296125,1.5209262521862292,1.5177586606041467,1.5177586606041467,1610
2026-02-27 01:31:25.215302,1.5177586606041467,1.5207242578500433,1.5132804462311409,1.5132804462311409,1475
2026-02-27 01:36:25.215302,1.5132804462311409,1.514308613227,1.512775864176052,1.5136508283593546,2320
2026-02-27 01:41:25.215302,1.5136508283593546,1.5146646920465265,1.5094265842096035,1.5094265842096035,2399
2026-02-27 01:46:25.215302,1.5094265842096035,1.5107717229168118,1.50740181906899,1.5102369641981397,2456
2026-02-27 01:51:25.215302,1.5102369641981397,1.5133095953798248,1.510150606699801,1.5133095953798248,2821
2026-02-27 01:56:25.215302,1.5133095953798248,1.514560518506006,1.5104813351283342,1.512703717609626,3462
2026-02-27 02:01:25.215302,1.512703717609626,1.5137999588786726,1.5049864768858559,1.5049864768858559,3942
2026-02-27 02:06:25.215302,1.5049864768858559,1.507041005261212,1.5026716698301075,1.5026716698301075,2135
2026-02-27 02:11:25.215302,1.5026716698301075,1.5035913755056538,1.4995253071727144,1.501939852052693,1050
2026-02-27 02:16:25.215302,1.501939852052693,1.5036047963158843,1.4999550039864287,1.5001266172490675,4441
2026-02-27 02:21:25.215302,1.5001266172490675,1.5017541862883863,1.494909879322737,1.494909879322737,3403
2026-02-27 02:26:25.215302,1.494909879322737,1.4958225847280358,1.4917890574176482,1.4917890574176482,2803
2026-02-27 02:31:25.215302,1.4917890574176482,1.4925114000218036,1.4861726927469663,1.4861726927469663,1227
2026-02-27 02:36:25.215302,1.4861726927469663,1.4888713747974665,1.4841323791185368,1.4841323791185368,4433
2026-02-27 02:41:25.215302,1.4841323791185368,1.4854337669903719,1.4823813333816962,1.4827486059989097,3861
2026-02-27 02:46:25.215302,1.4827486059989097,1.4834140990011295,1.4809540981397398,1.4834140990011295,1457
2026-02-27 02:51:25.215302,1.4834140990011295,1.4840711014550745,1.4833770239566566,1.4840711014550745,2481
2026-02-27 02:56:25.215302,1.4840711014550745,1.4855140189159293,1.483323939136731,1.4846269223160522,4381
2026-02-27 03:01:25.215302,1.4846269223160522,1.4879343762089734,1.4807158397062432,1.4879343762089734,1359
2026-02-27 03:06:25.215302,1.4879343762089734,1.4899396764609623,1.4850706886919902,1.4896940779864805,1299
2026-02-27 03:11:25.215302,1.4896940779864805,1.4910531135847085,1.4876380488449625,1.4889987523960446,1920
2026-02-27 03:16:25.215302,1.4889987523960446,1.4916894432362766,1.4887430173171876,1.4910907613657138,3236
2026-02-27 03:21:25.215302,1.4910907613657138,1.4924280796393476,1.4909106674229418,1.4914780038870434,4980
2026-02-27 03:26:25.215302,1.4914780038870434,1.494007955600941,1.4892240284687457,1.4892240284687457,3369
2026-02-27 03:31:25.215302,1.4892240284687457,1.4922964382064012,1.488583593358994,1.4922964382064012,4622
2026-02-27 03:36:25.215302,1.4922964382064012,1.4940889887412199,1.4918662781156842,1.4940889887412199,3570
2026-02-27 03:41:25.215302,1.4940889887412199,1.495312638718909,1.4920925582681572,1.4938737283317574,2761
2026-02-27 03:46:25.215302,1.4938737283317574,1.4939977412510126,1.4891611870458732,1.4891611870458732,1003
2026-02-27 03:51:25.215302,1.4891611870458732,1.491256763659815,1.4868769093438416,1.4909021005072485,4116
2026-02-27 03:56:25.215302,1.4909021005072485,1.4946538611569893,1.4901993012742958,1.4946538611569893,4607
2026-02-27 04:01:25.215302,1.4946538611569893,1.4972371172317878,1.4938299591342823,1.4943568847317612,2773
2026-02-27 04:06:25.215302,1.4943568847317612,1.4950627886558954,1.4900204488520012,1.4900204488520012,3167
2026-02-27 04:11:25.215302,1.4900204488520012,1.4903166139429116,1.4832194992298473,1.4832194992298473,1124
2026-02-27 04:16:25.215302,1.4832194992298473,1.485903470186364,1.4809059327572047,1.485903470186364,1403
2026-02-27 04:21:25.215302,1.485903470186364,1.4876786142188332,1.4846013181017768,1.4846013181017768,3978
2026-02-27 04:26:25.215302,1.4846013181017768,1.4870494920268869,1.4840155371403712,1.4850349138339853,3725
2026-02-27 04:31:25.215302,1.4850349138339853,1.4892032620114617,1.4849093820374129,1.4892032620114617,3878
2026-02-27 04:36:25.215302,1.4892032620114617,1.491317394809762,1.485146532241335,1.485146532241335,4373
2026-02-27 04:41:25.215302,1.485146532241335,1.4900991848249314,1.48358798833532,1.4900991848249314,2369
2026-02-27 04:46:25.215302,1.4900991848249314,1.4901074453801664,1.4848845935862462,1.4848845935862462,2715
2026-02-27 04:51:25.215302,1.4848845935862462,1.4863325402718024,1.4782343002368543,1.4782343002368543,3454
2026-02-27 04:56:25.215302,1.4782343002368543,1.4804290810454335,1.4780840324580196,1.4804290810454335,3921
2026-02-27 05:01:25.215302,1.4804290810454335,1.4805271651083762,1.4791770240662074,1.480022295325098,2935
2026-02-27 05:06:25.215302,1.480022295325098,1.4801928227859598,1.4794844327972292,1.4801239479895096,3023
2026-02-27 05:11:25.215302,1.4801239479895096,1.483102271682313,1.4773328309673126,1.483102271682313,2327
2026-02-27 05:16:25.215302,1.483102271682313,1.485379857068739,1.4829094245439793,1.485379857068739,3685
2026-02-27 05:21:25.215302,1.485379857068739,1.4853937486121152,1.4838234087714581,1.4839331262332267,3352
2026-02-27 05:26:25.215302,1.4839331262332267,1.4859709762309852,1.4833723130500642,1.4859709762309852,3633
2026-02-27 05:31:25.215302,1.4859709762309852,1.4888271979040744,1.4848869986496813,1.4888271979040744,1380
2026-02-27 05:36:25.215302,1.4888271979040744,1.4918228914094873,1.4881770903648328,1.4918228914094873,3363
2026-02-27 05:41:25.215302,1.4918228914094873,1.4984961265723362,1.4897384559079974,1.4984961265723362,1202
2026-02-27 05:46:25.215302,1.4984961265723362,1.5022221836703515,1.4950950371681302,1.4950950371681302,4559
2026-02-27 05:51:25.215302,1.4950950371681302,1.4960947742764827,1.494008493065489,1.494008493065489,2737
2026-02-27 05:56:25.215302,1.494008493065489,1.4960227265663693,1.4918407101274647,1.4918407101274647,2063
2026-02-27 06:01:25.215302,1.4918407101274647,1.498469938098097,1.489606683757552,1.498469938098097,3068
2026-02-27 06:06:25.215302,1.498469938098097,1.4985858845359845,1.4902395584170318,1.4902395584170318,3448
2026-02-27 06:11:25.215302,1.4902395584170318,1.4950471076670089,1.4896075949479874,1.4950471076670089,4439
2026-02-27 06:16:25.215302,1.4950471076670089,1.4971873761964285,1.494827987060575,1.4971873761964285,3162
2026-02-27 06:21:25.215302,1.4971873761964285,1.4999977397490707,1.4954009808162199,1.4999977397490707,1193
2026-02-27 06:26:25.215302,1.4999977397490707,1.5018026769351889,1.4971833705555233,1.4971833705555233,1874
2026-02-27 06:31:25.215302,1.4971833705555233,1.4994594118299005,1.4963635991082096,1.4980431894931132,1862
2026-02-27 06:36:25.215302,1.4980431894931132,1.4994368985159405,1.4979661687744605,1.4979661687744605,1944
2026-02-27 06:41:25.215302,1.4979661687744605,1.501450744482113,1.4972242843011165,1.501450744482113,4284
2026-02-27 06:46:25.215302,1.501450744482113,1.5027800410146908,1.5005274181180017,1.500995353132484,4265
2026-02-27 06:51:25.215302,1.500995353132484,1.504329850839428,1.499466158389873,1.504329850839428,3611
2026-02-27 06:56:25.215302,1.504329850839428,1.5060665510997227,1.5041012446603939,1.5041012446603939,1262
2026-02-27 07:01:25.215302,1.5041012446603939,1.5054877021574364,1.5028374179753268,1.5042096538579788,2982
2026-02-27 07:06:25.215302,1.5042096538579788,1.5069716146671917,1.5015690547957552,1.5069716146671917,1158
2026-02-27 07:11:25.215302,1.5069716146671917,1.5083088687803772,1.5069665201092823,1.5083088687803772,2323
2026-02-27 07:16:25.215302,1.5083088687803772,1.5110128188112955,1.5080246821076304,1.5092220961628184,1406
2026-02-27 07:21:25.215302,1.5092220961628184,1.510228028961614,1.5072321020395862,1.5072321020395862,2030
2026-02-27 07:26:25.215302,1.5072321020395862,1.5101973682406382,1.5058782833641826,1.5101973682406382,1992
2026-02-27 07:31:25.215302,1.5101973682406382,1.5129647062619553,1.5052376171540822,1.5052376171540822,3315
2026-02-27 07:36:25.215302,1.5052376171540822,1.5086614653637944,1.5044234707794033,1.5046383829611978,2135
2026-02-27 07:41:25.215302,1.5046383829611978,1.5066261541795403,1.5044378844818291,1.5066261541795403,4850
2026-02-27 07:46:25.215302,1.5066261541795403,1.5092329712630608,1.505808437720686,1.5069547282339346,2368
2026-02-27 07:51:25.215302,1.5069547282339346,1.5105445432826028,1.5066963230201023,1.5105445432826028,4037
2026-02-27 07:56:25.215302,1.5105445432826028,1.5161660211975392,1.5085943513584494,1.5161660211975392,3173
2026-02-27 08:01:25.215302,1.5161660211975392,1.5190965788659345,1.5147620572633573,1.5165910378045415,1518
2026-02-27 08:06:25.215302,1.5165910378045415,1.5187749499072356,1.5140310264584296,1.517469545948444,4603
2026-02-27 08:11:25.215302,1.517469545948444,1.5203587874331894,1.5162797674294541,1.5162797674294541,3308
2026-02-27 08:16:25.215302,1.5162797674294541,1.5181988298413471,1.511562710562418,1.511562710562418,4175
2026-02-27 08:21:25.215302,1.511562710562418,1.5126315991676789,1.5098635264583642,1.5098635264583642,2668
2026-02-27 08:26:25.215302,1.5098635264583642,1.5159046681538697,1.5093034039749005,1.5159046681538697,4528
2026-02-27 08:31:25.215302,1.5159046681538697,1.517936088675344,1.5158025825180834,1.517936088675344,4771
2026-02-27 08:36:25.215302,1.517936088675344,1.5203224940012816,1.515028922645565,1.518704604168427,1542
2026-02-27 08:41:25.215302,1.518704604168427,1.5213332087490625,1.51834583545667,1.519898981516086,2848
2026-02-27 08:46:25.215302,1.519898981516086,1.5201316601219497,1.5170661371592715,1.517467644828248,3470
2026-02-27 08:51:25.215302,1.517467644828248,1.5192383586421585,1.514462303608312,1.514462303608312,1645
2026-02-27 08:56:25.215302,1.514462303608312,1.520310618348869,1.5122801425551122,1.520310618348869,1000
2026-02-27 09:01:25.215302,1.520310618348869,1.5224623667249562,1.5179493689217856,1.5220714532169115,2133
2026-02-27 09:06:25.215302,1.5220714532169115,1.5258656200600818,1.521036692292094,1.5258656200600818,1859
2026-02-27 09:11:25.215302,1.5258656200600818,1.5286483233443056,1.5240722472961152,1.5286483233443056,1170
2026-02-27 09:16:25.215302,1.5286483233443056,1.532394941354755,1.525034172859233,1.532394941354755,1957
2026-02-27 09:21:25.215302,1.532394941354755,1.538994724608674,1.5320586984443687,1.538994724608674,1758
2026-02-27 09:26:25.215302,1.538994724608674,1.5415025654145278,1.5374624640420333,1.5415025654145278,3884
2026-02-27 09:31:25.215302,1.5415025654145278,1.5445138054014236,1.5398494729803125,1.5445138054014236,2815
2026-02-27 09:36:25.215302,1.5445138054014236,1.545830514899491,1.5443625014509406,1.5455230869713572,3736
2026-02-27 09:41:25.215302,1.5455230869713572,1.5480816236049544,1.544796964684939,1.546780730666519,4831
2026-02-27 09:46:25.215302,1.546780730666519,1.5473763903820195,1.5451167009923912,1.5460219018824857,3556
2026-02-27 09:51:25.215302,1.5460219018824857,1.5490878618267794,1.5451951519482934,1.5490878618267794,1789
2026-02-27 09:56:25.215302,1.5490878618267794,1.5494343464791733,1.546240309396335,1.5475836464461474,4735
2026-02-27 10:01:25.215302,1.5475836464461474,1.5483113323320017,1.5378430402409087,1.5378430402409087,2577
2026-02-27 10:06:25.215302,1.5378430402409087,1.5382177377076685,1.5367202167306797,1.5367202167306797,4290
2026-02-27 10:11:25.215302,1.5367202167306797,1.5386379586645258,1.535080001466312,1.5384092995897358,2393
2026-02-27 10:16:25.215302,1.5384092995897358,1.5397126075003364,1.5382397979244153,1.5397126075003364,4373
2026-02-27 10:21:25.215302,1.5397126075003364,1.540182556950087,1.5372457742561543,1.5372457742561543,1614
2026-02-27 10:26:25.215302,1.5372457742561543,1.537842172441882,1.5351578632369598,1.5365217739965937,4104
2026-02-27 10:31:25.215302,1.5365217739965937,1.5389762017481474,1.5364897602345478,1.537052142475044,3687
2026-02-27 10:36:25.215302,1.537052142475044,1.5380305834624897,1.5362639709464958,1.5380305834624897,4138
2026-02-27 10:41:25.215302,1.5380305834624897,1.5385089542975754,1.5359981257609663,1.5359981257609663,4295
2026-02-27 10:46:25.215302,1.5359981257609663,1.5367924236883583,1.5344554774623154,1.5365194988270343,3566
2026-02-27 10:51:25.215302,1.5365194988270343,1.539817297232422,1.5355650488695614,1.539817297232422,3214
2026-02-27 10:56:25.215302,1.539817297232422,1.5403710855882031,1.5376695508201674,1.5397108254031502,4879
2026-02-27 11:01:25.215302,1.5397108254031502,1.5405817990864663,1.5379542615032182,1.538643423109635,1794
2026-02-27 11:06:25.215302,1.538643423109635,1.5406790201983216,1.5345826879365165,1.5345826879365165,4441
2026-02-27 11:11:25.215302,1.5345826879365165,1.5369296559358192,1.5331614867129035,1.5369296559358192,3890
2026-02-27 11:16:25.215302,1.5369296559358192,1.5402801042966112,1.533523792712208,1.533523792712208,1750
2026-02-27 11:21:25.215302,1.533523792712208,1.5348493285374303,1.532401486791864,1.532401486791864,2195
2026-02-27 11:26:25.215302,1.532401486791864,1.532620657166647,1.5315135803775535,1.5320944606938744,3524
2026-02-27 11:31:25.215302,1.5320944606938744,1.5370621335078707,1.5307238739566298,1.5370621335078707,2735
2026-02-27 11:36:25.215302,1.5370621335078707,1.5400340280492353,1.5347586372671749,1.5347586372671749,3914
2026-02-27 11:41:25.215302,1.5347586372671749,1.5398652505906185,1.5318281326443535,1.5347209054541864,1245
2026-02-27 11:46:25.215302,1.5347209054541864,1.535145745247639,1.5321604381308669,1.5321604381308669,4711
2026-02-27 11:51:25.215302,1.5321604381308669,1.5326781437251649,1.530728819180771,1.530728819180771,2149
2026-02-27 11:56:25.215302,1.530728819180771,1.5321142715333427,1.527140192428185,1.527140192428185,3346
2026-02-27 12:01:25.215302,1.527140192428185,1.5294840106052567,1.5215275679180265,1.5215275679180265,1895
2026-02-27 12:06:25.215302,1.5215275679180265,1.5237667480725963,1.5212979068295258,1.5218496328969033,2840
2026-02-27 12:11:25.215302,1.5218496328969033,1.5232402717951465,1.5136356550359669,1.5136356550359669,1390
2026-02-27 12:16:25.215302,1.5136356550359669,1.5139209102243274,1.5130392752739588,1.5136022424880549,1333
2026-02-27 12:21:25.215302,1.5136022424880549,1.515028737032627,1.5106696224344185,1.515028737032627,3129
2026-02-27 12:26:25.215302,1.515028737032627,1.5154688880265506,1.5116137440269946,1.5116137440269946,4268
2026-02-27 12:31:25.215302,1.5116137440269946,1.5187224172341072,1.5085324631977153,1.5187224172341072,1540
2026-02-27 12:36:25.215302,1.5187224172341072,1.5196442833399624,1.5166754459694147,1.517555425447108,3424
2026-02-27 12:41:25.215302,1.517555425447108,1.5190701296643354,1.509637680716709,1.509637680716709,2470
2026-02-27 12:46:25.215302,1.509637680716709,1.511846302246578,1.507550725599602,1.507550725599602,4622
2026-02-27 12:51:25.215302,1.507550725599602,1.5084232700732465,1.5066337096032205,1.5066337096032205,1764
2026-02-27 12:56:25.215302,1.5066337096032205,1.5068162802884817,1.50322525692591,1.50322525692591,2524
2026-02-27 13:01:25.215302,1.50322525692591,1.5052004626504532,1.5028284052925278,1.5052004626504532,1908
2026-02-27 13:06:25.215302,1.5052004626504532,1.5073362736375386,1.5030089308351138,1.5030089308351138,3131
2026-02-27 13:11:25.215302,1.5030089308351138,1.5041810475097426,1.500675995917484,1.500675995917484,2715
2026-02-27 13:16:25.215302,1.500675995917484,1.5022355479967773,1.4993100689295245,1.5022355479967773,3364
2026-02-27 13:21:25.215302,1.5022355479967773,1.5025299168842177,1.5015132390998929,1.5017531097671997,3146
2026-02-27 13:26:25.215302,1.5017531097671997,1.5029010264305533,1.500384997374743,1.5029010264305533,2889
2026-02-27 13:31:25.215302,1.5029010264305533,1.5032372476476648,1.5016612653768953,1.503160405772633,1009
2026-02-27 13:36:25.215302,1.503160405772633,1.5035755984283135,1.501652484107896,1.501652484107896,3771
2026-02-27 13:41:25.215302,1.501652484107896,1.5024119368868467,1.5014192072679615,1.5024119368868467,3743
2026-02-27 13:46:25.215302,1.5024119368868467,1.5027624798476624,1.5009457955147063,1.5009457955147063,2425
2026-02-27 13:51:25.215302,1.5009457955147063,1.5022071237999093,1.4993531265868891,1.4995924361189465,1807
2026-02-27 13:56:25.215302,1.4995924361189465,1.5010300062486586,1.4987114720623451,1.4987114720623451,1997
2026-02-27 14:01:25.215302,1.4987114720623451,1.5049637019011917,1.4951052370036724,1.5049637019011917,4510
2026-02-27 14:06:25.215302,1.5049637019011917,1.506811463168432,1.5045250301312862,1.5045250301312862,3807
2026-02-27 14:11:25.215302,1.5045250301312862,1.5052901097573472,1.5044929779706044,1.5052901097573472,1202
2026-02-27 14:16:25.215302,1.5052901097573472,1.509981363116023,1.5044857674211731,1.509981363116023,2296
2026-02-27 14:21:25.215302,1.509981363116023,1.5139113466258391,1.5094371098339083,1.5139113466258391,2308
2026-02-27 14:26:25.215302,1.5139113466258391,1.5177984315987916,1.5117754951854026,1.5177984315987916,2630
2026-02-27 14:31:25.215302,1.5177984315987916,1.5246539061488589,1.5156121432626566,1.5246539061488589,4094
2026-02-27 14:36:25.215302,1.5246539061488589,1.5251711672301727,1.5240415576425375,1.5251711672301727,2718
2026-02-27 14:41:25.215302,1.5251711672301727,1.526531493951917,1.5248018632722742,1.5258385884240635,1714
2026-02-27 14:46:25.215302,1.5258385884240635,1.5263305800545117,1.5231358614767339,1.5263305800545117,3857
2026-02-27 14:51:25.215302,1.5263305800545117,1.5294546488436922,1.525960698030914,1.5294546488436922,1949
2026-02-27 14:56:25.215302,1.5294546488436922,1.5296058108672657,1.5275526519053744,1.5275526519053744,1586
2026-02-27 15:01:25.215302,1.5275526519053744,1.530357785240738,1.526276814809661,1.530357785240738,3237
2026-02-27 15:06:25.215302,1.530357785240738,1.5314508262328637,1.5295942808827756,1.5314508262328637,3509
2026-02-27 15:11:25.215302,1.5314508262328637,1.534860056611516,1.5304882159759012,1.534860056611516,4447
2026-02-27 15:16:25.215302,1.534860056611516,1.538632090403012,1.530267334042283,1.5309884404596699,4769
2026-02-27 15:21:25.215302,1.5309884404596699,1.5318692838323598,1.5269667207618969,1.5269667207618969,1411
2026-02-27 15:26:25.215302,1.5269667207618969,1.5299688517326309,1.5240152971849028,1.5299688517326309,3041
2026-02-27 15:31:25.215302,1.5299688517326309,1.5339651230428335,1.5285744952376141,1.5339651230428335,2553
2026-02-27 15:36:25.215302,1.5339651230428335,1.5353547517514137,1.529900844637987,1.529900844637987,3112
2026-02-27 15:41:25.215302,1.529900844637987,1.5324510139656795,1.5283975500592482,1.5283975500592482,2916
2026-02-27 15:46:25.215302,1.5283975500592482,1.5293097313437047,1.5237773147995313,1.5237773147995313,2117
2026-02-27 15:51:25.215302,1.5237773147995313,1.526657475114761,1.521263471573558,1.5240790253076941,3220
2026-02-27 15:56:25.215302,1.5240790253076941,1.5288168320275297,1.5229194681702742,1.5288168320275297,2828
2026-02-27 16:01:25.215302,1.5288168320275297,1.5313471242519994,1.5252588560222367,1.5283090759663314,4293
2026-02-27 16:06:25.215302,1.5283090759663314,1.5305586762758268,1.5238092981781093,1.5238092981781093,1896
2026-02-27 16:11:25.215302,1.5238092981781093,1.524783676987504,1.5216352536526487,1.5233825534835208,2828
2026-02-27 16:16:25.215302,1.5233825534835208,1.5264221442762471,1.523065252428068,1.5264221442762471,3172
2026-02-27 16:21:25.215302,1.5264221442762471,1.5330329157674376,1.526415874192859,1.5330329157674376,1409
2026-02-27 16:26:25.215302,1.5330329157674376,1.5338027110575638,1.53196768347674,1.53196768347674,1802
2026-02-27 16:31:25.215302,1.53196768347674,1.532683906888887,1.5313007137744614,1.5314603883778743,1900
2026-02-27 16:36:25.215302,1.5314603883778743,1.5329840862595316,1.5313655207101609,1.5329840862595316,2624
2026-02-27 16:41:25.215302,1.5329840862595316,1.5331782242569358,1.5304949900023552,1.5304949900023552,4280
2026-02-27 16:46:25.215302,1.5304949900023552,1.5315886198482855,1.529824623611541,1.529824623611541,4651
2026-02-27 16:51:25.215302,1.529824623611541,1.5320271970353503,1.5280881092354666,1.5320271970353503,1334
2026-02-27 16:56:25.215302,1.5320271970353503,1.532402747418633,1.531329637508459,1.532402747418633,4426
2026-02-27 17:01:25.215302,1.532402747418633,1.5337174561998081,1.5318918537052442,1.5318918537052442,1213
2026-02-27 17:06:25.215302,1.5318918537052442,1.5337434664361798,1.5318692102529332,1.5337434664361798,3055
2026-02-27 17:11:25.215302,1.5337434664361798,1.5377565283756416,1.5331731557030823,1.5377565283756416,1649
2026-02-27 17:16:25.215302,1.5377565283756416,1.5381925115548494,1.5349350630024599,1.5381925115548494,4887
2026-02-27 17:21:25.215302,1.5381925115548494,1.539605379504588,1.5381745747169437,1.5394307145194663,2242
2026-02-27 17:26:25.215302,1.5394307145194663,1.5401012364452478,1.539237967741615,1.5401012364452478,2303
2026-02-27 17:31:25.215302,1.5401012364452478,1.5417562526317952,1.5387486765457645,1.5417562526317952,1365
2026-02-27 17:36:25.215302,1.5417562526317952,1.547313088414158,1.5415752109294905,1.547313088414158,1703
2026-02-27 17:41:25.215302,1.547313088414158,1.5486636630208752,1.544171229922445,1.544171229922445,2429
2026-02-27 17:46:25.215302,1.544171229922445,1.546857013851759,1.543124749775739,1.543124749775739,3786
2026-02-27 17:51:25.215302,1.543124749775739,1.5459045507355973,1.5385150647942054,1.5385150647942054,2544
2026-02-27 17:56:25.215302,1.5385150647942054,1.538925574936065,1.535243684272994,1.535243684272994,4707
2026-02-27 18:01:25.215302,1.535243684272994,1.5367071838192206,1.5332621098771566,1.535158653564414,3565
2026-02-27 18:06:25.215302,1.535158653564414,1.5362995522095584,1.5336734368139413,1.5362995522095584,2738
2026-02-27 18:11:25.215302,1.5362995522095584,1.5377755733262413,1.534481632402858,1.5377755733262413,4487
2026-02-27 18:16:25.215302,1.5377755733262413,1.5417492504903345,1.5361726957476316,1.5417492504903345,4052
2026-02-27 18:21:25.215302,1.5417492504903345,1.5434503051247785,1.5391302877375563,1.5391302877375563,3911
2026-02-27 18:26:25.215302,1.5391302877375563,1.5425113026148864,1.5368045089486475,1.5368045089486475,1954
2026-02-27 18:31:25.215302,1.5368045089486475,1.5377142842346683,1.5341917308114592,1.5341917308114592,3195
2026-02-27 18:36:25.215302,1.5341917308114592,1.5376693955907383,1.5321234650409832,1.5376693955907383,4283
2026-02-27 18:41:25.215302,1.5376693955907383,1.5383566613504223,1.5370429070190796,1.5370429070190796,4055
2026-02-27 18:46:25.215302,1.5370429070190796,1.5394902443079406,1.5355149063622606,1.5394902443079406,1680
2026-02-27 18:51:25.215302,1.5394902443079406,1.5399236509997913,1.5369458717298687,1.5369458717298687,1285
2026-02-27 18:56:25.215302,1.5369458717298687,1.5420027793565432,1.5364034402398765,1.5420027793565432,3775
2026-02-27 19:01:25.215302,1.5420027793565432,1.544061398426692,1.5383503243179937,1.540025825596899,4027
2026-02-27 19:06:25.215302,1.540025825596899,1.5433732865425533,1.5375937399052464,1.5426823757687405,1514
2026-02-27 19:11:25.215302,1.5426823757687405,1.5439585104604796,1.5381185505641473,1.5381185505641473,3420
2026-02-27 19:16:25.215302,1.5381185505641473,1.539047395436108,1.5377101616156874,1.5377101616156874,1165
2026-02-27 19:21:25.215302,1.5377101616156874,1.5385692833833204,1.5321723755581274,1.5321723755581274,4489
2026-02-27 19:26:25.215302,1.5321723755581274,1.5325511740543165,1.525023556146503,1.525023556146503,4430
2026-02-27 19:31:25.215302,1.525023556146503,1.5267594593100244,1.5228245208526978,1.5228245208526978,1618
2026-02-27 19:36:25.215302,1.5228245208526978,1.52392647600095,1.5167277206414254,1.5167277206414254,3728
2026-02-27 19:41:25.215302,1.5167277206414254,1.5181905835166083,1.5161187900468538,1.5181905835166083,2342
2026-02-27 19:46:25.215302,1.5181905835166083,1.5203686042905975,1.515537898411708,1.515537898411708,3114
2026-02-27 19:51:25.215302,1.515537898411708,1.516862409975764,1.511492762021957,1.511492762021957,1538
2026-02-27 19:56:25.215302,1.511492762021957,1.515403294492747,1.5105301553645272,1.515403294492747,3157
2026-02-27 20:01:25.215302,1.515403294492747,1.5168231741125888,1.5085175890300762,1.5085175890300762,2197
2026-02-27 20:06:25.215302,1.5085175890300762,1.511970830549855,1.5070187015306684,1.511970830549855,1563
2026-02-27 20:11:25.215302,1.511970830549855,1.5160909167208163,1.511085470382416,1.5160909167208163,3525
2026-02-27 20:16:25.215302,1.5160909167208163,1.5162224674510782,1.514064359089138,1.5156041996955028,2057
2026-02-27 20:21:25.215302,1.5156041996955028,1.5182606698731396,1.5129870684803906,1.5129870684803906,3555
2026-02-27 20:26:25.215302,1.5129870684803906,1.5179148832100122,1.5115106373581628,1.5179148832100122,1981
2026-02-27 20:31:25.215302,1.5179148832100122,1.5189661949011097,1.516792180785866,1.5184543392112824,3552
2026-02-27 20:36:25.215302,1.5184543392112824,1.522476983069995,1.5181367031025619,1.522476983069995,1356
2026-02-27 20:41:25.215302,1.522476983069995,1.526337313809285,1.517183714295015,1.526337313809285,3906
2026-02-27 20:46:25.215302,1.526337313809285,1.5267499468845032,1.5252463089631791,1.5252463089631791,3806
2026-02-27 20:51:25.215302,1.5252463089631791,1.5269356424324445,1.522984860289529,1.5268455591797372,1346
2026-02-27 20:56:25.215302,1.5268455591797372,1.5274296493400028,1.5250672216459742,1.5250672216459742,3219
2026-02-27 21:01:25.215302,1.5250672216459742,1.5266045596842452,1.5249562390898799,1.5265475806825815,1417
2026-02-27 21:06:25.215302,1.5265475806825815,1.5275058568361641,1.5234158623501333,1.5234158623501333,1887
2026-02-27 21:11:25.215302,1.5234158623501333,1.5244975648747614,1.5197600906695719,1.5197600906695719,1583
2026-02-27 21:16:25.215302,1.5197600906695719,1.5209694358032784,1.5185381498087462,1.5190105254804465,1255
2026-02-27 21:21:25.215302,1.5190105254804465,1.5195936897030184,1.5157553261389143,1.5195936897030184,2138
2026-02-27 21:26:25.215302,1.5195936897030184,1.5237073887904353,1.518294476662607,1.5237073887904353,4318
2026-02-27 21:31:25.215302,1.5237073887904353,1.5247620326533895,1.5221218609524179,1.5221218609524179,1462
2026-02-27 21:36:25.215302,1.5221218609524179,1.5237793043941135,1.5213530096131405,1.5236109358122185,3930
2026-02-27 21:41:25.215302,1.5236109358122185,1.5253047911656588,1.5231907454781575,1.5253047911656588,2840
2026-02-27 21:46:25.215302,1.5253047911656588,1.529175221878992,1.5235819021966492,1.529175221878992,3514
2026-02-27 21:51:25.215302,1.529175221878992,1.5301113164209927,1.5235482069641162,1.5235482069641162,3323
2026-02-27 21:56:25.215302,1.5235482069641162,1.5239570820202557,1.5214453902596559,1.5214453902596559,1727
2026-02-27 22:01:25.215302,1.5214453902596559,1.521718899350078,1.516912614485184,1.516912614485184,3313
2026-02-27 22:06:25.215302,1.516912614485184,1.5213770804294273,1.516272056283367,1.5172703288044564,2303
2026-02-27 22:11:25.215302,1.5172703288044564,1.5190553694845155,1.5133354822964458,1.5177359045492267,4024
2026-02-27 22:16:25.215302,1.5177359045492267,1.518077915318419,1.512592305256156,1.512592305256156,2234
2026-02-27 22:21:25.215302,1.512592305256156,1.5148452591123296,1.5125804312796953,1.5146820449868408,3925
2026-02-27 22:26:25.215302,1.5146820449868408,1.515292296027724,1.513998332387466,1.5144157364993454,2467
2026-02-27 22:31:25.215302,1.5144157364993454,1.5180832816784748,1.5137258559592037,1.5180832816784748,3055
2026-02-27 22:36:25.215302,1.5180832816784748,1.5182977905420307,1.515925769214603,1.515925769214603,3724
2026-02-27 22:41:25.215302,1.515925769214603,1.5202780871466715,1.5153409218089566,1.5202780871466715,1855
2026-02-27 22:46:25.215302,1.5202780871466715,1.5220514276658512,1.5172465579473902,1.5212749287401441,4627
2026-02-27 22:51:25.215302,1.5212749287401441,1.521955525304818,1.5162015591419795,1.5162015591419795,4390
2026-02-27 22:56:25.215302,1.5162015591419795,1.5184962170743626,1.513190069297721,1.513190069297721,3955
2026-02-27 23:01:25.215302,1.513190069297721,1.5134684516801042,1.5100368168655656,1.512105484878599,3744
2026-02-27 23:06:25.215302,1.512105484878599,1.5164705887273844,1.5112500126496204,1.5164705887273844,1235
2026-02-27 23:11:25.215302,1.5164705887273844,1.523020591878721,1.5131633803159328,1.523020591878721,2282
2026-02-27 23:16:25.215302,1.523020591878721,1.5240846173396156,1.5206437946790192,1.5206437946790192,4109
2026-02-27 23:21:25.215302,1.5206437946790192,1.5207465816209882,1.5178153920945547,1.5178153920945547,3723
2026-02-27 23:26:25.215302,1.5178153920945547,1.5217509971870924,1.5169450505015436,1.5217509971870924,2892
2026-02-27 23:31:25.215302,1.5217509971870924,1.5231110608041867,1.521138535729099,1.522365875842584,2053
2026-02-27 23:36:25.215302,1.522365875842584,1.5236352868807148,1.5215350762324868,1.5236352868807148,2892
2026-02-27 23:41:25.215302,1.5236352868807148,1.5244359655690234,1.520503846768591,1.520503846768591,3828
2026-02-27 23:46:25.215302,1.520503846768591,1.5298462032755726,1.5200803281834403,1.5298462032755726,3503
2026-02-27 23:51:25.215302,1.5298462032755726,1.5305501198422644,1.5268238607362477,1.5305501198422644,3565
2026-02-27 23:56:25.215302,1.5305501198422644,1.5339045689615265,1.5298074057562738,1.5339045689615265,4752
2026-02-28 00:01:25.215302,1.5339045689615265,1.537122052414068,1.5323310747025107,1.537122052414068,4083
2026-02-28 00:06:25.215302,1.537122052414068,1.5372379944252565,1.531839255070133,1.531839255070133,1381
2026-02-28 00:11:25.215302,1.531839255070133,1.5318615276716423,1.5261954080866649,1.5261954080866649,1720
2026-02-28 00:16:25.215302,1.5261954080866649,1.5267071857905157,1.52515011447698,1.52515011447698,4207
2026-02-28 00:21:25.215302,1.52515011447698,1.527795793117137,1.5241273048682633,1.525761163467698,1908
2026-02-28 00:26:25.215302,1.525761163467698,1.5301363934989554,1.5245414963232944,1.5301363934989554,1107
2026-02-28 00:31:25.215302,1.5301363934989554,1.5302904032735043,1.5283234112797095,1.5283234112797095,4205
2026-02-28 00:36:25.215302,1.5283234112797095,1.530141134994007,1.5221319624899803,1.5221319624899803,4735
2026-02-28 00:41:25.215302,1.5221319624899803,1.5221527448014462,1.5181720808916142,1.5181720808916142,4101
2026-02-28 00:46:25.215302,1.5181720808916142,1.5195098496181083,1.5158225757996755,1.5158225757996755,2066
2026-02-28 00:51:25.215302,1.5158225757996755,1.517013745508476,1.513468708292565,1.513468708292565,3842
2026-02-28 00:56:25.215302,1.513468708292565,1.513844038072798,1.5100522627814434,1.5100522627814434,3372
2026-02-28 01:01:25.215302,1.5100522627814434,1.5105756425710495,1.5078430120754243,1.509419328042565,2052
2026-02-28 01:06:25.215302,1.509419328042565,1.5109255998446183,1.5071239772745597,1.5089120732806958,1384
2026-02-28 01:11:25.215302,1.5089120732806958,1.5135144147123063,1.5084954439685874,1.5135144147123063,3841
2026-02-28 01:16:25.215302,1.5135144147123063,1.5186621235055175,1.5128250250134492,1.5186621235055175,3532
2026-02-28 01:21:25.215302,1.5186621235055175,1.5206390521355302,1.5182755372956958,1.518675904231522,4668
2026-02-28 01:26:25.215302,1.518675904231522,1.5233474290168758,1.5183624056438214,1.5233474290168758,2841
2026-02-28 01:31:25.215302,1.5233474290168758,1.5260542040020735,1.522461883333979,1.5243334973155507,3077
2026-02-28 01:36:25.215302,1.5243334973155507,1.5248571089767313,1.5221457567744148,1.5221457567744148,2228
2026-02-28 01:41:25.215302,1.5221457567744148,1.524540366826972,1.5204300113033014,1.5204300113033014,1416
2026-02-28 01:46:25.215302,1.5204300113033014,1.5212258282361857,1.517738150654747,1.5178194931538187,4097
2026-02-28 01:51:25.215302,1.5178194931538187,1.51874944585163,1.5139840161933633,1.5139840161933633,4960
2026-02-28 01:56:25.215302,1.5139840161933633,1.5139973356418124,1.5109412547897898,1.5109412547897898,1357
2026-02-28 02:01:25.215302,1.5109412547897898,1.5178946036441294,1.5096591257213512,1.5178946036441294,2942
2026-02-28 02:06:25.215302,1.5178946036441294,1.5191139292989264,1.5167865058395162,1.5191139292989264,3994
2026-02-28 02:11:25.215302,1.5191139292989264,1.5194680910398586,1.5167125421941212,1.5167125421941212,2719
2026-02-28 02:16:25.215302,1.5167125421941212,1.5176246001304547,1.507424167417147,1.507424167417147,2779
2026-02-28 02:21:25.215302,1.507424167417147,1.5081420723585657,1.5058987941845978,1.5065208206175351,2052
2026-02-28 02:26:25.215302,1.5065208206175351,1.5095155141709853,1.5063521486348959,1.5095155141709853,4922
2026-02-28 02:31:25.215302,1.5095155141709853,1.5098019380906411,1.5065363933660316,1.5092221203411085,4477
2026-02-28 02:36:25.215302,1.5092221203411085,1.5130704719936194,1.508945128081872,1.5130704719936194,3811
2026-02-28 02:41:25.215302,1.5130704719936194,1.5158028676190574,1.512886875407733,1.513509219230292,4995
2026-02-28 02:46:25.215302,1.513509219230292,1.5148808510358198,1.5126668492343847,1.5126668492343847,2044
2026-02-28 02:51:25.215302,1.5126668492343847,1.5146543976482933,1.512057016915968,1.513449864246086,3270
2026-02-28 02:56:25.215302,1.513449864246086,1.514697967361597,1.5124697853106392,1.5125450962943354,3456
2026-02-28 03:01:25.215302,1.5125450962943354,1.513447509400423,1.512404284291781,1.513447509400423,4686
2026-02-28 03:06:25.215302,1.513447509400423,1.5192284259735673,1.5090537501623604,1.5192284259735673,1032
2026-02-28 03:11:25.215302,1.5192284259735673,1.5203450155749543,1.5177812345523802,1.5203450155749543,3074
2026-02-28 03:16:25.215302,1.5203450155749543,1.5229567347290567,1.5186810694990693,1.5229567347290567,3312
2026-02-28 03:21:25.215302,1.5229567347290567,1.5232793761624432,1.5215987667619384,1.5232793761624432,4237
2026-02-28 03:26:25.215302,1.5232793761624432,1.5258684512869265,1.5232086731848555,1.5258684512869265,3126
2026-02-28 03:31:25.215302,1.5258684512869265,1.5259991634951708,1.5244556718274103,1.52565567598554,3621
2026-02-28 03:36:25.215302,1.52565567598554,1.5268688296981456,1.5197826326346637,1.5197826326346637,4680
2026-02-28 03:41:25.215302,1.5197826326346637,1.5231800944297826,1.5188504096557753,1.5226532427218027,3649
2026-02-28 03:46:25.215302,1.5226532427218027,1.5252406187880374,1.5194459079262166,1.5194459079262166,4359
2026-02-28 03:51:25.215302,1.5194459079262166,1.5257520667814148,1.5185392342633277,1.5257520667814148,3536
2026-02-28 03:56:25.215302,1.5257520667814148,1.5282431787337112,1.5225740960703846,1.5282431787337112,4866
2026-02-28 04:01:25.215302,1.5282431787337112,1.530803639483602,1.5230712457536129,1.5230712457536129,4785
2026-02-28 04:06:25.215302,1.5230712457536129,1.5257242770418817,1.5221414356739382,1.5257242770418817,4623
2026-02-28 04:11:25.215302,1.5257242770418817,1.5292883764124297,1.525052636918293,1.526493939722518,4395
2026-02-28 04:16:25.215302,1.526493939722518,1.5286918450158,1.5242624946831511,1.5242624946831511,4940
2026-02-28 04:21:25.215302,1.5242624946831511,1.5256823921119245,1.5208183623597227,1.5208183623597227,3616
2026-02-28 04:26:25.215302,1.5208183623597227,1.5235454937819635,1.5196503025527892,1.5235454937819635,2870
2026-02-28 04:31:25.215302,1.5235454937819635,1.524842029535922,1.520631569196176,1.5226140644533084,3443
2026-02-28 04:36:25.215302,1.5226140644533084,1.5238668142857354,1.5218389853401553,1.5226074123826503,4383
2026-02-28 04:41:25.215302,1.5226074123826503,1.5251292313426732,1.522305844262902,1.5226439014266036,2404
2026-02-28 04:46:25.215302,1.5226439014266036,1.5245567874887953,1.520148164622695,1.522115402507924,1653
2026-02-28 04:51:25.215302,1.522115402507924,1.522518668044434,1.518688219304549,1.518688219304549,2482
2026-02-28 04:56:25.215302,1.518688219304549,1.5235159258560766,1.516605678818804,1.5235159258560766,3235
2026-02-28 05:01:25.215302,1.5235159258560766,1.5248253909419096,1.5226454991378586,1.5240738638050075,3083
2026-02-28 05:06:25.215302,1.5240738638050075,1.5265653881828039,1.5209903301193408,1.5239136185699709,4778
2026-02-28 05:11:25.215302,1.5239136185699709,1.5280447086828393,1.521196523088776,1.521196523088776,2628
2026-02-28 05:16:25.215302,1.521196523088776,1.5227309437051944,1.5200083110195473,1.5227309437051944,1069
2026-02-28 05:21:25.215302,1.5227309437051944,1.5229527861521543,1.521167255590434,1.521167255590434,3757
2026-02-28 05:26:25.215302,1.521167255590434,1.5247612444411605,1.5198797706762974,1.5198797706762974,3939
2026-02-28 05:31:25.215302,1.5198797706762974,1.5228873495370774,1.5195955954686629,1.5228873495370774,4099
2026-02-28 05:36:25.215302,1.5228873495370774,1.524973997614427,1.5224416092667645,1.5231508351879255,2165
2026-02-28 05:41:25.215302,1.5231508351879255,1.5237706231601549,1.5197724493992142,1.5234661907458669,3283
2026-02-28 05:46:25.215302,1.5234661907458669,1.525134664945315,1.5217983692361312,1.5217983692361312,4557
2026-02-28 05:51:25.215302,1.5217983692361312,1.5227369133948059,1.5197914835838182,1.5197914835838182,4218
2026-02-28 05:56:25.215302,1.5197914835838182,1.520248330347299,1.515444388897194,1.515444388897194,2955
2026-02-28 06:01:25.215302,1.515444388897194,1.5165881797006937,1.5128067093292397,1.5128067093292397,2278
2026-02-28 06:06:25.215302,1.5128067093292397,1.5161717562675328,1.5121546435208417,1.5161717562675328,2828
2026-02-28 06:11:25.215302,1.5161717562675328,1.5201039080252823,1.5160817798553912,1.5201039080252823,1669
2026-02-28 06:16:25.215302,1.5201039080252823,1.5214162490111511,1.5182941405083632,1.5211497634194926,2521
2026-02-28 06:21:25.215302,1.5211497634194926,1.5213909758452517,1.519177955636577,1.519177955636577,1457
2026-02-28 06:26:25.215302,1.519177955636577,1.5215000111921881,1.5179803143400683,1.5215000111921881,3691
2026-02-28 06:31:25.215302,1.5215000111921881,1.5249169767453783,1.5202122644598481,1.5249169767453783,2567
2026-02-28 06:36:25.215302,1.5249169767453783,1.525374174593505,1.5233075793130713,1.5233075793130713,4962
2026-02-28 06:41:25.215302,1.5233075793130713,1.523316076493764,1.5219784431117735,1.5225837135053946,3923
2026-02-28 06:46:25.215302,1.5225837135053946,1.5226529190033786,1.519755829685004,1.519755829685004,4495
2026-02-28 06:51:25.215302,1.519755829685004,1.5203191978483437,1.5192855690902431,1.5195848023090308,1736
2026-02-28 06:56:25.215302,1.5195848023090308,1.5255574165237222,1.5191746931045702,1.5255574165237222,3803
2026-02-28 07:01:25.215302,1.5255574165237222,1.528994717302289,1.5254320055139385,1.528994717302289,1581
2026-02-28 07:06:25.215302,1.528994717302289,1.529420978326268,1.5271165645279734,1.5271165645279734,4777
2026-02-28 07:11:25.215302,1.5271165645279734,1.530664550700044,1.525929857604881,1.530664550700044,4529
2026-02-28 07:16:25.215302,1.530664550700044,1.5318859512681215,1.5297627746973763,1.5318859512681215,4360
2026-02-28 07:21:25.215302,1.5318859512681215,1.53370671865411,1.5300785094976537,1.5315873817980838,1112
2026-02-28 07:26:25.215302,1.5315873817980838,1.534493468893041,1.5285146505855582,1.534493468893041,3554
2026-02-28 07:31:25.215302,1.534493468893041,1.5358913633857363,1.5329469297731892,1.5329469297731892,2723
2026-02-28 07:36:25.215302,1.5329469297731892,1.5339247856982217,1.5304926226418147,1.5304926226418147,2063
2026-02-28 07:41:25.215302,1.5304926226418147,1.5314447176494166,1.5276364843314756,1.5276364843314756,4187
2026-02-28 07:46:25.215302,1.5276364843314756,1.531400877205606,1.5256496808644873,1.531400877205606,3859
2026-02-28 07:51:25.215302,1.531400877205606,1.5326480041624362,1.531052745158285,1.5326480041624362,3658
2026-02-28 07:56:25.215302,1.5326480041624362,1.5341547255609478,1.5313364558894769,1.5313364558894769,1273
2026-02-28 08:01:25.215302,1.5313364558894769,1.5353364869616632,1.5309477461042234,1.5353364869616632,3553
2026-02-28 08:06:25.215302,1.5353364869616632,1.5377437850728377,1.5349959940288582,1.5377437850728377,2517
2026-02-28 08:11:25.215302,1.5377437850728377,1.538842331832272,1.5361915858385606,1.5361915858385606,3240
2026-02-28 08:16:25.215302,1.5361915858385606,1.5371242262164813,1.531117650216842,1.531117650216842,3368
2026-02-28 08:21:25.215302,1.531117650216842,1.532275665017173,1.5307860296706783,1.5317172579935583,4868
2026-02-28 08:26:25.215302,1.5317172579935583,1.534289191732523,1.5298495411657937,1.5336131393819887,2073
2026-02-28 08:31:25.215302,1.5336131393819887,1.5352547539715276,1.5312029923494328,1.5312029923494328,3351
2026-02-28 08:36:25.215302,1.5312029923494328,1.5314365943904744,1.5310292584023029,1.531386022757753,1898
2026-02-28 08:41:25.215302,1.531386022757753,1.53248479911635,1.5309029522260702,1.5314721435986856,3885
2026-02-28 08:46:25.215302,1.5314721435986856,1.5328956863415113,1.527307094345245,1.527307094345245,2458
2026-02-28 08:51:25.215302,1.527307094345245,1.527906224797769,1.5264520352799444,1.527568583901439,1244
2026-02-28 08:56:25.215302,1.527568583901439,1.5298588159679531,1.52550727358101,1.5298588159679531,2860
2026-02-28 09:01:25.215302,1.5298588159679531,1.532834946163605,1.5281040010419142,1.5321906589242453,3258
2026-02-28 09:06:25.215302,1.5321906589242453,1.534763396698238,1.5305017799276577,1.534763396698238,4106
2026-02-28 09:11:25.215302,1.534763396698238,1.538404579222319,1.5333248549193677,1.538404579222319,1280
2026-02-28 09:16:25.215302,1.538404579222319,1.5396037099990767,1.5365494786616583,1.5365494786616583,3068
2026-02-28 09:21:25.215302,1.5365494786616583,1.5400578129987001,1.5362181567838877,1.5400578129987001,2991
2026-02-28 09:26:25.215302,1.5400578129987001,1.5471111279471053,1.538522315610725,1.5471111279471053,2388
2026-02-28 09:31:25.215302,1.5471111279471053,1.54837092879848,1.5426238247585224,1.5426238247585224,2283
2026-02-28 09:36:25.215302,1.5426238247585224,1.5461411957497815,1.5425830112066314,1.5461411957497815,1951
2026-02-28 09:41:25.215302,1.5461411957497815,1.5485626771973242,1.5456584024769617,1.5485626771973242,1181
2026-02-28 09:46:25.215302,1.5485626771973242,1.548761933939468,1.5459183390455662,1.5485655684705206,4518
2026-02-28 09:51:25.215302,1.5485655684705206,1.55060042599131,1.545300720313167,1.545300720313167,4719
2026-02-28 09:56:25.215302,1.545300720313167,1.5491408254749284,1.5448487123542147,1.5491408254749284,4690
2026-02-28 10:01:25.215302,1.5491408254749284,1.5501831146905851,1.5481963248810535,1.5490624831398991,1021
2026-02-28 10:06:25.215302,1.5490624831398991,1.551756089325599,1.5471768299701234,1.5484922563646888,3236
2026-02-28 10:11:25.215302,1.5484922563646888,1.548948219485526,1.5475906676140219,1.5477214005965778,4451
2026-02-28 10:16:25.215302,1.5477214005965778,1.5537029025336746,1.546018318613534,1.5537029025336746,3813
2026-02-28 10:21:25.215302,1.5537029025336746,1.5564900730238795,1.5514971454331117,1.5562952460941848,2062
2026-02-28 10:26:25.215302,1.5562952460941848,1.5589675101410714,1.554475865140599,1.5589675101410714,3708
2026-02-28 10:31:25.215302,1.5589675101410714,1.5604851361155785,1.5587413513986557,1.5604851361155785,2625
2026-02-28 10:36:25.215302,1.5604851361155785,1.564327083818884,1.5577516184396984,1.5577516184396984,3307
2026-02-28 10:41:25.215302,1.5577516184396984,1.5582292957675985,1.5507768247392768,1.5507768247392768,4651
2026-02-28 10:46:25.215302,1.5507768247392768,1.5540827584250092,1.5503964208636862,1.5514428931585906,4496
2026-02-28 10:51:25.215302,1.5514428931585906,1.5527598999766468,1.5513322678476398,1.5527598999766468,3896
2026-02-28 10:56:25.215302,1.5527598999766468,1.5542030430697311,1.550577531473349,1.5542030430697311,1239
2026-02-28 11:01:25.215302,1.5542030430697311,1.55434750824316,1.552323394307844,1.5539359211394856,4944
2026-02-28 11:06:25.215302,1.5539359211394856,1.553980936968206,1.5475392172805762,1.5475392172805762,4119
2026-02-28 11:11:25.215302,1.5475392172805762,1.548117576850218,1.5453101042053887,1.5460498331489894,2695
2026-02-28 11:16:25.215302,1.5460498331489894,1.5497276590427989,1.5449802509243833,1.5497276590427989,2750
2026-02-28 11:21:25.215302,1.5497276590427989,1.5527940455310785,1.548716540343307,1.548716540343307,3962
2026-02-28 11:26:25.215302,1.548716540343307,1.552314783841904,1.5471816919424815,1.552314783841904,3809
2026-02-28 11:31:25.215302,1.552314783841904,1.5539304373620229,1.5506862796414451,1.5539304373620229,4606
2026-02-28 11:36:25.215302,1.5539304373620229,1.5543319106863884,1.5495440064179924,1.5495440064179924,4412
2026-02-28 11:41:25.215302,1.5495440064179924,1.5503927161803548,1.5468251171668161,1.5468251171668161,2974
2026-02-28 11:46:25.215302,1.5468251171668161,1.5482883621324248,1.5445685506368874,1.5452276332984964,1810
2026-02-28 11:51:25.215302,1.5452276332984964,1.5454609400555401,1.5435119929719028,1.5435119929719028,3467
2026-02-28 11:56:25.215302,1.5435119929719028,1.5436399264674536,1.5414834956421108,1.5419030294587748,1090
2026-02-28 12:01:25.215302,1.5419030294587748,1.5428801454380126,1.5399629145956641,1.5418484742873417,3219
2026-02-28 12:06:25.215302,1.5418484742873417,1.5445950811411329,1.5399517167396592,1.5445950811411329,3040
2026-02-28 12:11:25.215302,1.5445950811411329,1.5490104294779603,1.5429034135682531,1.5490104294779603,3996
2026-02-28 12:16:25.215302,1.5490104294779603,1.549312749759996,1.5459266981141566,1.5459266981141566,1694
2026-02-28 12:21:25.215302,1.5459266981141566,1.5465089048968947,1.5432835010493784,1.5432835010493784,1890
2026-02-28 12:26:25.215302,1.5432835010493784,1.5443553171886961,1.5408548224508283,1.5408548224508283,1083
2026-02-28 12:31:25.215302,1.5408548224508283,1.5448211003954495,1.5400440172687964,1.5448211003954495,1993
2026-02-28 12:36:25.215302,1.5448211003954495,1.5469785425526834,1.5443569763181075,1.5469785425526834,3709
2026-02-28 12:41:25.215302,1.5469785425526834,1.5484050859077452,1.5449810666160253,1.5477516882130582,2923
2026-02-28 12:46:25.215302,1.5477516882130582,1.549521179226146,1.5455522278459197,1.5472594889672113,4535
2026-02-28 12:51:25.215302,1.5472594889672113,1.5490066203706434,1.5451753676200017,1.5451753676200017,1997
2026-02-28 12:56:25.215302,1.5451753676200017,1.5500149495481341,1.544692495815947,1.5500149495481341,4710
2026-02-28 13:01:25.215302,1.5500149495481341,1.5542078176981353,1.5492566813080688,1.5542078176981353,1339
2026-02-28 13:06:25.215302,1.5542078176981353,1.5571229406469942,1.5527174681910185,1.5567271044270252,4056
2026-02-28 13:11:25.215302,1.5567271044270252,1.5574844434273107,1.5553166440082993,1.5553166440082993,1355
2026-02-28 13:16:25.215302,1.5553166440082993,1.5586678124315456,1.5550721686632742,1.5586678124315456,1812
2026-02-28 13:21:25.215302,1.5586678124315456,1.5590737491201245,1.5566399548801404,1.5590737491201245,1152
2026-02-28 13:26:25.215302,1.5590737491201245,1.5617484265068955,1.5586179346566325,1.5617484265068955,4147
2026-02-28 13:31:25.215302,1.5617484265068955,1.5629591442696515,1.5581818213254948,1.5581818213254948,1549
2026-02-28 13:36:25.215302,1.5581818213254948,1.5600875533988845,1.5571728224596069,1.558721567123299,1333
2026-02-28 13:41:25.215302,1.558721567123299,1.5614332137699038,1.5573345313994886,1.5596418434571424,4310
2026-02-28 13:46:25.215302,1.5596418434571424,1.562600502982266,1.5568729912263521,1.562600502982266,3339
2026-02-28 13:51:25.215302,1.562600502982266,1.56359435880992,1.558352017774772,1.558352017774772,1971
2026-02-28 13:56:25.215302,1.558352017774772,1.5597249877348498,1.5576918665321535,1.5576918665321535,2723
2026-02-28 14:01:25.215302,1.5576918665321535,1.5608223504620868,1.5570467402796349,1.5608223504620868,4706
2026-02-28 14:06:25.215302,1.5608223504620868,1.5630267510157123,1.559637521570163,1.5616561113440728,3836
2026-02-28 14:11:25.215302,1.5616561113440728,1.5635463289547142,1.5609358353555156,1.5609358353555156,1366
2026-02-28 14:16:25.215302,1.5609358353555156,1.5620118391687727,1.5599100628908242,1.5599100628908242,3642
2026-02-28 14:21:25.215302,1.5599100628908242,1.5613233115995815,1.5585109886687403,1.5589360941262813,3456
2026-02-28 14:26:25.215302,1.5589360941262813,1.5641452149440673,1.5584520194811577,1.5641452149440673,3667
2026-02-28 14:31:25.215302,1.5641452149440673,1.5669143638113638,1.5630880049332831,1.5669143638113638,1847
2026-02-28 14:36:25.215302,1.5669143638113638,1.569072074493177,1.5657113626587777,1.5657113626587777,4121
2026-02-28 14:41:25.215302,1.5657113626587777,1.5702903208181584,1.5629510113429905,1.5702903208181584,2638
2026-02-28 14:46:25.215302,1.5702903208181584,1.5710384129102308,1.5696887236003252,1.5701521091252968,2620
2026-02-28 14:51:25.215302,1.5701521091252968,1.5719853324712512,1.5696857562450972,1.5696857562450972,1879
2026-02-28 14:56:25.215302,1.5696857562450972,1.571595180806795,1.5683741487784177,1.5694592879893632,2321
2026-02-28 15:01:25.215302,1.5694592879893632,1.5723697211082148,1.5689878038636322,1.5689878038636322,1638
2026-02-28 15:06:25.215302,1.5689878038636322,1.5751215896633755,1.5688918172343993,1.5751215896633755,2054
2026-02-28 15:11:25.215302,1.5751215896633755,1.575690356471277,1.574035771341357,1.5743999652178386,1663
2026-02-28 15:16:25.215302,1.5743999652178386,1.579094943160856,1.5725163602122554,1.579094943160856,4615
2026-02-28 15:21:25.215302,1.579094943160856,1.5817743899753753,1.5777873784142076,1.5817743899753753,4621
2026-02-28 15:26:25.215302,1.5817743899753753,1.5844362443085869,1.5811308178810202,1.5844362443085869,4233
2026-02-28 15:31:25.215302,1.5844362443085869,1.5894812569164902,1.5843626273703229,1.5894812569164902,4307
2026-02-28 15:36:25.215302,1.5894812569164902,1.5896120442393589,1.587555450777225,1.5888139687215375,4593
2026-02-28 15:41:25.215302,1.5888139687215375,1.5929077368597209,1.587365511608301,1.587365511608301,3619
2026-02-28 15:46:25.215302,1.587365511608301,1.591673509532635,1.5858173003070155,1.591673509532635,1182
2026-02-28 15:51:25.215302,1.591673509532635,1.5972524257283942,1.5894455723315224,1.5972524257283942,2640
2026-02-28 15:56:25.215302,1.5972524257283942,1.5979476268320194,1.596000052731259,1.596000052731259,1719
2026-02-28 16:01:25.215302,1.596000052731259,1.5972282327159406,1.5945158096862249,1.5953052608174374,4641
2026-02-28 16:06:25.215302,1.5953052608174374,1.5963350475178164,1.5940155687842883,1.5947157711067488,4482
2026-02-28 16:11:25.215302,1.5947157711067488,1.6009730584462376,1.5944657886961318,1.6009730584462376,1082
2026-02-28 16:16:25.215302,1.6009730584462376,1.6026311860988665,1.596950316751318,1.596950316751318,4828
2026-02-28 16:21:25.215302,1.596950316751318,1.5982669265999867,1.5955290583753767,1.5982669265999867,4788
2026-02-28 16:26:25.215302,1.5982669265999867,1.5998468205292913,1.5969753455693831,1.5969753455693831,1192
2026-02-28 16:31:25.215302,1.5969753455693831,1.5981341144971652,1.5895677117529794,1.5895677117529794,3774
2026-02-28 16:36:25.215302,1.5895677117529794,1.5901135044379893,1.586541096562995,1.586541096562995,1086
2026-02-28 16:41:25.215302,1.586541096562995,1.5895800755158989,1.5850176702838108,1.5859924545222004,3714
2026-02-28 16:46:25.215302,1.5859924545222004,1.5891162951533977,1.5852001889414373,1.5891162951533977,1484
2026-02-28 16:51:25.215302,1.5891162951533977,1.5910187191674663,1.5870471434376212,1.5870471434376212,3717
2026-02-28 16:56:25.215302,1.5870471434376212,1.5891068581682948,1.5868237168037098,1.5891068581682948,3365
2026-02-28 17:01:25.215302,1.5891068581682948,1.5919930025966087,1.5875812838456533,1.5875812838456533,2809
2026-02-28 17:06:25.215302,1.5875812838456533,1.5887222543998847,1.5846165384571131,1.5846165384571131,1604
2026-02-28 17:11:25.215302,1.5846165384571131,1.587147078640526,1.5819713253352352,1.5831998946647383,1778
2026-02-28 17:16:25.215302,1.5831998946647383,1.5884084683280923,1.5829368417202168,1.5884084683280923,4455
2026-02-28 17:21:25.215302,1.5884084683280923,1.5952393017070075,1.587568588264024,1.5952393017070075,3422
2026-02-28 17:26:25.215302,1.5952393017070075,1.5955312112622217,1.5933531918715906,1.5933531918715906,2835
2026-02-28 17:31:25.215302,1.5933531918715906,1.5966466850939813,1.5929965869895986,1.5966466850939813,1634
2026-02-28 17:36:25.215302,1.5966466850939813,1.5995635176088456,1.595958090641301,1.5995635176088456,3882
2026-02-28 17:41:25.215302,1.5995635176088456,1.6002283335819487,1.5935748994552041,1.5935748994552041,1296
2026-02-28 17:46:25.215302,1.5935748994552041,1.5971966403963416,1.5918679576094885,1.5971966403963416,4654
2026-02-28 17:51:25.215302,1.5971966403963416,1.600060990542105,1.596935043742165,1.600060990542105,2555
2026-02-28 17:56:25.215302,1.600060990542105,1.6013108164608238,1.5998792207867958,1.60052644304656,4141
2026-02-28 18:01:25.215302,1.60052644304656,1.6051363062431996,1.5999041263025187,1.6051363062431996,3076
2026-02-28 18:06:25.215302,1.6051363062431996,1.6063451737721537,1.603157280540662,1.603157280540662,2218
2026-02-28 18:11:25.215302,1.603157280540662,1.6037185681627713,1.601805114532117,1.6030622520190467,3256
2026-02-28 18:16:25.215302,1.6030622520190467,1.6054817890868123,1.6014468012799565,1.6054817890868123,3121
2026-02-28 18:21:25.215302,1.6054817890868123,1.605596544270778,1.6022906185202324,1.6022906185202324,1239
2026-02-28 18:26:25.215302,1.6022906185202324,1.6092550660834497,1.600935338532821,1.6092550660834497,1845
2026-02-28 18:31:25.215302,1.6092550660834497,1.6104854772332464,1.6064686474597507,1.607636221181165,3447
2026-02-28 18:36:25.215302,1.607636221181165,1.6094310235396803,1.6060796517364768,1.60694204394972,2686
2026-02-28 18:41:25.215302,1.60694204394972,1.6108592855559294,1.6055260768457922,1.6108592855559294,2089
2026-02-28 18:46:25.215302,1.6108592855559294,1.612959582400872,1.6090001319562326,1.6121069132702128,4101
2026-02-28 18:51:25.215302,1.6121069132702128,1.613489717615372,1.6056805221461012,1.6056805221461012,4483
2026-02-28 18:56:25.215302,1.6056805221461012,1.6084544222990926,1.6044959304829436,1.6084544222990926,1565
2026-02-28 19:01:25.215302,1.6084544222990926,1.615203103277897,1.6071667005426944,1.615203103277897,1952
2026-02-28 19:06:25.215302,1.615203103277897,1.6176427501485258,1.6150711162537692,1.6155839517752772,1776
2026-02-28 19:11:25.215302,1.6155839517752772,1.6166783344327007,1.6149224880739956,1.6149224880739956,4563
2026-02-28 19:16:25.215302,1.6149224880739956,1.6209521841198165,1.6148491120256137,1.6209521841198165,1247
2026-02-28 19:21:25.215302,1.6209521841198165,1.6241097139522025,1.620690218500188,1.6241097139522025,2726
2026-02-28 19:26:25.215302,1.6241097139522025,1.626826808294551,1.623045574764477,1.626826808294551,4179
2026-02-28 19:31:25.215302,1.626826808294551,1.627053988494601,1.6247249294355848,1.627053988494601,2235
2026-02-28 19:36:25.215302,1.627053988494601,1.6286542521000311,1.624618243942393,1.625385342904473,4504
2026-02-28 19:41:25.215302,1.625385342904473,1.6258179165131883,1.6246583761750115,1.6246583761750115,4851
2026-02-28 19:46:25.215302,1.6246583761750115,1.6258884339998263,1.6211531663780496,1.6214051145878992,2668
2026-02-28 19:51:25.215302,1.6214051145878992,1.6260949708181442,1.620605216877785,1.6260949708181442,1642
2026-02-28 19:56:25.215302,1.6260949708181442,1.6263354464553965,1.6249271883530851,1.6249271883530851,3997
2026-02-28 20:01:25.215302,1.6249271883530851,1.6321771739107367,1.6238653920196873,1.6321771739107367,3846
2026-02-28 20:06:25.215302,1.6321771739107367,1.6358465063625636,1.6310523637604921,1.6358465063625636,3813
2026-02-28 20:11:25.215302,1.6358465063625636,1.6361329491683965,1.63434854956283,1.6361116255850516,4204
2026-02-28 20:16:25.215302,1.6361116255850516,1.636980278699865,1.6336994477764923,1.6336994477764923,3639
2026-02-28 20:21:25.215302,1.6336994477764923,1.6387823547645959,1.6326720919742945,1.6387823547645959,4621
2026-02-28 20:26:25.215302,1.6387823547645959,1.6418183334396295,1.6383000716495921,1.6418183334396295,2546
2026-02-28 20:31:25.215302,1.6418183334396295,1.6453085336101925,1.639725625813083,1.6453085336101925,2851
2026-02-28 20:36:25.215302,1.6453085336101925,1.6470713970184991,1.6416872199563788,1.6465999624421035,4717
2026-02-28 20:41:25.215302,1.6465999624421035,1.648825035504105,1.645440567635095,1.6454885673402642,4962
2026-02-28 20:46:25.215302,1.6454885673402642,1.6489886299458292,1.6418397071106032,1.6489886299458292,3808
2026-02-28 20:51:25.215302,1.6489886299458292,1.650238778602823,1.6487626331382346,1.6487626331382346,3254
2026-02-28 20:56:25.215302,1.6487626331382346,1.6511158387322404,1.647920037079298,1.6500829507108985,4422
2026-02-28 21:01:25.215302,1.6500829507108985,1.650858824796736,1.6470889703441383,1.649832334588203,1151
2026-02-28 21:06:25.215302,1.649832334588203,1.6527185865583676,1.6467192781516202,1.6467192781516202,2427
2026-02-28 21:11:25.215302,1.6467192781516202,1.6496479673206872,1.644020167712184,1.644020167712184,1593
2026-02-28 21:16:25.215302,1.644020167712184,1.644932666977851,1.6415625089177617,1.6415625089177617,3291
2026-02-28 21:21:25.215302,1.6415625089177617,1.6417467742341905,1.6399972863907986,1.6399972863907986,1273
2026-02-28 21:26:25.215302,1.6399972863907986,1.641117055970791,1.632140301831843,1.632140301831843,2423
2026-02-28 21:31:25.215302,1.632140301831843,1.6356203793512698,1.6307769128178102,1.6356203793512698,2790
2026-02-28 21:36:25.215302,1.6356203793512698,1.6373899833444163,1.6331466383027204,1.6331466383027204,1515
2026-02-28 21:41:25.215302,1.6331466383027204,1.6341513522913114,1.6303241960991162,1.6341513522913114,1586
2026-02-28 21:46:25.215302,1.6341513522913114,1.636377636622696,1.6332412267359708,1.636377636622696,1057
2026-02-28 21:51:25.215302,1.636377636622696,1.640479519052407,1.6355480542799292,1.6365064910640912,4588
2026-02-28 21:56:25.215302,1.6365064910640912,1.6418772025235167,1.634936540298599,1.6418772025235167,2578
2026-02-28 22:01:25.215302,1.6418772025235167,1.6444849935085575,1.6414652311934623,1.6444849935085575,1372
2026-02-28 22:06:25.215302,1.6444849935085575,1.6463523663899426,1.6374421071173997,1.6374421071173997,2349
2026-02-28 22:11:25.215302,1.6374421071173997,1.6382732623940117,1.637285168470727,1.637285168470727,4142
2026-02-28 22:16:25.215302,1.637285168470727,1.6385451704102951,1.6363298970517497,1.6370167807618594,4137
2026-02-28 22:21:25.215302,1.6370167807618594,1.6384831208599149,1.6361642011255697,1.63689928458692,3687
2026-02-28 22:26:25.215302,1.63689928458692,1.641914336032508,1.6353146730202515,1.641914336032508,1433
2026-02-28 22:31:25.215302,1.641914336032508,1.643203767801821,1.640616657852824,1.6413427651695525,1218
2026-02-28 22:36:25.215302,1.6413427651695525,1.6423349116868748,1.6349357319414088,1.6349357319414088,4053
2026-02-28 22:41:25.215302,1.6349357319414088,1.63578779100383,1.6304720332127338,1.6356917560535262,3635
2026-02-28 22:46:25.215302,1.6356917560535262,1.6361268524039698,1.6308352114322646,1.6308352114322646,4834
2026-02-28 22:51:25.215302,1.6308352114322646,1.631767135316035,1.6299861604538262,1.6299861604538262,3304
2026-02-28 22:56:25.215302,1.6299861604538262,1.632502993209054,1.6283704878105956,1.6285040787671543,4049
2026-02-28 23:01:25.215302,1.6285040787671543,1.632373642090414,1.625963112373579,1.632373642090414,3314
2026-02-28 23:06:25.215302,1.632373642090414,1.6332968757983475,1.631471782767207,1.631471782767207,4479
2026-02-28 23:11:25.215302,1.631471782767207,1.6331172380666534,1.6308748420086523,1.6331172380666534,1568
2026-02-28 23:16:25.215302,1.6331172380666534,1.6383165715586647,1.6321621860169109,1.6383165715586647,4590
2026-02-28 23:21:25.215302,1.6383165715586647,1.6393418962405315,1.6347146464265485,1.6387937970572695,3969
2026-02-28 23:26:25.215302,1.6387937970572695,1.6399881215064183,1.6366217488260066,1.6399881215064183,1987
2026-02-28 23:31:25.215302,1.6399881215064183,1.640038075409304,1.6398111263646706,1.6399154133548541,1735
2026-02-28 23:36:25.215302,1.6399154133548541,1.6400090217118262,1.637683212858921,1.637683212858921,3026
2026-02-28 23:41:25.215302,1.637683212858921,1.6443886476660705,1.6335870953709548,1.6443886476660705,3468
2026-02-28 23:46:25.215302,1.6443886476660705,1.6454742877022055,1.6430549265671723,1.6439435678246481,2937
2026-02-28 23:51:25.215302,1.6439435678246481,1.6452649812947837,1.6423611626571601,1.6423611626571601,2149
2026-02-28 23:56:25.215302,1.6423611626571601,1.643881505432852,1.6368247028296823,1.6368247028296823,4469
2026-03-01 00:01:25.215302,1.6368247028296823,1.6382990076405681,1.6341526454040716,1.6382990076405681,3176
2026-03-01 00:06:25.215302,1.6382990076405681,1.63921831555492,1.6369847467063643,1.6390154799241266,3272
2026-03-01 00:11:25.215302,1.6390154799241266,1.640944627045244,1.638013455093096,1.638013455093096,3784
2026-03-01 00:16:25.215302,1.638013455093096,1.6408888995475266,1.6365043214430162,1.6408888995475266,2329
2026-03-01 00:21:25.215302,1.6408888995475266,1.642245300876913,1.635795669807182,1.635795669807182,1468
2026-03-01 00:26:25.215302,1.635795669807182,1.642238983151039,1.6352617696746519,1.642238983151039,1823
2026-03-01 00:31:25.215302,1.642238983151039,1.643784680943465,1.6368142787430835,1.6368142787430835,1485
2026-03-01 00:36:25.215302,1.6368142787430835,1.6393778774582526,1.6351198377555396,1.6351198377555396,4895
2026-03-01 00:41:25.215302,1.6351198377555396,1.6365738526646205,1.6323152052834582,1.6365738526646205,2158
2026-03-01 00:46:25.215302,1.6365738526646205,1.636713391819923,1.6317958906019177,1.6317958906019177,1905
2026-03-01 00:51:25.215302,1.6317958906019177,1.6323400909090386,1.6294195453710427,1.631008885986014,1964
2026-03-01 00:56:25.215302,1.631008885986014,1.6310223274305657,1.628179011765451,1.628179011765451,1035
2026-03-01 01:01:25.215302,1.628179011765451,1.6281803262406909,1.6268559537252258,1.6268559537252258,1519
2026-03-01 01:06:25.215302,1.6268559537252258,1.6276959812077894,1.6250541307718251,1.6261127346763737,3308
2026-03-01 01:11:25.215302,1.6261127346763737,1.6282900736545074,1.6223330052893545,1.6223330052893545,3001
2026-03-01 01:16:25.215302,1.6223330052893545,1.62266731983698,1.6209682506112373,1.6218978190015112,2689
2026-03-01 01:21:25.215302,1.6218978190015112,1.6226465338337717,1.6174659961970548,1.6174659961970548,1474
2026-03-01 01:26:25.215302,1.6174659961970548,1.6179515769856376,1.6171464223225862,1.6179515769856376,1658
2026-03-01 01:31:25.215302,1.6179515769856376,1.6184058888116992,1.6161015402812893,1.6173971553039885,4797
2026-03-01 01:36:25.215302,1.6173971553039885,1.6203353661394861,1.6165976044275334,1.6165976044275334,1998
2026-03-01 01:41:25.215302,1.6165976044275334,1.617415669288053,1.6152650436212197,1.6152650436212197,1596
2026-03-01 01:46:25.215302,1.6152650436212197,1.6185881774154263,1.614710481911711,1.6185881774154263,3477
2026-03-01 01:51:25.215302,1.6185881774154263,1.6222671407811189,1.6178603070215263,1.6222671407811189,2056
2026-03-01 01:56:25.215302,1.6222671407811189,1.62509612584928,1.6210265773348407,1.62509612584928,3024
2026-03-01 02:01:25.215302,1.62509612584928,1.625326150709871,1.622377585330951,1.622377585330951,2967
2026-03-01 02:06:25.215302,1.622377585330951,1.6242010319909916,1.6191840307643692,1.6191840307643692,1337
2026-03-01 02:11:25.215302,1.6191840307643692,1.6244894939254992,1.617788551537134,1.6244894939254992,2463
2026-03-01 02:16:25.215302,1.6244894939254992,1.6263640609714678,1.6240411937278905,1.6263318779393414,4873
2026-03-01 02:21:25.215302,1.6263318779393414,1.6311964740081042,1.6225889306855572,1.6311964740081042,2504
2026-03-01 02:26:25.215302,1.6311964740081042,1.6376281225501998,1.629444648351429,1.6376281225501998,1428
2026-03-01 02:31:25.215302,1.6376281225501998,1.6388609068034967,1.63336874217071,1.63336874217071,4461
2026-03-01 02:36:25.215302,1.63336874217071,1.639186542533515,1.631878738894444,1.639186542533515,3168
2026-03-01 02:41:25.215302,1.639186542533515,1.6394077846238633,1.638444877289088,1.6394077846238633,4333
2026-03-01 02:46:25.215302,1.6394077846238633,1.6398596379680506,1.633675262827634,1.633675262827634,1130
2026-03-01 02:51:25.215302,1.633675262827634,1.6365591222507787,1.6313744258359202,1.6365591222507787,1888
2026-03-01 02:56:25.215302,1.6365591222507787,1.6374398360656028,1.6291194929539372,1.6291194929539372,1525
2026-03-01 03:01:25.215302,1.6291194929539372,1.6349490390616082,1.626703701936723,1.6349490390616082,1879
2026-03-01 03:06:25.215302,1.6349490390616082,1.6404262729579622,1.6338583159750029,1.6404262729579622,4475
2026-03-01 03:11:25.215302,1.6404262729579622,1.6413055946218302,1.6368430764848123,1.6368430764848123,4283
2026-03-01 03:16:25.215302,1.6368430764848123,1.644092570491784,1.6350628928691338,1.644092570491784,1826
2026-03-01 03:21:25.215302,1.644092570491784,1.645358588423611,1.6431837346725018,1.645358588423611,4705
2026-03-01 03:26:25.215302,1.645358588423611,1.646836538794628,1.6373849656249961,1.6373849656249961,2905
2026-03-01 03:31:25.215302,1.6373849656249961,1.6382288143357169,1.6288207650671798,1.6288207650671798,2515
2026-03-01 03:36:25.215302,1.6288207650671798,1.6293723553864603,1.6248070298029826,1.6248070298029826,1002
2026-03-01 03:41:25.215302,1.6248070298029826,1.6265806991179852,1.6213035330812278,1.6251081689922553,1422
2026-03-01 03:46:25.215302,1.6251081689922553,1.628386180901359,1.624389645536917,1.628386180901359,3103
2026-03-01 03:51:25.215302,1.628386180901359,1.6297122546146927,1.6235188498768145,1.6235188498768145,4682
2026-03-01 03:56:25.215302,1.6235188498768145,1.6242442502103456,1.6224597298117875,1.6225863320111245,4741
2026-03-01 04:01:25.215302,1.6225863320111245,1.6230633966831514,1.6211239228503234,1.6211239228503234,3193
2026-03-01 04:06:25.215302,1.6211239228503234,1.6226471888936886,1.6208224591645561,1.6216428893214465,4091
2026-03-01 04:11:25.215302,1.6216428893214465,1.6237359690915685,1.6193056110240915,1.6193056110240915,4456
2026-03-01 04:16:25.215302,1.6193056110240915,1.6199342004283275,1.6183382055565398,1.6191315144937288,2124
2026-03-01 04:21:25.215302,1.6191315144937288,1.6206001412494158,1.6154306183817566,1.6154306183817566,3347
2026-03-01 04:26:25.215302,1.6154306183817566,1.6157786305855513,1.6114150827649203,1.6114150827649203,1311
2026-03-01 04:31:25.215302,1.6114150827649203,1.6154367053098644,1.6077746114257978,1.6115483021288857,3508
2026-03-01 04:36:25.215302,1.6115483021288857,1.6146155266360962,1.6114669337366445,1.6134722654850209,1542
2026-03-01 04:41:25.215302,1.6134722654850209,1.6148561953845322,1.612183090517141,1.6125986765590734,3563
2026-03-01 04:46:25.215302,1.6125986765590734,1.6148603789598202,1.6112754136163092,1.6148603789598202,3546
2026-03-01 04:51:25.215302,1.6148603789598202,1.6150575900370014,1.6125343113172244,1.6138178283768208,4839
2026-03-01 04:56:25.215302,1.6138178283768208,1.6153372238348442,1.6105606452555392,1.6153372238348442,3990
2026-03-01 05:01:25.215302,1.6153372238348442,1.6160467450972127,1.6098345484492185,1.6098345484492185,3066
2026-03-01 05:06:25.215302,1.6098345484492185,1.6126922296063197,1.6089365178155055,1.6100059016054566,2337
2026-03-01 05:11:25.215302,1.6100059016054566,1.6119289710975522,1.6080611934394424,1.6080611934394424,2808
2026-03-01 05:16:25.215302,1.6080611934394424,1.6081151693648013,1.6051211093261288,1.6051211093261288,4356
2026-03-01 05:21:25.215302,1.6051211093261288,1.605723445021698,1.6002833432709853,1.6002833432709853,1674
2026-03-01 05:26:25.215302,1.6002833432709853,1.6028116840599285,1.597169445613792,1.597169445613792,3712
2026-03-01 05:31:25.215302,1.597169445613792,1.5972630733057644,1.5938884883370579,1.5938884883370579,1422
2026-03-01 05:36:25.215302,1.5938884883370579,1.5975534412135934,1.590435955655135,1.5967594139182268,1042
2026-03-01 05:41:25.215302,1.5967594139182268,1.5967711006050338,1.5936967232740806,1.5936967232740806,1036
2026-03-01 05:46:25.215302,1.5936967232740806,1.5967935349857227,1.5935107391786205,1.5967935349857227,2050
2026-03-01 05:51:25.215302,1.5967935349857227,1.5986019382742231,1.59567211845733,1.5969163462682312,2286
2026-03-01 05:56:25.215302,1.5969163462682312,1.600725253264169,1.5952713106238938,1.600725253264169,3163
2026-03-01 06:01:25.215302,1.600725253264169,1.6010646228423082,1.5974793950777326,1.5974793950777326,1916
2026-03-01 06:06:25.215302,1.5974793950777326,1.5983532255500108,1.5959717326248541,1.5959717326248541,4991
2026-03-01 06:11:25.215302,1.5959717326248541,1.5997269469668982,1.5953088724882867,1.5997269469668982,4520
2026-03-01 06:16:25.215302,1.5997269469668982,1.603561660213259,1.5982719135892174,1.603561660213259,4605
2026-03-01 06:21:25.215302,1.603561660213259,1.6058580754612104,1.6017721352016467,1.6017721352016467,2688
2026-03-01 06:26:25.215302,1.6017721352016467,1.6022829441496056,1.6001831522502181,1.6001831522502181,3958
2026-03-01 06:31:25.215302,1.6001831522502181,1.6018358201905776,1.5978981029665462,1.6018358201905776,4021
2026-03-01 06:36:25.215302,1.6018358201905776,1.6027810551298556,1.6014577200115612,1.6027810551298556,1087
2026-03-01 06:41:25.215302,1.6027810551298556,1.6058280687692976,1.6001874692510838,1.6047469264776981,1225
2026-03-01 06:46:25.215302,1.6047469264776981,1.6085582375918075,1.6028408598936117,1.6028408598936117,1186
2026-03-01 06:51:25.215302,1.6028408598936117,1.6053937656971038,1.6016030187308925,1.6053937656971038,4730
2026-03-01 06:56:25.215302,1.6053937656971038,1.607582214228653,1.6042542975974778,1.6059014523317199,3022
2026-03-01 07:01:25.215302,1.6059014523317199,1.608522987093425,1.6043308800143992,1.608522987093425,3019
2026-03-01 07:06:25.215302,1.608522987093425,1.6102337703268768,1.6075499446228703,1.60878317201432,1231
2026-03-01 07:11:25.215302,1.60878317201432,1.6103700147054625,1.6076264261186084,1.6103700147054625,1648
2026-03-01 07:16:25.215302,1.6103700147054625,1.6109580063326525,1.6070434771746454,1.6070434771746454,1929
2026-03-01 07:21:25.215302,1.6070434771746454,1.6101115333361333,1.6041560142568076,1.6101115333361333,4791
2026-03-01 07:26:25.215302,1.6101115333361333,1.6112609388410442,1.6083789144182965,1.6083789144182965,3900
2026-03-01 07:31:25.215302,1.6083789144182965,1.608864731710985,1.6070239750515227,1.6074249238766876,2021
2026-03-01 07:36:25.215302,1.6074249238766876,1.6136855876048724,1.6068949366678977,1.6136855876048724,1563
2026-03-01 07:41:25.215302,1.6136855876048724,1.6210197425511956,1.6125431229404479,1.6210197425511956,2448
2026-03-01 07:46:25.215302,1.6210197425511956,1.6233572308042066,1.620030106105218,1.6207657213970246,2238
2026-03-01 07:51:25.215302,1.6207657213970246,1.6239890517959152,1.6203200920759795,1.6239890517959152,4598
2026-03-01 07:56:25.215302,1.6239890517959152,1.6252942169771045,1.6210950618295044,1.6210950618295044,4047
2026-03-01 08:01:25.215302,1.6210950618295044,1.6246355549959588,1.6188202134053777,1.6246355549959588,3607
2026-03-01 08:06:25.215302,1.6246355549959588,1.626355365636055,1.623945677791013,1.6261002297241496,4493
2026-03-01 08:11:25.215302,1.6261002297241496,1.6288162101510522,1.625979545908401,1.6288162101510522,2565
2026-03-01 08:16:25.215302,1.6288162101510522,1.6316146008960648,1.6268216510432114,1.6283359961528179,2146
2026-03-01 08:21:25.215302,1.6283359961528179,1.6321020178545675,1.6267562347427247,1.6321020178545675,2248
2026-03-01 08:26:25.215302,1.6321020178545675,1.6343143581935826,1.629061337302462,1.6343143581935826,2513
2026-03-01 08:31:25.215302,1.6343143581935826,1.6354966342062132,1.632834837316627,1.6354966342062132,1175
2026-03-01 08:36:25.215302,1.6354966342062132,1.6387941049430585,1.6336994934941087,1.6387941049430585,2601
2026-03-01 08:41:25.215302,1.6387941049430585,1.642008676013245,1.6367148958486444,1.6367148958486444,1608
2026-03-01 08:46:25.215302,1.6367148958486444,1.6403620526023421,1.6351188024707932,1.637820946644577,1451
2026-03-01 08:51:25.215302,1.637820946644577,1.641235181640342,1.636176785122194,1.641235181640342,4125
2026-03-01 08:56:25.215302,1.641235181640342,1.6451180238289624,1.6403064174173034,1.6451180238289624,3785
2026-03-01 09:01:25.215302,1.6451180238289624,1.6478518716204074,1.6445541950689022,1.6478518716204074,3832
2026-03-01 09:06:25.215302,1.6478518716204074,1.6494335659634178,1.6469258840552106,1.6494335659634178,4853
2026-03-01 09:11:25.215302,1.6494335659634178,1.6495353080149484,1.64498431501748,1.64498431501748,1832
2026-03-01 09:16:25.215302,1.64498431501748,1.6484773700288735,1.6446839548250942,1.6461550007828074,1610
2026-03-01 09:21:25.215302,1.6461550007828074,1.6501383474421811,1.6428799466369057,1.6466374391108018,2766
2026-03-01 09:26:25.215302,1.6466374391108018,1.6501375072127997,1.6458506142339324,1.6501375072127997,2897
2026-03-01 09:31:25.215302,1.6501375072127997,1.650979370069396,1.6463464792236662,1.6463464792236662,3380
2026-03-01 09:36:25.215302,1.6463464792236662,1.6485297067542724,1.640398234313066,1.640398234313066,2963
2026-03-01 09:41:25.215302,1.640398234313066,1.6434224795554382,1.639620262343814,1.6434224795554382,4287
2026-03-01 09:46:25.215302,1.6434224795554382,1.646983745792661,1.6416480168194139,1.646983745792661,3847
2026-03-01 09:51:25.215302,1.646983745792661,1.6479088794348506,1.6448530010996623,1.645872613825656,3017
2026-03-01 09:56:25.215302,1.645872613825656,1.6495785829386354,1.6450287130551369,1.6495785829386354,3233
2026-03-01 10:01:25.215302,1.6495785829386354,1.652534229619008,1.649329206529836,1.652534229619008,3231
2026-03-01 10:06:25.215302,1.652534229619008,1.6525829455760646,1.6469287695172714,1.6469287695172714,2047
2026-03-01 10:11:25.215302,1.6469287695172714,1.6478014559911316,1.6411990339934788,1.6411990339934788,4212
2026-03-01 10:16:25.215302,1.6411990339934788,1.6458628783566178,1.6400339654780853,1.6458628783566178,1152
2026-03-01 10:21:25.215302,1.6458628783566178,1.6477798095778105,1.6427698853529906,1.6450791413686583,3926
2026-03-01 10:26:25.215302,1.6450791413686583,1.653082058662535,1.6450224988584392,1.653082058662535,4397
2026-03-01 10:31:25.215302,1.653082058662535,1.6544565178169401,1.6520227011928508,1.6520227011928508,1298
2026-03-01 10:36:25.215302,1.6520227011928508,1.6535095559659079,1.6510485833800215,1.6535095559659079,4451
2026-03-01 10:41:25.215302,1.6535095559659079,1.6548003411559078,1.652052121018164,1.6548003411559078,4308
2026-03-01 10:46:25.215302,1.6548003411559078,1.6586683389089345,1.6528423911787773,1.6528423911787773,4370
2026-03-01 10:51:25.215302,1.6528423911787773,1.6528684492007912,1.6497738201911907,1.6497738201911907,1490
2026-03-01 10:56:25.215302,1.6497738201911907,1.6517526196490049,1.6482510255241416,1.6501791855436512,3666
2026-03-01 11:01:25.215302,1.6501791855436512,1.6515224103420998,1.6495264054267302,1.6496329071534148,3519
2026-03-01 11:06:25.215302,1.6496329071534148,1.6555930706046103,1.6483667401020508,1.6555930706046103,3263
2026-03-01 11:11:25.215302,1.6555930706046103,1.6563353524467685,1.6543387646289127,1.6546079316300377,4623
2026-03-01 11:16:25.215302,1.6546079316300377,1.6557426166264548,1.6521340666806317,1.6557426166264548,4850
2026-03-01 11:21:25.215302,1.6557426166264548,1.657289665009634,1.6498477627323092,1.6498477627323092,3628
2026-03-01 11:26:25.215302,1.6498477627323092,1.6507194929315239,1.6473077043317237,1.6473077043317237,3447
2026-03-01 11:31:25.215302,1.6473077043317237,1.650370150987952,1.6458780482111293,1.650370150987952,2963
2026-03-01 11:36:25.215302,1.650370150987952,1.6509587933093013,1.6494651540708865,1.6509587933093013,4886
2026-03-01 11:41:25.215302,1.6509587933093013,1.6527834862558095,1.6505148550639754,1.652141193576833,3838
2026-03-01 11:46:25.215302,1.652141193576833,1.652233010200109,1.6470892756376723,1.6470892756376723,2874
2026-03-01 11:51:25.215302,1.6470892756376723,1.648903038190177,1.6468341810132856,1.648903038190177,4700
2026-03-01 11:56:25.215302,1.648903038190177,1.6490138730963766,1.6473193600852505,1.6475280909950276,2580
2026-03-01 12:01:25.215302,1.6475280909950276,1.6496210240665825,1.646350738773475,1.646350738773475,1365
2026-03-01 12:06:25.215302,1.646350738773475,1.6496247806169013,1.6421787740117422,1.6496247806169013,4691
2026-03-01 12:11:25.215302,1.6496247806169013,1.6499523625708217,1.6478891002510128,1.6478891002510128,2064
2026-03-01 12:16:25.215302,1.6478891002510128,1.650993710312253,1.6464380678453672,1.649375046511431,3581
2026-03-01 12:21:25.215302,1.649375046511431,1.649619464044664,1.6460437741541436,1.6473868681423147,3955
2026-03-01 12:26:25.215302,1.6473868681423147,1.6481467425687912,1.6470439389669862,1.6481467425687912,2632
2026-03-01 12:31:25.215302,1.6481467425687912,1.648372015423774,1.6443164435136264,1.6443164435136264,2683
2026-03-01 12:36:25.215302,1.6443164435136264,1.6498254315876102,1.643625578938727,1.6498254315876102,4544
2026-03-01 12:41:25.215302,1.6498254315876102,1.6507832857016627,1.6473328200669068,1.6473328200669068,2894
2026-03-01 12:46:25.215302,1.6473328200669068,1.6500486164679928,1.6439967995009341,1.6439967995009341,1866
2026-03-01 12:51:25.215302,1.6439967995009341,1.645473790245106,1.6418434035016303,1.6430534265934418,1155
2026-03-01 12:56:25.215302,1.6430534265934418,1.6447810324500836,1.642881800701925,1.6447810324500836,3060
2026-03-01 13:01:25.215302,1.6447810324500836,1.648142487696617,1.6438437546381004,1.6477294115013912,1972
2026-03-01 13:06:25.215302,1.6477294115013912,1.6497605494267187,1.645352969833451,1.645352969833451,4282
2026-03-01 13:11:25.215302,1.645352969833451,1.6473980222244884,1.6438431069674184,1.6473980222244884,4119
2026-03-01 13:16:25.215302,1.6473980222244884,1.6484232275283033,1.6463323474071847,1.6463323474071847,2719
2026-03-01 13:21:25.215302,1.6463323474071847,1.6488629231036762,1.644679839436074,1.648749634638884,1499
2026-03-01 13:26:25.215302,1.648749634638884,1.650835001558895,1.6479896843189081,1.650835001558895,4903
2026-03-01 13:31:25.215302,1.650835001558895,1.6508699342355817,1.6497504548027329,1.6497504548027329,2416
2026-03-01 13:36:25.215302,1.6497504548027329,1.651641392547431,1.6488787472330335,1.6495761019535808,2637
2026-03-01 13:41:25.215302,1.6495761019535808,1.6586912526051616,1.648670319493948,1.6586912526051616,4897
2026-03-01 13:46:25.215302,1.6586912526051616,1.6587474276649135,1.6536694243750647,1.6536694243750647,2893
2026-03-01 13:51:25.215302,1.6536694243750647,1.65726946399754,1.653346287512604,1.6562872096727779,2638
2026-03-01 13:56:25.215302,1.6562872096727779,1.6574722447731627,1.6525353475842293,1.6525353475842293,4728
2026-03-01 14:01:25.215302,1.6525353475842293,1.654532555055893,1.6486994924136924,1.6486994924136924,4672
2026-03-01 14:06:25.215302,1.6486994924136924,1.65022554723076,1.6478648873860373,1.65022554723076,2576
2026-03-01 14:11:25.215302,1.65022554723076,1.6563313024912,1.6489127191814816,1.6563313024912,4167
2026-03-01 14:16:25.215302,1.6563313024912,1.6570468891993035,1.654980865906628,1.6570468891993035,4233
2026-03-01 14:21:25.215302,1.6570468891993035,1.6584566121307995,1.6544260664291237,1.6577427129827491,2862
2026-03-01 14:26:25.215302,1.6577427129827491,1.6580754141588991,1.6517689087605891,1.6517689087605891,4997
2026-03-01 14:31:25.215302,1.6517689087605891,1.6536053096670633,1.650799288625097,1.652290038906257,2467
2026-03-01 14:36:25.215302,1.652290038906257,1.6536788523620372,1.647113084531991,1.647113084531991,3644
2026-03-01 14:41:25.215302,1.647113084531991,1.6482152281455393,1.6463993864919166,1.6482152281455393,2570
2026-03-01 14:46:25.215302,1.6482152281455393,1.6510238188123656,1.64609843710998,1.6473417438297548,4770
2026-03-01 14:51:25.215302,1.6473417438297548,1.647949921455852,1.646828782680097,1.647949921455852,4039
2026-03-01 14:56:25.215302,1.647949921455852,1.6484799536843961,1.6444085913310207,1.6444085913310207,4553
2026-03-01 15:01:25.215302,1.6444085913310207,1.6453767622677027,1.643510604594175,1.6453767622677027,1950
2026-03-01 15:06:25.215302,1.6453767622677027,1.6474365380027378,1.6431092382934493,1.6431092382934493,4259
2026-03-01 15:11:25.215302,1.6431092382934493,1.6435472600646424,1.6398461382087137,1.6398461382087137,3547
2026-03-01 15:16:25.215302,1.6398461382087137,1.6420532490437605,1.637164725753875,1.6379888676808638,4889
2026-03-01 15:21:25.215302,1.6379888676808638,1.6386841207118852,1.637002142127032,1.6384254395136801,2916
2026-03-01 15:26:25.215302,1.6384254395136801,1.6417555689925425,1.637938298336808,1.6411068897043661,4600
2026-03-01 15:31:25.215302,1.6411068897043661,1.643640767320234,1.6388194197034034,1.6409804653912228,2133
2026-03-01 15:36:25.215302,1.6409804653912228,1.6441530242557674,1.6389794250282266,1.6441530242557674,2453
2026-03-01 15:41:25.215302,1.6441530242557674,1.6462416090015575,1.6423943943221573,1.6462416090015575,2862
2026-03-01 15:46:25.215302,1.6462416090015575,1.6491761992935061,1.6450210398703253,1.648169082167273,3641
2026-03-01 15:51:25.215302,1.648169082167273,1.6492952931153066,1.6466210395254641,1.6492952931153066,3796
2026-03-01 15:56:25.215302,1.6492952931153066,1.6523720575995453,1.6488695146041825,1.6502077012494702,4847
2026-03-01 16:01:25.215302,1.6502077012494702,1.6521298968587383,1.6477533717209714,1.64965433136937,4305
2026-03-01 16:06:25.215302,1.64965433136937,1.6554990634775026,1.6486043841015356,1.6554990634775026,1344
2026-03-01 16:11:25.215302,1.6554990634775026,1.6580455808307997,1.6554603475586942,1.6580455808307997,1403
2026-03-01 16:16:25.215302,1.6580455808307997,1.6584559834746626,1.6542707310332303,1.6542707310332303,4202
2026-03-01 16:21:25.215302,1.6542707310332303,1.6563335778425547,1.6514806738183736,1.655217918039705,2798
2026-03-01 16:26:25.215302,1.655217918039705,1.6625257452058853,1.6549916018275548,1.6625257452058853,2611
2026-03-01 16:31:25.215302,1.6625257452058853,1.6638086941875354,1.6609705213051216,1.6638086941875354,4399
2026-03-01 16:36:25.215302,1.6638086941875354,1.66526677741634,1.6620665573463718,1.6620665573463718,2549
2026-03-01 16:41:25.215302,1.6620665573463718,1.6627118295591001,1.659337162930151,1.660874842466682,3689
2026-03-01 16:46:25.215302,1.660874842466682,1.661259639644049,1.654775461585942,1.654775461585942,4054
2026-03-01 16:51:25.215302,1.654775461585942,1.6548687664360568,1.6521876458609055,1.6521876458609055,4865
2026-03-01 16:56:25.215302,1.6521876458609055,1.6564098818660389,1.6509755051050794,1.6564098818660389,2136
2026-03-01 17:01:25.215302,1.6564098818660389,1.6567341329799286,1.6543777340473804,1.6544241819949714,1205
2026-03-01 17:06:25.215302,1.6544241819949714,1.6583957352758973,1.652096332429001,1.6566761602993507,2317
2026-03-01 17:11:25.215302,1.6566761602993507,1.6573671859562165,1.6541912202953875,1.6541912202953875,2642
2026-03-01 17:16:25.215302,1.6541912202953875,1.6547829368016593,1.6510116534843449,1.6510116534843449,2289
2026-03-01 17:21:25.215302,1.6510116534843449,1.6551158745109318,1.6506040344554778,1.6551158745109318,4607
2026-03-01 17:26:25.215302,1.6551158745109318,1.6561179254619316,1.6544762600674834,1.6554909646289364,4440
2026-03-01 17:31:25.215302,1.6554909646289364,1.6583763433021934,1.654522051588599,1.6583763433021934,2586
2026-03-01 17:36:25.215302,1.6583763433021934,1.6588664608923969,1.6554396655722856,1.6554396655722856,1191
2026-03-01 17:41:25.215302,1.6554396655722856,1.656025793184437,1.6545330573428878,1.656025793184437,3567
2026-03-01 17:46:25.215302,1.656025793184437,1.6566693060041504,1.6542330508226177,1.6566693060041504,2682
2026-03-01 17:51:25.215302,1.6566693060041504,1.6587816440685,1.6544443322095577,1.6544443322095577,3392
2026-03-01 17:56:25.215302,1.6544443322095577,1.6570104207541838,1.653686993785982,1.653686993785982,4049
2026-03-01 18:01:25.215302,1.653686993785982,1.654227698268676,1.6501849944875897,1.6501849944875897,4234
2026-03-01 18:06:25.215302,1.6501849944875897,1.6528102792342656,1.6492810433608192,1.6508279792532243,1778
2026-03-01 18:11:25.215302,1.6508279792532243,1.6542051612665591,1.6491965134358464,1.6542051612665591,2070
2026-03-01 18:16:25.215302,1.6542051612665591,1.6566692480089988,1.653366314574894,1.653408838169381,1939
2026-03-01 18:21:25.215302,1.653408838169381,1.6589718763489818,1.6486635867692854,1.6486635867692854,2159
2026-03-01 18:26:25.215302,1.6486635867692854,1.649086690526667,1.6452545334869706,1.6452545334869706,3226
2026-03-01 18:31:25.215302,1.6452545334869706,1.6480741733428974,1.642980591600968,1.6480741733428974,3964
2026-03-01 18:36:25.215302,1.6480741733428974,1.6489255559841145,1.646431846399382,1.6486148839381987,1284
2026-03-01 18:41:25.215302,1.6486148839381987,1.6502040484502103,1.641461904391546,1.641461904391546,2952
2026-03-01 18:46:25.215302,1.641461904391546,1.6437169601222308,1.6386657203128416,1.6386657203128416,1226
2026-03-01 18:51:25.215302,1.6386657203128416,1.6397638634887752,1.6370784277901251,1.6370784277901251,1882
2026-03-01 18:56:25.215302,1.6370784277901251,1.6380485601296908,1.6345612561529281,1.6345612561529281,4254
2026-03-01 19:01:25.215302,1.6345612561529281,1.636250491310805,1.6324427065573817,1.635633269364295,3732
2026-03-01 19:06:25.215302,1.635633269364295,1.6380174680703194,1.6343797140815266,1.6345175217905255,1505
2026-03-01 19:11:25.215302,1.6345175217905255,1.6370758123990239,1.6334856637689077,1.6334856637689077,3184
2026-03-01 19:16:25.215302,1.6334856637689077,1.6343219024866926,1.6288563057627359,1.6288563057627359,3879
2026-03-01 19:21:25.215302,1.6288563057627359,1.6317723931914851,1.6284966229370041,1.6317723931914851,2054
2026-03-01 19:26:25.215302,1.6317723931914851,1.632742436333759,1.6308295415945067,1.632742436333759,3964
2026-03-01 19:31:25.215302,1.632742436333759,1.6356430091100012,1.6321985584901801,1.6356430091100012,1334
2026-03-01 19:36:25.215302,1.6356430091100012,1.6359729367868492,1.6290906369624587,1.6290906369624587,2872
2026-03-01 19:41:25.215302,1.6290906369624587,1.6294299369230851,1.6262833116812137,1.6262833116812137,4436
2026-03-01 19:46:25.215302,1.6262833116812137,1.6293264702658545,1.626111363347062,1.6293264702658545,4830
2026-03-01 19:51:25.215302,1.6293264702658545,1.636036639143516,1.627840334263493,1.636036639143516,2021
2026-03-01 19:56:25.215302,1.636036639143516,1.637068863082555,1.6339492154103308,1.6350048493706661,1132
2026-03-01 20:01:25.215302,1.6350048493706661,1.6371516795124477,1.6344576801786952,1.6358589116573865,3018
2026-03-01 20:06:25.215302,1.6358589116573865,1.6405232531547838,1.6340746017411856,1.6405232531547838,2244
2026-03-01 20:11:25.215302,1.6405232531547838,1.6425067871499883,1.637649272257264,1.637649272257264,3723
2026-03-01 20:16:25.215302,1.637649272257264,1.6394642865895424,1.6330416301138466,1.6331770103368832,3800
2026-03-01 20:21:25.215302,1.6331770103368832,1.636494014539512,1.632352384330515,1.636494014539512,4028
2026-03-01 20:26:25.215302,1.636494014539512,1.63911637258937,1.6327376541061827,1.6327376541061827,4892
2026-03-01 20:31:25.215302,1.6327376541061827,1.6332558914973103,1.630560148993301,1.630560148993301,1446
2026-03-01 20:36:25.215302,1.630560148993301,1.6342666005736843,1.6300849715764543,1.6342666005736843,2631
2026-03-01 20:41:25.215302,1.6342666005736843,1.6350491668344986,1.633352207359084,1.6350178498989003,4955
2026-03-01 20:46:25.215302,1.6350178498989003,1.6366156045514335,1.6340401145328514,1.635281104253923,3135
2026-03-01 20:51:25.215302,1.635281104253923,1.635861997946573,1.632371560643551,1.632371560643551,3754
2026-03-01 20:56:25.215302,1.632371560643551,1.6348600731939433,1.6283188405049906,1.6283188405049906,2584
2026-03-01 21:01:25.215302,1.6283188405049906,1.6351902360411195,1.6269623173677354,1.6351902360411195,3203
2026-03-01 21:06:25.215302,1.6351902360411195,1.6416671777680505,1.6347438634704219,1.6416671777680505,2572
2026-03-01 21:11:25.215302,1.6416671777680505,1.6479049502145886,1.64098974389661,1.6479049502145886,1159
2026-03-01 21:16:25.215302,1.6479049502145886,1.6529153155762497,1.6471019916928582,1.6491514298116794,3993
2026-03-01 21:21:25.215302,1.6491514298116794,1.6517787779606345,1.6475609658753494,1.6517787779606345,4583
2026-03-01 21:26:25.215302,1.6517787779606345,1.6537623005828483,1.648506451951301,1.648506451951301,1732
2026-03-01 21:31:25.215302,1.648506451951301,1.6538106172287164,1.6467793366949304,1.6538106172287164,2879
2026-03-01 21:36:25.215302,1.6538106172287164,1.6563920379072308,1.6505973098592195,1.6505973098592195,2638
2026-03-01 21:41:25.215302,1.6505973098592195,1.6521077408448244,1.6500216784542512,1.6521077408448244,4226
2026-03-01 21:46:25.215302,1.6521077408448244,1.6570334499090171,1.6503457296676278,1.6570334499090171,4349
2026-03-01 21:51:25.215302,1.6570334499090171,1.6620512370028004,1.6564037628297115,1.6620512370028004,4950
2026-03-01 21:56:25.215302,1.6620512370028004,1.6626944477438503,1.6600516429161154,1.661305592125533,1393
2026-03-01 22:01:25.215302,1.661305592125533,1.6633644977517725,1.6603899126596242,1.6633644977517725,1625
2026-03-01 22:06:25.215302,1.6633644977517725,1.6646048730741232,1.6587664788361793,1.6587664788361793,1612
2026-03-01 22:11:25.215302,1.6587664788361793,1.6637512443468672,1.6585128523986865,1.6637512443468672,1085
2026-03-01 22:16:25.215302,1.6637512443468672,1.6647146771317427,1.6623801541941075,1.663619284378345,2591
2026-03-01 22:21:25.215302,1.663619284378345,1.666755006621169,1.663515722653722,1.666755006621169,3025
2026-03-01 22:26:25.215302,1.666755006621169,1.6692528570027045,1.6657602202399422,1.6672202488696364,3718
2026-03-01 22:31:25.215302,1.6672202488696364,1.6761592289867069,1.6628350335476134,1.6761592289867069,2407
2026-03-01 22:36:25.215302,1.6761592289867069,1.6776983362309488,1.67260497630115,1.67260497630115,4355
2026-03-01 22:41:25.215302,1.67260497630115,1.6802117571117514,1.672596515934665,1.6802117571117514,3790
2026-03-01 22:46:25.215302,1.6802117571117514,1.6844862852273401,1.6790690997208892,1.6844862852273401,2480
2026-03-01 22:51:25.215302,1.6844862852273401,1.6906407757392456,1.6820019884534045,1.6906407757392456,2308
2026-03-01 22:56:25.215302,1.6906407757392456,1.6920047588353124,1.6887539082757195,1.6920047588353124,4501
2026-03-01 23:01:25.215302,1.6920047588353124,1.692063343058397,1.6892831497352558,1.6911030073705688,2328
2026-03-01 23:06:25.215302,1.6911030073705688,1.6927789077436652,1.6884540658964915,1.6927789077436652,1983
2026-03-01 23:11:25.215302,1.6927789077436652,1.6950977669259766,1.6905736468079724,1.6923347258589188,4799
2026-03-01 23:16:25.215302,1.6923347258589188,1.69345466452922,1.6900369640070785,1.6900369640070785,1591
2026-03-01 23:21:25.215302,1.6900369640070785,1.6939030486722375,1.686774555636493,1.6939030486722375,3738
2026-03-01 23:26:25.215302,1.6939030486722375,1.6948824602520964,1.6930854033844869,1.6935496315421656,4005
2026-03-01 23:31:25.215302,1.6935496315421656,1.6952780206237053,1.691205883065868,1.691205883065868,1424
2026-03-01 23:36:25.215302,1.691205883065868,1.6929617954659684,1.6886743060047287,1.6924203057801208,2367
2026-03-01 23:41:25.215302,1.6924203057801208,1.6947427051470167,1.6908812053431694,1.6908812053431694,3969
2026-03-01 23:46:25.215302,1.6908812053431694,1.6913951119796382,1.6877342749985453,1.6877342749985453,2967
2026-03-01 23:51:25.215302,1.6877342749985453,1.690752585059881,1.6867563258007896,1.690752585059881,4884
2026-03-01 23:56:25.215302,1.690752585059881,1.6938627682257292,1.6900474639664989,1.6920753664415071,3743
2026-03-02 00:01:25.215302,1.6920753664415071,1.693148903876273,1.686262882816581,1.686262882816581,2884
2026-03-02 00:06:25.215302,1.686262882816581,1.6865596210068805,1.6836219961974617,1.6836219961974617,4555
2026-03-02 00:11:25.215302,1.6836219961974617,1.6865389905710813,1.683353881623728,1.6865389905710813,3378
2026-03-02 00:16:25.215302,1.6865389905710813,1.6880194916239635,1.6850185149470946,1.6850185149470946,3832
2026-03-02 00:21:25.215302,1.6850185149470946,1.687703273713562,1.6828592636853816,1.6832398455734556,1924
2026-03-02 00:26:25.215302,1.6832398455734556,1.6867940408433026,1.682226017810055,1.6853360136287305,4829
2026-03-02 00:31:25.215302,1.6853360136287305,1.690721996387453,1.6841516906798306,1.690721996387453,3630
2026-03-02 00:36:25.215302,1.690721996387453,1.6936056081302606,1.6902765798736175,1.6936056081302606,4432
2026-03-02 00:41:25.215302,1.6936056081302606,1.6956387817799037,1.693465281936517,1.6938688437136773,2180
2026-03-02 00:46:25.215302,1.6938688437136773,1.6951291038576455,1.6903153954638381,1.6903153954638381,4689
2026-03-02 00:51:25.215302,1.6903153954638381,1.692530367426666,1.6849650651825383,1.6849650651825383,3420
2026-03-02 00:56:25.215302,1.6849650651825383,1.6869284279197758,1.6812960332177498,1.6812960332177498,4258
2026-03-02 01:01:25.215302,1.6812960332177498,1.682451367141047,1.6755504644642023,1.6755504644642023,3895
2026-03-02 01:06:25.215302,1.6755504644642023,1.6778195455282614,1.674499768096523,1.674499768096523,2926
2026-03-02 01:11:25.215302,1.674499768096523,1.6754457179433477,1.6728581808589393,1.6736709083605532,2134
2026-03-02 01:16:25.215302,1.6736709083605532,1.6772502194928516,1.6733687826411172,1.6772502194928516,4995
2026-03-02 01:21:25.215302,1.6772502194928516,1.6790737659487336,1.675761868788518,1.6782021523137614,2453
2026-03-02 01:26:25.215302,1.6782021523137614,1.6800816109860424,1.677460370660593,1.6800816109860424,1890
2026-03-02 01:31:25.215302,1.6800816109860424,1.6808791887572387,1.6760638722849728,1.6760638722849728,4714
2026-03-02 01:36:25.215302,1.6760638722849728,1.6783139041031012,1.6754159259669352,1.6783139041031012,1947
2026-03-02 01:41:25.215302,1.6783139041031012,1.6787300265393796,1.672614039974599,1.672614039974599,1368
2026-03-02 01:46:25.215302,1.672614039974599,1.6763385858272732,1.6706453933706369,1.6763385858272732,1249
2026-03-02 01:51:25.215302,1.6763385858272732,1.6788294635010466,1.6762253188290936,1.6788294635010466,2197
2026-03-02 01:56:25.215302,1.6788294635010466,1.679932958599658,1.6777301464007062,1.6796047914002707,4535
2026-03-02 02:01:25.215302,1.6796047914002707,1.6887473795336203,1.6773281948114072,1.6887473795336203,3701
2026-03-02 02:06:25.215302,1.6887473795336203,1.692792904793411,1.687149188813845,1.692792904793411,4506
2026-03-02 02:11:25.215302,1.692792904793411,1.6961773438068233,1.6901486945190938,1.6935365527250137,4596
2026-03-02 02:16:25.215302,1.6935365527250137,1.69441483589104,1.6904830917572446,1.6904830917572446,1775
2026-03-02 02:21:25.215302,1.6904830917572446,1.6919602228408948,1.6893905827813918,1.6918471556438786,3046
2026-03-02 02:26:25.215302,1.6918471556438786,1.696012262717788,1.689110076937497,1.696012262717788,3535
2026-03-02 02:31:25.215302,1.696012262717788,1.6964709177928774,1.6923883586885955,1.6927924907537295,3368
2026-03-02 02:36:25.215302,1.6927924907537295,1.6964260424161435,1.6890986698645574,1.6890986698645574,1680
2026-03-02 02:41:25.215302,1.6890986698645574,1.689799934134688,1.6863876772684652,1.689799934134688,3764
2026-03-02 02:46:25.215302,1.689799934134688,1.6898838833188459,1.687616582334754,1.6884572091342014,1550
2026-03-02 02:51:25.215302,1.6884572091342014,1.6902129157426933,1.686463713663512,1.686463713663512,4905
2026-03-02 02:56:25.215302,1.686463713663512,1.686917024684012,1.6848926633084509,1.6848926633084509,3259
2026-03-02 03:01:25.215302,1.6848926633084509,1.6849390825766484,1.681951011546484,1.681951011546484,2070
2026-03-02 03:06:25.215302,1.681951011546484,1.6858910862410206,1.6798530550511162,1.6798530550511162,2099
2026-03-02 03:11:25.215302,1.6798530550511162,1.6803988443576579,1.675930716863043,1.6787843881003532,3049
2026-03-02 03:16:25.215302,1.6787843881003532,1.684205558590418,1.6754681595521992,1.684205558590418,1651
2026-03-02 03:21:25.215302,1.684205558590418,1.6870277088195575,1.6818515535277843,1.6870277088195575,3886
2026-03-02 03:26:25.215302,1.6870277088195575,1.687776215341082,1.6863320649910336,1.6866735446251906,1232
2026-03-02 03:31:25.215302,1.6866735446251906,1.6874382227917837,1.6808284563820832,1.6808284563820832,4999
2026-03-02 03:36:25.215302,1.6808284563820832,1.6814125679766123,1.6786613053162627,1.6786613053162627,1759
2026-03-02 03:41:25.215302,1.6786613053162627,1.679799959920012,1.6763506966745312,1.6763506966745312,4464
2026-03-02 03:46:25.215302,1.6763506966745312,1.6839754657688917,1.6759515026339404,1.6839754657688917,3424
2026-03-02 03:51:25.215302,1.6839754657688917,1.6843776419850494,1.6781613441952394,1.6781613441952394,1059
2026-03-02 03:56:25.215302,1.6781613441952394,1.6782990884509499,1.671997030962609,1.671997030962609,1860
2026-03-02 04:01:25.215302,1.671997030962609,1.6752568439869935,1.669828796197927,1.6700329681291775,2193
2026-03-02 04:06:25.215302,1.6700329681291775,1.672490101375605,1.666623713405838,1.666623713405838,4851
2026-03-02 04:11:25.215302,1.666623713405838,1.669035494855925,1.6648344570520672,1.6669797763659435,2912
2026-03-02 04:16:25.215302,1.6669797763659435,1.6697436743375624,1.664154270538069,1.664154270538069,2005
2026-03-02 04:21:25.215302,1.664154270538069,1.6647991748153317,1.6608306241404003,1.6608306241404003,3633
2026-03-02 04:26:25.215302,1.6608306241404003,1.662165064606722,1.6590968022223918,1.6614085354391075,1275
2026-03-02 04:31:25.215302,1.6614085354391075,1.663433049256289,1.6578116816577093,1.6578116816577093,1373
2026-03-02 04:36:25.215302,1.6578116816577093,1.659593226197607,1.6571811803534362,1.6577620620364137,4983
2026-03-02 04:41:25.215302,1.6577620620364137,1.6612105747503216,1.657274116789281,1.6612105747503216,2370
2026-03-02 04:46:25.215302,1.6612105747503216,1.661610884331719,1.658032809525545,1.658032809525545,2553
2026-03-02 04:51:25.215302,1.658032809525545,1.6660247180449765,1.6566912035762802,1.6660247180449765,4768
2026-03-02 04:56:25.215302,1.6660247180449765,1.6664494046937162,1.6586779981963111,1.6586779981963111,4892
2026-03-02 05:01:25.215302,1.6586779981963111,1.6603452532837533,1.6585707850694997,1.6592946707850311,3458
2026-03-02 05:06:25.215302,1.6592946707850311,1.6622139564513878,1.6559527111934693,1.6559527111934693,1471
2026-03-02 05:11:25.215302,1.6559527111934693,1.6583288246274608,1.6557028823865336,1.6558706806212589,1163
2026-03-02 05:16:25.215302,1.6558706806212589,1.6589805767104913,1.6540607643661545,1.6589805767104913,1117
2026-03-02 05:21:25.215302,1.6589805767104913,1.6618794295517232,1.6581360945684864,1.6593634749899344,3804
2026-03-02 05:26:25.215302,1.6593634749899344,1.6617940841847845,1.6565099429141255,1.6617940841847845,4987
2026-03-02 05:31:25.215302,1.6617940841847845,1.6635992997132505,1.660220865930257,1.6616219413324775,4797
2026-03-02 05:36:25.215302,1.6616219413324775,1.663538692675238,1.6608246308297572,1.6608246308297572,3375
2026-03-02 05:41:25.215302,1.6608246308297572,1.6637911787702337,1.6594768968679725,1.660126688144093,3264
2026-03-02 05:46:25.215302,1.660126688144093,1.6634785173024667,1.6560995987036364,1.6560995987036364,1872
2026-03-02 05:51:25.215302,1.6560995987036364,1.6561236139260862,1.6553997541903849,1.6553997541903849,3778
2026-03-02 05:56:25.215302,1.6553997541903849,1.6588053470490498,1.6550603902853473,1.6588053470490498,3890
2026-03-02 06:01:25.215302,1.6588053470490498,1.660388188623291,1.6568180804699097,1.6575877422749308,2363
2026-03-02 06:06:25.215302,1.6575877422749308,1.6576783953416654,1.6554209950695797,1.6554209950695797,1799
2026-03-02 06:11:25.215302,1.6554209950695797,1.6561766382283318,1.6541414452905696,1.6541414452905696,3348
2026-03-02 06:16:25.215302,1.6541414452905696,1.6550144386801249,1.6539387792251117,1.6549877516138878,2491
2026-03-02 06:21:25.215302,1.6549877516138878,1.6558585938198431,1.6513942056792532,1.6513942056792532,1897
2026-03-02 06:26:25.215302,1.6513942056792532,1.6551622584549386,1.6495347530975313,1.6497791069530638,2866
2026-03-02 06:31:25.215302,1.6497791069530638,1.6514478943124904,1.6478494583156083,1.6478494583156083,2613
2026-03-02 06:36:25.215302,1.6478494583156083,1.6497665533497656,1.6458344523446562,1.6497665533497656,2172
2026-03-02 06:41:25.215302,1.6497665533497656,1.6515302281534847,1.6487559173380586,1.6512337070124088,1099
2026-03-02 06:46:25.215302,1.6512337070124088,1.652005259861304,1.6484017632927734,1.6484017632927734,1523
2026-03-02 06:51:25.215302,1.6484017632927734,1.6504293952751676,1.6399110693222136,1.6399110693222136,4184
2026-03-02 06:56:25.215302,1.6399110693222136,1.6425978499692677,1.6371408551296267,1.6371408551296267,1457
2026-03-02 07:01:25.215302,1.6371408551296267,1.6415737326371636,1.6358634397100047,1.6415737326371636,3438
2026-03-02 07:06:25.215302,1.6415737326371636,1.6433895171309612,1.6403854477378506,1.6433895171309612,3434
2026-03-02 07:11:25.215302,1.6433895171309612,1.6494948781764416,1.6431228542745904,1.6494948781764416,1793
2026-03-02 07:16:25.215302,1.6494948781764416,1.6511293557387112,1.6475933054291356,1.6475933054291356,1825
2026-03-02 07:21:25.215302,1.6475933054291356,1.6486772782118602,1.6455964751773238,1.6486772782118602,3347
2026-03-02 07:26:25.215302,1.6486772782118602,1.6534260324662342,1.648419201820609,1.6534260324662342,3571
2026-03-02 07:31:25.215302,1.6534260324662342,1.654520408682046,1.6531291437598645,1.6536104146493487,4634
2026-03-02 07:36:25.215302,1.6536104146493487,1.6572657743698553,1.6528222215217812,1.6572657743698553,4231
2026-03-02 07:41:25.215302,1.6572657743698553,1.658478261915931,1.6547325848697487,1.6560864190596876,3125
2026-03-02 07:46:25.215302,1.6560864190596876,1.6615067746252783,1.6552391293613993,1.6615067746252783,3458
2026-03-02 07:51:25.215302,1.6615067746252783,1.6624304593293955,1.6613407265695823,1.6624304593293955,2652
2026-03-02 07:56:25.215302,1.6624304593293955,1.6666589644906398,1.6607002790443466,1.6666589644906398,1851
2026-03-02 08:01:25.215302,1.6666589644906398,1.6669584245194873,1.6627667181401105,1.6627667181401105,3744
2026-03-02 08:06:25.215302,1.6627667181401105,1.665952177861462,1.6613992591846811,1.6648316557012917,3753
2026-03-02 08:11:25.215302,1.6648316557012917,1.665558926131829,1.6640143080397471,1.664376665745493,1391
2026-03-02 08:16:25.215302,1.664376665745493,1.6673160741631528,1.6625689563959694,1.6627480334999043,2255
2026-03-02 08:21:25.215302,1.6627480334999043,1.6632708253146775,1.6607403989778045,1.6607403989778045,3138
2026-03-02 08:26:25.215302,1.6607403989778045,1.661243067262539,1.6587471687829316,1.6587471687829316,1465
2026-03-02 08:31:25.215302,1.6587471687829316,1.663849404867004,1.658576853762796,1.663849404867004,1660
2026-03-02 08:36:25.215302,1.663849404867004,1.6666083206795086,1.662506907054028,1.6666083206795086,2833
2026-03-02 08:41:25.215302,1.6666083206795086,1.6666235661420639,1.6636253735673852,1.6636253735673852,3129
2026-03-02 08:46:25.215302,1.6636253735673852,1.6646293729751074,1.6629311075078215,1.6638061349797832,1660
2026-03-02 08:51:25.215302,1.6638061349797832,1.6666427377328763,1.6634012434393457,1.6664653694853868,1306
2026-03-02 08:56:25.215302,1.6664653694853868,1.669906140760608,1.6614898489306982,1.6642171974633753,1157
2026-03-02 09:01:25.215302,1.6642171974633753,1.66531258057123,1.6603157273259512,1.6603157273259512,3763
2026-03-02 09:06:25.215302,1.6603157273259512,1.66159038384611,1.6528043868370361,1.6528043868370361,3861
2026-03-02 09:11:25.215302,1.6528043868370361,1.654738255498643,1.6516984903045915,1.6547252899769775,1904
2026-03-02 09:16:25.215302,1.6547252899769775,1.6617493176515448,1.6526164298733783,1.6617493176515448,3075
2026-03-02 09:21:25.215302,1.6617493176515448,1.6639511801624431,1.6596666193733642,1.6639511801624431,4694
2026-03-02 09:26:25.215302,1.6639511801624431,1.6645557819451429,1.6634015223299872,1.6645557819451429,1190
2026-03-02 09:31:25.215302,1.6645557819451429,1.6682851388454676,1.6637590266717424,1.6682217808739876,3615
2026-03-02 09:36:25.215302,1.6682217808739876,1.6714473114172803,1.6670600117916403,1.6714473114172803,3828
2026-03-02 09:41:25.215302,1.6714473114172803,1.6763093655125494,1.6705647004415294,1.6763093655125494,2387
2026-03-02 09:46:25.215302,1.6763093655125494,1.6790774216406994,1.6741109996022976,1.6782830380166505,1246
2026-03-02 09:51:25.215302,1.6782830380166505,1.681485324698336,1.6773121437666219,1.6797157597997916,3755
2026-03-02 09:56:25.215302,1.6797157597997916,1.6804582578276583,1.6776639011423906,1.6783770237995628,4701
2026-03-02 10:01:25.215302,1.6783770237995628,1.6803382052155327,1.6774940556789673,1.6783753381954245,2527
2026-03-02 10:06:25.215302,1.6783753381954245,1.6796699314365653,1.6777470639859013,1.6777470639859013,2306
2026-03-02 10:11:25.215302,1.6777470639859013,1.6780282563877373,1.6759463984814575,1.6759463984814575,2527
2026-03-02 10:16:25.215302,1.6759463984814575,1.6775502865638732,1.6690969440158412,1.6690969440158412,3529
2026-03-02 10:21:25.215302,1.6690969440158412,1.6697614593323942,1.665463391432082,1.6685781117599818,3341
2026-03-02 10:26:25.215302,1.6685781117599818,1.6689173800632833,1.6659461970256675,1.6659461970256675,4555
2026-03-02 10:31:25.215302,1.6659461970256675,1.6664783603984517,1.6641871676446038,1.666110003644867,2208
2026-03-02 10:36:25.215302,1.666110003644867,1.6680216667658367,1.6592344224662465,1.6592344224662465,3112
2026-03-02 10:41:25.215302,1.6592344224662465,1.6624393918255205,1.6510212737393086,1.6510212737393086,3228
2026-03-02 10:46:25.215302,1.6510212737393086,1.6551471086706684,1.6491785468449225,1.6551471086706684,4731
2026-03-02 10:51:25.215302,1.6551471086706684,1.6580315807845254,1.6510355781422812,1.6510355781422812,2021
2026-03-02 10:56:25.215302,1.6510355781422812,1.652580757854377,1.646438320610193,1.646438320610193,4771
2026-03-02 11:01:25.215302,1.646438320610193,1.6479948859524725,1.6404324169925546,1.6404324169925546,3186
2026-03-02 11:06:25.215302,1.6404324169925546,1.6433238242731703,1.6387904780718405,1.6433238242731703,4460
2026-03-02 11:11:25.215302,1.6433238242731703,1.64545433176381,1.6405310271871185,1.64545433176381,3759
2026-03-02 11:16:25.215302,1.64545433176381,1.6460356290364277,1.643958320646139,1.643958320646139,3315
2026-03-02 11:21:25.215302,1.643958320646139,1.645253845119882,1.643859474971831,1.6445046826090544,1340
2026-03-02 11:26:25.215302,1.6445046826090544,1.6461616159652996,1.6428530955940657,1.6446861463509859,3003
2026-03-02 11:31:25.215302,1.6446861463509859,1.645298062237312,1.6397187957739374,1.6397187957739374,4976
2026-03-02 11:36:25.215302,1.6397187957739374,1.6427681929091178,1.6390371935096177,1.6427681929091178,4981
2026-03-02 11:41:25.215302,1.6427681929091178,1.6430833768143338,1.6411411296180825,1.6419250861855232,2441
2026-03-02 11:46:25.215302,1.6419250861855232,1.6445038849852764,1.6411261512251862,1.6445038849852764,1286
2026-03-02 11:51:25.215302,1.6445038849852764,1.6461149290588661,1.6409480515442756,1.642792282625766,1373
2026-03-02 11:56:25.215302,1.642792282625766,1.6450027375396452,1.6422562639589484,1.6450027375396452,4603
2026-03-02 12:01:25.215302,1.6450027375396452,1.6455286065876247,1.642208337094207,1.642208337094207,4012
2026-03-02 12:06:25.215302,1.642208337094207,1.6430999116237204,1.6411518073279432,1.6423371858229003,4610
2026-03-02 12:11:25.215302,1.6423371858229003,1.6427797548209013,1.6419087870239935,1.6419087870239935,4922
2026-03-02 12:16:25.215302,1.6419087870239935,1.643576577371062,1.6418068411433377,1.643576577371062,2545
2026-03-02 12:21:25.215302,1.643576577371062,1.6458021206517368,1.6435155501321372,1.6458021206517368,1341
2026-03-02 12:26:25.215302,1.6458021206517368,1.6490775670479938,1.6445353624931514,1.6461473077279483,3085
2026-03-02 12:31:25.215302,1.6461473077279483,1.6467485742010206,1.6447755457257653,1.6447755457257653,2663
2026-03-02 12:36:25.215302,1.6447755457257653,1.6493324790284518,1.6438135010455177,1.6493324790284518,4801
2026-03-02 12:41:25.215302,1.6493324790284518,1.6505235619786423,1.6492300731498977,1.6505235619786423,4951
2026-03-02 12:46:25.215302,1.6505235619786423,1.6509083231184882,1.6481084122948335,1.6481084122948335,4438
2026-03-02 12:51:25.215302,1.6481084122948335,1.6517735107345377,1.6466552095166547,1.6466552095166547,1141
2026-03-02 12:56:25.215302,1.6466552095166547,1.6504415509943506,1.6465697506750807,1.6504415509943506,4929
2026-03-02 13:01:25.215302,1.6504415509943506,1.6550078581654082,1.6478216021090053,1.6550078581654082,2360
2026-03-02 13:06:25.215302,1.6550078581654082,1.6574949876501344,1.6526505304400527,1.6526505304400527,3904
2026-03-02 13:11:25.215302,1.6526505304400527,1.6532333377308945,1.6517396371441773,1.6531753687676929,1835
2026-03-02 13:16:25.215302,1.6531753687676929,1.6549635453890192,1.6520357629603724,1.6549635453890192,1629
2026-03-02 13:21:25.215302,1.6549635453890192,1.6567363381550502,1.6509237794974219,1.6509237794974219,4939
2026-03-02 13:26:25.215302,1.6509237794974219,1.6522896890370455,1.6452347028733278,1.6452347028733278,4802
2026-03-02 13:31:25.215302,1.6452347028733278,1.647111272079964,1.6413994235593112,1.6413994235593112,2829
2026-03-02 13:36:25.215302,1.6413994235593112,1.643645528350996,1.638261596449466,1.641718967383768,1447
2026-03-02 13:41:25.215302,1.641718967383768,1.643632073285119,1.6416852497355727,1.6428704785874753,4109
2026-03-02 13:46:25.215302,1.6428704785874753,1.6430602392186398,1.6415851588241397,1.6415851588241397,4627
2026-03-02 13:51:25.215302,1.6415851588241397,1.6427050216744192,1.6413514649907643,1.6413514649907643,2500
2026-03-02 13:56:25.215302,1.6413514649907643,1.6422884404333011,1.6398025418056486,1.6404284795172976,4858
2026-03-02 14:01:25.215302,1.6404284795172976,1.643685833615377,1.638570188549571,1.6406118244984285,3937
2026-03-02 14:06:25.215302,1.6406118244984285,1.642776965349131,1.637161462126573,1.637161462126573,3402
2026-03-02 14:11:25.215302,1.637161462126573,1.6383701343190964,1.6349075772087651,1.636574391758781,3903
2026-03-02 14:16:25.215302,1.636574391758781,1.6382579523879597,1.6327648336429554,1.6327648336429554,3793
2026-03-02 14:21:25.215302,1.6327648336429554,1.6368835212407589,1.6312078097628915,1.636795894816343,3391
2026-03-02 14:26:25.215302,1.636795894816343,1.638474312996119,1.6366647606799105,1.638474312996119,2271
2026-03-02 14:31:25.215302,1.638474312996119,1.6403053812768693,1.6377877496904065,1.6389688579094506,4799
2026-03-02 14:36:25.215302,1.6389688579094506,1.6415922731776564,1.6369348603731992,1.6415922731776564,1139
2026-03-02 14:41:25.215302,1.6415922731776564,1.6427738069778808,1.6379975434749328,1.6421475446773295,4192
2026-03-02 14:46:25.215302,1.6421475446773295,1.6431251029347915,1.6393299817675995,1.6393299817675995,2402
2026-03-02 14:51:25.215302,1.6393299817675995,1.6442802469986606,1.637238841872451,1.6442802469986606,2330
2026-03-02 14:56:25.215302,1.6442802469986606,1.6458023294846647,1.641134065354689,1.641134065354689,2816
2026-03-02 15:01:25.215302,1.641134065354689,1.6422322151705577,1.6401495691895547,1.6422322151705577,1206
2026-03-02 15:06:25.215302,1.6422322151705577,1.6455170917710287,1.6404739774768038,1.6449067683321126,3140
2026-03-02 15:11:25.215302,1.6449067683321126,1.6500881530900753,1.6437971427677776,1.6445753398174232,3703
2026-03-02 15:16:25.215302,1.6445753398174232,1.6483416807263356,1.6431804719951875,1.6483416807263356,3543
2026-03-02 15:21:25.215302,1.6483416807263356,1.6507281270632195,1.6465483477575606,1.6465483477575606,2721
2026-03-02 15:26:25.215302,1.6465483477575606,1.6491489020687295,1.6431371928558476,1.6449513963915225,4430
2026-03-02 15:31:25.215302,1.6449513963915225,1.6476979906035636,1.6427929550887401,1.6476979906035636,4770
2026-03-02 15:36:25.215302,1.6476979906035636,1.6486969244193461,1.6415364818882248,1.6415364818882248,3395
2026-03-02 15:41:25.215302,1.6415364818882248,1.6417171619189612,1.635029510480122,1.635029510480122,4192
2026-03-02 15:46:25.215302,1.635029510480122,1.6385498117447015,1.6335394069988893,1.6385498117447015,4157
2026-03-02 15:51:25.215302,1.6385498117447015,1.6395145004848657,1.63695003382383,1.63695003382383,1796
2026-03-02 15:56:25.215302,1.63695003382383,1.6408269112860825,1.6346747307698473,1.6346747307698473,2024
2026-03-02 16:01:25.215302,1.6346747307698473,1.6348025722957877,1.6335866958586835,1.6348025722957877,2623
2026-03-02 16:06:25.215302,1.6348025722957877,1.6356300881269006,1.6330057887637133,1.6330057887637133,3917
2026-03-02 16:11:25.215302,1.6330057887637133,1.6358499590206972,1.6293147060448385,1.6302783421685492,2864
2026-03-02 16:16:25.215302,1.6302783421685492,1.6315202917189027,1.6206993273226562,1.6206993273226562,1759
2026-03-02 16:21:25.215302,1.6206993273226562,1.6264819494430058,1.6192697018049689,1.6264819494430058,4567
2026-03-02 16:26:25.215302,1.6264819494430058,1.6331466166660893,1.626349223384068,1.6331466166660893,3777
2026-03-02 16:31:25.215302,1.6331466166660893,1.6363225138805861,1.6316214516562555,1.6363225138805861,4140
2026-03-02 16:36:25.215302,1.6363225138805861,1.6399386306733954,1.6355903320847136,1.6355903320847136,1332
2026-03-02 16:41:25.215302,1.6355903320847136,1.6356987112082877,1.635181270546674,1.6356987112082877,2737
2026-03-02 16:46:25.215302,1.6356987112082877,1.6375493429723118,1.6355000068681829,1.6375493429723118,4886
2026-03-02 16:51:25.215302,1.6375493429723118,1.6395387382388948,1.6372034185955313,1.6395387382388948,3629
2026-03-02 16:56:25.215302,1.6395387382388948,1.6398639670081256,1.638314140424109,1.638314140424109,3969
2026-03-02 17:01:25.215302,1.638314140424109,1.638327100296035,1.6335681059933465,1.6335681059933465,4870
2026-03-02 17:06:25.215302,1.6335681059933465,1.6372255595885572,1.633202944067866,1.6372255595885572,4746
2026-03-02 17:11:25.215302,1.6372255595885572,1.638965066795879,1.6331806181295305,1.6331806181295305,4047
2026-03-02 17:16:25.215302,1.6331806181295305,1.6341572393215353,1.6313354998662104,1.6341572393215353,2573
2026-03-02 17:21:25.215302,1.6341572393215353,1.6387448176391721,1.633236313634176,1.6348753689846425,2848
2026-03-02 17:26:25.215302,1.6348753689846425,1.6386209308884194,1.6346384104917169,1.6386209308884194,3788
2026-03-02 17:31:25.215302,1.6386209308884194,1.6402497224772612,1.6365811078704187,1.6371255701834824,4422
2026-03-02 17:36:25.215302,1.6371255701834824,1.637475348542747,1.6321633804314588,1.6321633804314588,4412
2026-03-02 17:41:25.215302,1.6321633804314588,1.6329874972333778,1.6253079365736538,1.6253079365736538,3520
2026-03-02 17:46:25.215302,1.6253079365736538,1.6301218329731528,1.623932655372058,1.6301218329731528,3249
2026-03-02 17:51:25.215302,1.6301218329731528,1.630958219374353,1.6290013306070723,1.6290013306070723,2013
2026-03-02 17:56:25.215302,1.6290013306070723,1.6305656162079611,1.6280338196595068,1.630418392946204,1149
2026-03-02 18:01:25.215302,1.630418392946204,1.634925519947973,1.627921869171348,1.634925519947973,2426
2026-03-02 18:06:25.215302,1.634925519947973,1.6382329069024448,1.632909472745798,1.6382329069024448,3690
2026-03-02 18:11:25.215302,1.6382329069024448,1.6431982745731943,1.636406696391362,1.6431982745731943,4180
2026-03-02 18:16:25.215302,1.6431982745731943,1.6458029939713552,1.6351616517544687,1.6351616517544687,1971
2026-03-02 18:21:25.215302,1.6351616517544687,1.6387542755866367,1.6336666097647423,1.6387542755866367,3791
2026-03-02 18:26:25.215302,1.6387542755866367,1.6398777771585964,1.6384851082994205,1.639693544820026,4791
2026-03-02 18:31:25.215302,1.639693544820026,1.6415928044330874,1.637078227695604,1.6415928044330874,4084
2026-03-02 18:36:25.215302,1.6415928044330874,1.6439689379187967,1.6401604796331144,1.6439689379187967,2484
2026-03-02 18:41:25.215302,1.6439689379187967,1.6442893391880449,1.6396569898927298,1.6396569898927298,4008
2026-03-02 18:46:25.215302,1.6396569898927298,1.6400491395575232,1.6373751842846804,1.6373751842846804,3233
2026-03-02 18:51:25.215302,1.6373751842846804,1.6400619195799664,1.6344741518570896,1.6400619195799664,3624
2026-03-02 18:56:25.215302,1.6400619195799664,1.643251812074567,1.6336316443077827,1.6336316443077827,1289
2026-03-02 19:01:25.215302,1.6336316443077827,1.6356244742101023,1.6282113468487809,1.6282113468487809,4986
2026-03-02 19:06:25.215302,1.6282113468487809,1.6295604030856468,1.6243627010242028,1.6243627010242028,4762
2026-03-02 19:11:25.215302,1.6243627010242028,1.6266338228044384,1.622935653534827,1.6266338228044384,3718
2026-03-02 19:16:25.215302,1.6266338228044384,1.6292284367626002,1.6266250539082996,1.6270522639568714,1619
2026-03-02 19:21:25.215302,1.6270522639568714,1.6304723059423116,1.62534497245712,1.6304723059423116,2680
2026-03-02 19:26:25.215302,1.6304723059423116,1.6314737615671964,1.6276666524594676,1.6276666524594676,1782
2026-03-02 19:31:25.215302,1.6276666524594676,1.6284291130199804,1.6257272105987661,1.6284291130199804,2199
2026-03-02 19:36:25.215302,1.6284291130199804,1.6316470456876806,1.6278836763856535,1.6289548772693425,2499
2026-03-02 19:41:25.215302,1.6289548772693425,1.6336085225993402,1.6275667731021919,1.6336085225993402,1715
2026-03-02 19:46:25.215302,1.6336085225993402,1.639853920872131,1.6301006300502876,1.639853920872131,2470
2026-03-02 19:51:25.215302,1.639853920872131,1.642113492179483,1.6368209284977207,1.6368209284977207,1720
2026-03-02 19:56:25.215302,1.6368209284977207,1.6380911769463153,1.6363975545865765,1.6370252412448896,4891
2026-03-02 20:01:25.215302,1.6370252412448896,1.640347871792711,1.6352388291446676,1.640347871792711,1336
2026-03-02 20:06:25.215302,1.640347871792711,1.6404385484701673,1.636102181371338,1.636102181371338,1892
2026-03-02 20:11:25.215302,1.636102181371338,1.6381611709072346,1.6293797860742918,1.6293797860742918,1331
2026-03-02 20:16:25.215302,1.6293797860742918,1.6347093317758348,1.6280030976271482,1.6347093317758348,1925
2026-03-02 20:21:25.215302,1.6347093317758348,1.6389896363859922,1.6318442567133122,1.6318442567133122,4512
2026-03-02 20:26:25.215302,1.6318442567133122,1.6368755113047202,1.6313302630521809,1.6368755113047202,4730
2026-03-02 20:31:25.215302,1.6368755113047202,1.6388073798452962,1.6355922195667174,1.6388073798452962,1211
2026-03-02 20:36:25.215302,1.6388073798452962,1.639048352657667,1.6375956528772833,1.6379638480340075,4195
2026-03-02 20:41:25.215302,1.6379638480340075,1.6405290530893626,1.6338884595453438,1.6338884595453438,4565
2026-03-02 20:46:25.215302,1.6338884595453438,1.6344524601473631,1.6330451515500304,1.6331227197778024,1939
2026-03-02 20:51:25.215302,1.6331227197778024,1.6352334670137199,1.6306133027728473,1.6306133027728473,1522
2026-03-02 20:56:25.215302,1.6306133027728473,1.6307613242420034,1.628307703438113,1.6294983367762392,3191
2026-03-02 21:01:25.215302,1.6294983367762392,1.6305413618659548,1.626064760250178,1.626064760250178,3757
2026-03-02 21:06:25.215302,1.626064760250178,1.6299011940968853,1.6253202117668697,1.6299011940968853,4950
2026-03-02 21:11:25.215302,1.6299011940968853,1.6309563528176179,1.627164554801928,1.627164554801928,3765
2026-03-02 21:16:25.215302,1.627164554801928,1.6290354013039205,1.6206208964033542,1.6206208964033542,4429
2026-03-02 21:21:25.215302,1.6206208964033542,1.6224848546583719,1.617833710859274,1.617833710859274,1526
2026-03-02 21:26:25.215302,1.617833710859274,1.6186152536441272,1.6170164948551977,1.6186152536441272,3178
2026-03-02 21:31:25.215302,1.6186152536441272,1.6217696788788594,1.6177889700742982,1.6217696788788594,1631
2026-03-02 21:36:25.215302,1.6217696788788594,1.6231065663371436,1.620505479361886,1.6222629582644494,3055
2026-03-02 21:41:25.215302,1.6222629582644494,1.6229786082840811,1.6203292170932921,1.622520083135996,2750
2026-03-02 21:46:25.215302,1.622520083135996,1.6235484583986777,1.6201339132218846,1.6201339132218846,1455
2026-03-02 21:51:25.215302,1.6201339132218846,1.6225113319076985,1.6168742788625152,1.618873937768732,4519
2026-03-02 21:56:25.215302,1.618873937768732,1.6197818434036582,1.6128254182314252,1.6128254182314252,4714
2026-03-02 22:01:25.215302,1.6128254182314252,1.6128998047266847,1.6118508579616702,1.6118508579616702,4613
2026-03-02 22:06:25.215302,1.6118508579616702,1.6152618923360968,1.610330308462033,1.6152618923360968,3599
2026-03-02 22:11:25.215302,1.6152618923360968,1.6170994909957939,1.6146168140948098,1.6159510554142644,4285
2026-03-02 22:16:25.215302,1.6159510554142644,1.6190755216532575,1.6141574626841895,1.6141574626841895,3856
2026-03-02 22:21:25.215302,1.6141574626841895,1.6151415258375923,1.6114729637985088,1.6114729637985088,2656
2026-03-02 22:26:25.215302,1.6114729637985088,1.6134041497127796,1.6092843445211773,1.6134041497127796,4669
2026-03-02 22:31:25.215302,1.6134041497127796,1.616586854957609,1.6124937981643666,1.616586854957609,3238
2026-03-02 22:36:25.215302,1.616586854957609,1.618512670613706,1.6157482295792274,1.618512670613706,3721
2026-03-02 22:41:25.215302,1.618512670613706,1.6205664124047434,1.6171788934205948,1.6205664124047434,3644
2026-03-02 22:46:25.215302,1.6205664124047434,1.6229014153666144,1.6203251256367244,1.6229014153666144,4077
2026-03-02 22:51:25.215302,1.6229014153666144,1.6249174996609939,1.6221136824068665,1.6228730140439422,4403
2026-03-02 22:56:25.215302,1.6228730140439422,1.6236475426825825,1.620647051828498,1.6236475426825825,2674
2026-03-02 23:01:25.215302,1.6236475426825825,1.6255871696944084,1.6220150681433634,1.6252413062293682,1211
2026-03-02 23:06:25.215302,1.6252413062293682,1.6279720674330842,1.6251737476468033,1.6272676256663903,1772
2026-03-02 23:11:25.215302,1.6272676256663903,1.6281222498470285,1.6240720735899965,1.6240720735899965,4508
2026-03-02 23:16:25.215302,1.6240720735899965,1.6251999721883317,1.6235907247126227,1.6251999721883317,2665
2026-03-02 23:21:25.215302,1.6251999721883317,1.6257973903457184,1.621047037650554,1.621047037650554,3423
2026-03-02 23:26:25.215302,1.621047037650554,1.6242866184772258,1.6170705389094182,1.6180419773044674,2504
2026-03-02 23:31:25.215302,1.6180419773044674,1.6192285119291616,1.6170249831142154,1.6188400052753278,2925
2026-03-02 23:36:25.215302,1.6188400052753278,1.6203517375768024,1.6094465806224318,1.6094465806224318,3183
2026-03-02 23:41:25.215302,1.6094465806224318,1.6118342066141387,1.6063930346936,1.6063930346936,3472
2026-03-02 23:46:25.215302,1.6063930346936,1.6067120799088068,1.600216811365721,1.600216811365721,3285
2026-03-02 23:51:25.215302,1.600216811365721,1.6018732390186396,1.5956832852546634,1.5956832852546634,3532
2026-03-02 23:56:25.215302,1.5956832852546634,1.5977787159029857,1.5954771478129757,1.5977787159029857,3097
2026-03-03 00:01:25.215302,1.5977787159029857,1.599960381107497,1.596763440315207,1.599960381107497,4521
2026-03-03 00:06:25.215302,1.599960381107497,1.6011612344619925,1.5991459054642452,1.6001180875935432,4551
2026-03-03 00:11:25.215302,1.6001180875935432,1.6035972880975173,1.5985997611178553,1.599928777791845,4991
2026-03-03 00:16:25.215302,1.599928777791845,1.6013019160710313,1.5980240210280052,1.6013019160710313,4389
2026-03-03 00:21:25.215302,1.6013019160710313,1.6020046490726838,1.598812419298508,1.6013441000534656,1827
2026-03-03 00:26:25.215302,1.6013441000534656,1.6033500117525081,1.600763396090395,1.6033500117525081,3031
2026-03-03 00:31:25.215302,1.6033500117525081,1.6083536575417365,1.6005511207644072,1.6083536575417365,3701
2026-03-03 00:36:25.215302,1.6083536575417365,1.6104123540464508,1.6072216907905348,1.6103731542802509,4064
2026-03-03 00:41:25.215302,1.6103731542802509,1.612362353890212,1.6089112117873194,1.6103300325840724,3011
2026-03-03 00:46:25.215302,1.6103300325840724,1.610465668449684,1.605893930045503,1.605893930045503,3036
2026-03-03 00:51:25.215302,1.605893930045503,1.6076064247338453,1.6046918267534453,1.6076064247338453,4025
2026-03-03 00:56:25.215302,1.6076064247338453,1.6126044933467887,1.6069105332282896,1.6126044933467887,2314
2026-03-03 01:01:25.215302,1.6126044933467887,1.613669529205609,1.6116648898078467,1.6134408951649621,2779
2026-03-03 01:06:25.215302,1.6134408951649621,1.6159210861447277,1.6116985568749396,1.6148420789448386,4185
2026-03-03 01:11:25.215302,1.6148420789448386,1.616827486231016,1.6134240565570543,1.6153905722302455,4135
2026-03-03 01:16:25.215302,1.6153905722302455,1.6179122399462673,1.6130347728024472,1.6179122399462673,2595
2026-03-03 01:21:25.215302,1.6179122399462673,1.622197256627656,1.6170528121202798,1.622197256627656,1197
2026-03-03 01:26:25.215302,1.622197256627656,1.6248940136658487,1.6191078583597391,1.6191078583597391,3666
2026-03-03 01:31:25.215302,1.6191078583597391,1.620773424954951,1.6188360063914393,1.620773424954951,3323
2026-03-03 01:36:25.215302,1.620773424954951,1.6221761210554273,1.6199526433613514,1.6199526433613514,4490
2026-03-03 01:41:25.215302,1.6199526433613514,1.6236325751559741,1.6159893327245145,1.6159893327245145,1377
2026-03-03 01:46:25.215302,1.6159893327245145,1.6176950141224804,1.6123856730033632,1.6123856730033632,1486
2026-03-03 01:51:25.215302,1.6123856730033632,1.61802441830948,1.6106702010367524,1.61802441830948,2882
2026-03-03 01:56:25.215302,1.61802441830948,1.6209812993181851,1.6166538552140322,1.6209812993181851,1196
2026-03-03 02:01:25.215302,1.6209812993181851,1.6245717051451072,1.6209650763902308,1.6245717051451072,2785
2026-03-03 02:06:25.215302,1.6245717051451072,1.626779816837528,1.6184839651474414,1.6184839651474414,4517
2026-03-03 02:11:25.215302,1.6184839651474414,1.6199647209070702,1.6168765389377415,1.6168765389377415,1536
2026-03-03 02:16:25.215302,1.6168765389377415,1.6172494326028681,1.6150192002528478,1.6151205614209752,4800
2026-03-03 02:21:25.215302,1.6151205614209752,1.6177845396546238,1.6134882996809043,1.6172893966894613,4769
2026-03-03 02:26:25.215302,1.6172893966894613,1.6174166551772358,1.614553614501066,1.614553614501066,3743
2026-03-03 02:31:25.215302,1.614553614501066,1.616970972152934,1.6079626828901838,1.6079626828901838,2399
2026-03-03 02:36:25.215302,1.6079626828901838,1.6140245406568854,1.6075254700837118,1.6140245406568854,1764
2026-03-03 02:41:25.215302,1.6140245406568854,1.614027533556338,1.6130061721781956,1.6130061721781956,2908
2026-03-03 02:46:25.215302,1.6130061721781956,1.6161926206247055,1.6121663543812441,1.6161926206247055,4511
2026-03-03 02:51:25.215302,1.6161926206247055,1.6208531831404809,1.615459925957791,1.6208531831404809,3937
2026-03-03 02:56:25.215302,1.6208531831404809,1.621235996454316,1.6190467378038698,1.6209081102752425,2579
2026-03-03 03:01:25.215302,1.6209081102752425,1.6230122254039716,1.6205636435028352,1.6215142984257016,3136
2026-03-03 03:06:25.215302,1.6215142984257016,1.623746952191143,1.6198345107075711,1.620038261565826,2436
2026-03-03 03:11:25.215302,1.620038261565826,1.621111519944661,1.6157052485711063,1.6207279597338011,1940
2026-03-03 03:16:25.215302,1.6207279597338011,1.6214942723679073,1.6203887498425242,1.6207021452648764,4871
2026-03-03 03:21:25.215302,1.6207021452648764,1.622227151134757,1.6181843514825138,1.622227151134757,4457
2026-03-03 03:26:25.215302,1.622227151134757,1.6262275051481812,1.6213913508978932,1.6213913508978932,1687
2026-03-03 03:31:25.215302,1.6213913508978932,1.6218693416159935,1.6193483250305993,1.6202007085896748,2114
2026-03-03 03:36:25.215302,1.6202007085896748,1.6222197689502154,1.6189931956354104,1.6222197689502154,1977
2026-03-03 03:41:25.215302,1.6222197689502154,1.6241603646219107,1.6203122041338325,1.6224938593130565,1307
2026-03-03 03:46:25.215302,1.6224938593130565,1.6227285562581313,1.618414333725091,1.618414333725091,4057
2026-03-03 03:51:25.215302,1.618414333725091,1.6190873653165725,1.617346849180177,1.617346849180177,1612
2026-03-03 03:56:25.215302,1.617346849180177,1.6182839299071556,1.6134988430947979,1.6134988430947979,1483
2026-03-03 04:01:25.215302,1.6134988430947979,1.6169618075987797,1.6129129919732967,1.6169618075987797,4540
2026-03-03 04:06:25.215302,1.6169618075987797,1.6176749756453028,1.616387130631751,1.6163967028057862,4573
2026-03-03 04:11:25.215302,1.6163967028057862,1.622910889085815,1.6144797256418695,1.622910889085815,4601
2026-03-03 04:16:25.215302,1.622910889085815,1.6232954137133382,1.6210882356836598,1.6210882356836598,4493
2026-03-03 04:21:25.215302,1.6210882356836598,1.6212250077421524,1.6202415186714438,1.6212250077421524,1571
2026-03-03 04:26:25.215302,1.6212250077421524,1.624710890446473,1.6176039577650807,1.6176039577650807,2118
2026-03-03 04:31:25.215302,1.6176039577650807,1.6185532483034122,1.6143717533410196,1.6143717533410196,4807
2026-03-03 04:36:25.215302,1.6143717533410196,1.614610043762824,1.612948398609759,1.612948398609759,1313
2026-03-03 04:41:25.215302,1.612948398609759,1.6152574559129145,1.61241578121709,1.6152574559129145,4252
2026-03-03 04:46:25.215302,1.6152574559129145,1.6164726702813033,1.613333113152152,1.613333113152152,1594
2026-03-03 04:51:25.215302,1.613333113152152,1.61615563823101,1.612722083718871,1.61375907290619,2370
2026-03-03 04:56:25.215302,1.61375907290619,1.6150398410060431,1.611454162020954,1.614650912151903,3981
2026-03-03 05:01:25.215302,1.614650912151903,1.6153371484154206,1.6124149120731206,1.6124149120731206,1782
2026-03-03 05:06:25.215302,1.6124149120731206,1.614342120430925,1.611536538526564,1.611536538526564,3134
2026-03-03 05:11:25.215302,1.611536538526564,1.613348088671393,1.609655342699998,1.609655342699998,1382
2026-03-03 05:16:25.215302,1.609655342699998,1.6134324265189113,1.6084473860839248,1.6134324265189113,4948
2026-03-03 05:21:25.215302,1.6134324265189113,1.6157406350039722,1.609212487762323,1.609212487762323,3282
2026-03-03 05:26:25.215302,1.609212487762323,1.6131157411100225,1.6086053461842076,1.6131157411100225,4541
2026-03-03 05:31:25.215302,1.6131157411100225,1.61716840216592,1.6127822580605404,1.61716840216592,1538
2026-03-03 05:36:25.215302,1.61716840216592,1.6176530856582514,1.6152432490839903,1.6152432490839903,2542
2026-03-03 05:41:25.215302,1.6152432490839903,1.6188999657996779,1.6149473101183531,1.6188999657996779,1036
2026-03-03 05:46:25.215302,1.6188999657996779,1.6198032440509356,1.617312880058883,1.617312880058883,4541
2026-03-03 05:51:25.215302,1.617312880058883,1.6249715615830977,1.614002672468917,1.6249715615830977,1288
2026-03-03 05:56:25.215302,1.6249715615830977,1.6273778495100764,1.624688389814786,1.6273778495100764,4736
2026-03-03 06:01:25.215302,1.6273778495100764,1.627503742948374,1.6261511042971195,1.6261511042971195,1973
2026-03-03 06:06:25.215302,1.6261511042971195,1.6283274147538724,1.6244316196325261,1.6283274147538724,2076
2026-03-03 06:11:25.215302,1.6283274147538724,1.6289415436032848,1.627664479817822,1.6289415436032848,3745
2026-03-03 06:16:25.215302,1.6289415436032848,1.6307467409930985,1.6283316314328415,1.6307467409930985,4091
2026-03-03 06:21:25.215302,1.6307467409930985,1.6376085503000994,1.6289428899878138,1.6376085503000994,1107
2026-03-03 06:26:25.215302,1.6376085503000994,1.6456526163456027,1.6374293314039154,1.6456526163456027,3270
2026-03-03 06:31:25.215302,1.6456526163456027,1.6475643269767952,1.6446340285480716,1.6446340285480716,2169
2026-03-03 06:36:25.215302,1.6446340285480716,1.645492828064777,1.6369088189719874,1.6369088189719874,1358
2026-03-03 06:41:25.215302,1.6369088189719874,1.6384587851846488,1.6358991725633514,1.6358991725633514,3435
2026-03-03 06:46:25.215302,1.6358991725633514,1.6378168638697141,1.634652488104288,1.634652488104288,2530
2026-03-03 06:51:25.215302,1.634652488104288,1.6347540526833066,1.633725192150207,1.6347283784840516,4972
2026-03-03 06:56:25.215302,1.6347283784840516,1.6382850289682496,1.631439862202046,1.6382850289682496,2319
2026-03-03 07:01:25.215302,1.6382850289682496,1.640086695252334,1.637433140560897,1.637433140560897,1115
2026-03-03 07:06:25.215302,1.637433140560897,1.6399034953738678,1.6360978996890674,1.6399034953738678,3384
2026-03-03 07:11:25.215302,1.6399034953738678,1.6468677216977436,1.6397063863789305,1.6468677216977436,1172
2026-03-03 07:16:25.215302,1.6468677216977436,1.6504798304841013,1.6458939393977687,1.6504798304841013,3556
2026-03-03 07:21:25.215302,1.6504798304841013,1.6519755139853773,1.6494708160790132,1.6519755139853773,1697
2026-03-03 07:26:25.215302,1.6519755139853773,1.6535821257955194,1.6505606827207324,1.6535292217955917,2019
2026-03-03 07:31:25.215302,1.6535292217955917,1.6575926500916842,1.6501228232829401,1.6575926500916842,1416
2026-03-03 07:36:25.215302,1.6575926500916842,1.6589917087675683,1.6573301682519133,1.6573412548868254,1505
2026-03-03 07:41:25.215302,1.6573412548868254,1.6573769299130232,1.65713186858738,1.6571612085467238,3410
2026-03-03 07:46:25.215302,1.6571612085467238,1.6595871802674853,1.6565116642399371,1.6581718491626953,3916
2026-03-03 07:51:25.215302,1.6581718491626953,1.6584838715196526,1.655519922171177,1.6569778234603385,1262
2026-03-03 07:56:25.215302,1.6569778234603385,1.6622255250077367,1.6554687893962634,1.6622255250077367,2749
2026-03-03 08:01:25.215302,1.6622255250077367,1.662276167878699,1.6610315557748925,1.662276167878699,1840
2026-03-03 08:06:25.215302,1.662276167878699,1.6638024862530496,1.6609907969596829,1.6609907969596829,3376
2026-03-03 08:11:25.215302,1.6609907969596829,1.6619055308911483,1.6570984680174414,1.6570984680174414,2306
2026-03-03 08:16:25.215302,1.6570984680174414,1.6600409734341972,1.656228704641603,1.656228704641603,2385
2026-03-03 08:21:25.215302,1.656228704641603,1.6577245579059872,1.6533659186970378,1.6574073537858751,4225
2026-03-03 08:26:25.215302,1.6574073537858751,1.6602592478618752,1.657096134825751,1.6585340672632392,4056
2026-03-03 08:31:25.215302,1.6585340672632392,1.659224828493421,1.6558028754628173,1.6562171696200607,3493
2026-03-03 08:36:25.215302,1.6562171696200607,1.664604864512192,1.6561158193205536,1.664604864512192,2038
2026-03-03 08:41:25.215302,1.664604864512192,1.6648000481019745,1.6588849154464451,1.6588849154464451,2532
2026-03-03 08:46:25.215302,1.6588849154464451,1.6621986416006829,1.6587785800348862,1.6621986416006829,4466
2026-03-03 08:51:25.215302,1.6621986416006829,1.6640633782656602,1.6621889232955604,1.6622350782381714,3889
2026-03-03 08:56:25.215302,1.6622350782381714,1.6681675698225367,1.6609238508780781,1.6681675698225367,2060
2026-03-03 09:01:25.215302,1.6681675698225367,1.6687213228976474,1.666529418559341,1.666529418559341,2034
2026-03-03 09:06:25.215302,1.666529418559341,1.6675661367835775,1.6642950665308356,1.6645734518032071,3643
2026-03-03 09:11:25.215302,1.6645734518032071,1.6658154351088683,1.6606847231393238,1.66426104438258,2827
2026-03-03 09:16:25.215302,1.66426104438258,1.665871565335101,1.6619904510478565,1.6619904510478565,1105
2026-03-03 09:21:25.215302,1.6619904510478565,1.6631353733774408,1.660006208014209,1.660006208014209,4531
2026-03-03 09:26:25.215302,1.660006208014209,1.6606971064099931,1.6586665874501298,1.6597551876408063,2693
2026-03-03 09:31:25.215302,1.6597551876408063,1.6607696789191966,1.6579767233516227,1.6579767233516227,3291
2026-03-03 09:36:25.215302,1.6579767233516227,1.659468778389177,1.6563232394430112,1.659468778389177,4663
2026-03-03 09:41:25.215302,1.659468778389177,1.6612524622842841,1.6567555993893588,1.6612524622842841,3668
2026-03-03 09:46:25.215302,1.6612524622842841,1.6630453066299922,1.659947325522407,1.6603833928051484,4894
2026-03-03 09:51:25.215302,1.6603833928051484,1.6633179896088381,1.6587209450604832,1.6587209450604832,4179
2026-03-03 09:56:25.215302,1.6587209450604832,1.6587895231385814,1.6560323445106526,1.6560323445106526,1477
2026-03-03 10:01:25.215302,1.6560323445106526,1.65766577467457,1.6496462718907123,1.6496462718907123,3606
2026-03-03 10:06:25.215302,1.6496462718907123,1.6523999068516808,1.6419266149099299,1.6419266149099299,4901
2026-03-03 10:11:25.215302,1.6419266149099299,1.6420441099336933,1.640845053956947,1.6416311045946683,4715
2026-03-03 10:16:25.215302,1.6416311045946683,1.643276979237211,1.6406758564693327,1.6415592840258126,4026
2026-03-03 10:21:25.215302,1.6415592840258126,1.64290801195772,1.6394248783681071,1.64290801195772,1224
2026-03-03 10:26:25.215302,1.64290801195772,1.6434894245399867,1.640467925092558,1.640467925092558,3164
2026-03-03 10:31:25.215302,1.640467925092558,1.6443203055892321,1.6399042003950257,1.6443203055892321,1522
2026-03-03 10:36:25.215302,1.6443203055892321,1.6480126787489529,1.6437334550584273,1.6480126787489529,3588
2026-03-03 10:41:25.215302,1.6480126787489529,1.6550618810642144,1.647590722817308,1.6550618810642144,3296
2026-03-03 10:46:25.215302,1.6550618810642144,1.6559225945258818,1.6532929496814048,1.653963245639664,4083
2026-03-03 10:51:25.215302,1.653963245639664,1.6563301416037206,1.6486637850237944,1.6486637850237944,3467
2026-03-03 10:56:25.215302,1.6486637850237944,1.653403481916222,1.6480616164110435,1.653403481916222,2097
2026-03-03 11:01:25.215302,1.653403481916222,1.6534295970723525,1.6526885039505659,1.6533962468723862,3681
2026-03-03 11:06:25.215302,1.6533962468723862,1.6548839953699355,1.6528192441667902,1.654197046110893,3564
2026-03-03 11:11:25.215302,1.654197046110893,1.6547610220377758,1.65115534062828,1.65115534062828,2203
2026-03-03 11:16:25.215302,1.65115534062828,1.652118967371051,1.6502633019741035,1.652118967371051,1852
2026-03-03 11:21:25.215302,1.652118967371051,1.6543717254344346,1.6504777204519065,1.6528569536283793,3781
2026-03-03 11:26:25.215302,1.6528569536283793,1.6548933266134465,1.6516097560543033,1.6548933266134465,4981
2026-03-03 11:31:25.215302,1.6548933266134465,1.6566141082084695,1.6519407074281554,1.653623718943636,4812
2026-03-03 11:36:25.215302,1.653623718943636,1.6552971087063955,1.6503772733206248,1.6552971087063955,2116
2026-03-03 11:41:25.215302,1.6552971087063955,1.6574218611416343,1.6541260822246744,1.656834759715111,3620
2026-03-03 11:46:25.215302,1.656834759715111,1.659167529737526,1.6491567477677769,1.6491567477677769,3305
2026-03-03 11:51:25.215302,1.6491567477677769,1.6514790837704123,1.648076786884966,1.6514790837704123,1030
2026-03-03 11:56:25.215302,1.6514790837704123,1.6530035475978035,1.6501847622953156,1.6527591219896947,4598
2026-03-03 12:01:25.215302,1.6527591219896947,1.6542856667155017,1.6508252572057907,1.6510540353259908,1003
2026-03-03 12:06:25.215302,1.6510540353259908,1.6529534815091504,1.650319790812445,1.650509243313626,3563
2026-03-03 12:11:25.215302,1.650509243313626,1.6545441120247637,1.6487190771519085,1.6545441120247637,3363
2026-03-03 12:16:25.215302,1.6545441120247637,1.6560109145992143,1.6535022105555457,1.6559561793185311,2295
2026-03-03 12:21:25.215302,1.6559561793185311,1.6578133293288464,1.6547646794776338,1.6578133293288464,4720
2026-03-03 12:26:25.215302,1.6578133293288464,1.6584350049780283,1.653772768024878,1.653772768024878,4038
2026-03-03 12:31:25.215302,1.653772768024878,1.658539263670328,1.6506676272281404,1.6529089917102775,4518
2026-03-03 12:36:25.215302,1.6529089917102775,1.6531492013937472,1.6492689408882957,1.6492689408882957,2701
2026-03-03 12:41:25.215302,1.6492689408882957,1.6513666153491438,1.646704822932976,1.646704822932976,2833
2026-03-03 12:46:25.215302,1.646704822932976,1.6494205449277552,1.6453047659728834,1.64933335623587,2507
2026-03-03 12:51:25.215302,1.64933335623587,1.6520032722316709,1.647302562943901,1.647302562943901,4711
2026-03-03 12:56:25.215302,1.647302562943901,1.649378332992066,1.6442161784913016,1.6448217342125893,4204
2026-03-03 13:01:25.215302,1.6448217342125893,1.645932704432772,1.6418118742465038,1.6443109852966922,4736
2026-03-03 13:06:25.215302,1.6443109852966922,1.6443979790161622,1.6425489288012958,1.6425489288012958,3888
2026-03-03 13:11:25.215302,1.6425489288012958,1.645067327655315,1.641890586036545,1.645067327655315,3035
2026-03-03 13:16:25.215302,1.645067327655315,1.6515632159323186,1.6443876499471322,1.6515632159323186,1614
2026-03-03 13:21:25.215302,1.6515632159323186,1.654780484834899,1.6499054608022066,1.6499054608022066,1534
2026-03-03 13:26:25.215302,1.6499054608022066,1.6517123016375517,1.6456922019731433,1.6456922019731433,2211
2026-03-03 13:31:25.215302,1.6456922019731433,1.6466921685271076,1.6426335979486593,1.6466921685271076,3943
2026-03-03 13:36:25.215302,1.6466921685271076,1.6516837415111714,1.6440740773374856,1.6516837415111714,2372
2026-03-03 13:41:25.215302,1.6516837415111714,1.651838244810567,1.6504172858131165,1.6512505981388577,4785
2026-03-03 13:46:25.215302,1.6512505981388577,1.6549145077662226,1.6500314031708818,1.6549145077662226,3584
2026-03-03 13:51:25.215302,1.6549145077662226,1.657959676764651,1.652029682579158,1.657959676764651,3979
2026-03-03 13:56:25.215302,1.657959676764651,1.6619862308691482,1.6579496461455332,1.6619862308691482,1584
2026-03-03 14:01:25.215302,1.6619862308691482,1.6634594607665154,1.6563792775651411,1.6563792775651411,2961
2026-03-03 14:06:25.215302,1.6563792775651411,1.6614299428676065,1.655439511440299,1.6614299428676065,1022
2026-03-03 14:11:25.215302,1.6614299428676065,1.663058974911161,1.6604520007873813,1.663058974911161,2014
2026-03-03 14:16:25.215302,1.663058974911161,1.6633031879134381,1.660106691752499,1.660106691752499,4058
2026-03-03 14:21:25.215302,1.660106691752499,1.6612739812169204,1.659736629227074,1.659862614316721,4845
2026-03-03 14:26:25.215302,1.659862614316721,1.6604655551331895,1.6573032324073158,1.6573032324073158,2391
2026-03-03 14:31:25.215302,1.6573032324073158,1.6589765450084362,1.6533737389950967,1.6533737389950967,1220
2026-03-03 14:36:25.215302,1.6533737389950967,1.6574010252900993,1.6527927001564229,1.6574010252900993,2489
2026-03-03 14:41:25.215302,1.6574010252900993,1.6594839446869505,1.6559064273145856,1.6590165783160942,4971
2026-03-03 14:46:25.215302,1.6590165783160942,1.6633662067313184,1.658382830084281,1.6633662067313184,3536
2026-03-03 14:51:25.215302,1.6633662067313184,1.664898586607404,1.6597006448428033,1.6602505155275356,2139
2026-03-03 14:56:25.215302,1.6602505155275356,1.6631795866509969,1.6583889325823356,1.6620955523816305,2692
2026-03-03 15:01:25.215302,1.6620955523816305,1.66262352518104,1.6562551083583703,1.6562551083583703,3326
2026-03-03 15:06:25.215302,1.6562551083583703,1.661534966534434,1.6540777556270583,1.661534966534434,3828
2026-03-03 15:11:25.215302,1.661534966534434,1.6617318362839644,1.661304277563785,1.6613731764996185,2289
2026-03-03 15:16:25.215302,1.6613731764996185,1.6621856580204322,1.6528384082966443,1.6528384082966443,2309
2026-03-03 15:21:25.215302,1.6528384082966443,1.6560174255344664,1.6508974733254547,1.6560174255344664,1113
2026-03-03 15:26:25.215302,1.6560174255344664,1.6576234669425693,1.6550984339020136,1.6576234669425693,3420
2026-03-03 15:31:25.215302,1.6576234669425693,1.6601351756894556,1.655543117343165,1.656493896603683,1875
2026-03-03 15:36:25.215302,1.656493896603683,1.659032836152176,1.654754540428712,1.659032836152176,1058
2026-03-03 15:41:25.215302,1.659032836152176,1.6592648206229546,1.6561902361733627,1.6561902361733627,3382
2026-03-03 15:46:25.215302,1.6561902361733627,1.656396309881365,1.6541567945395625,1.6544203535619828,4184
2026-03-03 15:51:25.215302,1.6544203535619828,1.660143530719424,1.6533342246319858,1.660143530719424,2100
2026-03-03 15:56:25.215302,1.660143530719424,1.6625798599253527,1.6556133405264335,1.6556133405264335,4349
2026-03-03 16:01:25.215302,1.6556133405264335,1.6559636901880186,1.6528278423328029,1.655413886065939,2919
2026-03-03 16:06:25.215302,1.655413886065939,1.6601313542528027,1.655383216356239,1.6601313542528027,2644
2026-03-03 16:11:25.215302,1.6601313542528027,1.6622659226393568,1.6596181807559292,1.6622659226393568,2810
2026-03-03 16:16:25.215302,1.6622659226393568,1.6637227762133096,1.6607502790653423,1.662030378026141,3846
2026-03-03 16:21:25.215302,1.662030378026141,1.6624626410030636,1.6603456015100988,1.6620335555141708,1544
2026-03-03 16:26:25.215302,1.6620335555141708,1.6629828612074573,1.6552268740914424,1.6552268740914424,1922
2026-03-03 16:31:25.215302,1.6552268740914424,1.6567991982550119,1.6495585150388425,1.6495585150388425,4590
2026-03-03 16:36:25.215302,1.6495585150388425,1.651495816701318,1.6467694303456606,1.6467694303456606,2653
2026-03-03 16:41:25.215302,1.6467694303456606,1.6491915131467363,1.6445978862102355,1.6491915131467363,1362
2026-03-03 16:46:25.215302,1.6491915131467363,1.6512259340194975,1.6477890278394296,1.6477890278394296,3194
2026-03-03 16:51:25.215302,1.6477890278394296,1.6482192347416365,1.6462499354045272,1.647117719271987,2008
2026-03-03 16:56:25.215302,1.647117719271987,1.6487797018682748,1.6468589546955479,1.6487797018682748,2910
2026-03-03 17:01:25.215302,1.6487797018682748,1.648958846760149,1.6466315337873692,1.6466315337873692,2428
2026-03-03 17:06:25.215302,1.6466315337873692,1.6480799051776571,1.6418547448673835,1.6418547448673835,1109
2026-03-03 17:11:25.215302,1.6418547448673835,1.6441670075615649,1.6401350346691945,1.6401350346691945,1490
2026-03-03 17:16:25.215302,1.6401350346691945,1.6407690368837695,1.6396323813488487,1.6405454087696079,1285
2026-03-03 17:21:25.215302,1.6405454087696079,1.6451485392420562,1.6396626122036737,1.644247499827644,3799
2026-03-03 17:26:25.215302,1.644247499827644,1.6458774454461782,1.6427361958989362,1.6458774454461782,2089
2026-03-03 17:31:25.215302,1.6458774454461782,1.647834513577166,1.64371708082272,1.64371708082272,4145
2026-03-03 17:36:25.215302,1.64371708082272,1.644927501162609,1.641716159419977,1.644927501162609,4901
2026-03-03 17:41:25.215302,1.644927501162609,1.645234629475863,1.6445249563829565,1.6445249563829565,4235
2026-03-03 17:46:25.215302,1.6445249563829565,1.64514954805993,1.6401595431768772,1.6401595431768772,2745
2026-03-03 17:51:25.215302,1.6401595431768772,1.6407011860869334,1.6374046016911323,1.6407011860869334,2488
2026-03-03 17:56:25.215302,1.6407011860869334,1.6434374254684034,1.6402254318458216,1.6402254318458216,2153
2026-03-03 18:01:25.215302,1.6402254318458216,1.6421309264112531,1.6390102454508442,1.6421309264112531,1750
2026-03-03 18:06:25.215302,1.6421309264112531,1.6448664184488695,1.642092236004774,1.6431826270773044,1336
2026-03-03 18:11:25.215302,1.6431826270773044,1.6438771978721507,1.6397840646414865,1.6421402302102477,2948
2026-03-03 18:16:25.215302,1.6421402302102477,1.6428201419876003,1.6408812319714894,1.6408812319714894,4412
2026-03-03 18:21:25.215302,1.6408812319714894,1.6424086464931544,1.6387199412944873,1.6416221207049695,2021
2026-03-03 18:26:25.215302,1.6416221207049695,1.644492777271305,1.6406354712089333,1.6406354712089333,3334
2026-03-03 18:31:25.215302,1.6406354712089333,1.6430650642878586,1.635993460888583,1.635993460888583,2780
2026-03-03 18:36:25.215302,1.635993460888583,1.640785683059494,1.6354910148068074,1.640785683059494,1160
2026-03-03 18:41:25.215302,1.640785683059494,1.6416104045975437,1.634035734150312,1.634035734150312,4858
2026-03-03 18:46:25.215302,1.634035734150312,1.636682143544833,1.632558879372512,1.6329430416411588,3705
2026-03-03 18:51:25.215302,1.6329430416411588,1.6341861503087118,1.631261923855385,1.631261923855385,2110
2026-03-03 18:56:25.215302,1.631261923855385,1.6356985132517134,1.6303634858377087,1.6356985132517134,4038
2026-03-03 19:01:25.215302,1.6356985132517134,1.6387711360580515,1.6355962260534775,1.6387711360580515,1306
2026-03-03 19:06:25.215302,1.6387711360580515,1.6409207479865648,1.6377560824504842,1.6388802967094447,3912
2026-03-03 19:11:25.215302,1.6388802967094447,1.640715143881768,1.636494443423646,1.636494443423646,2401
2026-03-03 19:16:25.215302,1.636494443423646,1.6368139691236263,1.6350466003931101,1.6368139691236263,4293
2026-03-03 19:21:25.215302,1.6368139691236263,1.6389789316419343,1.636089159250755,1.6372569380724757,2447
2026-03-03 19:26:25.215302,1.6372569380724757,1.6376901428699064,1.6362959987720032,1.637250010933142,1143
2026-03-03 19:31:25.215302,1.637250010933142,1.6410758471002687,1.637115659680135,1.6410758471002687,3023
2026-03-03 19:36:25.215302,1.6410758471002687,1.6411937118789903,1.6384951948596953,1.6404657168526136,2780
2026-03-03 19:41:25.215302,1.6404657168526136,1.6412700196518177,1.6398435176311659,1.6399937459048417,2405
2026-03-03 19:46:25.215302,1.6399937459048417,1.6421585506442387,1.6383747805649325,1.6385230026080984,3621
2026-03-03 19:51:25.215302,1.6385230026080984,1.645113901925853,1.6363471792348514,1.645113901925853,4860
2026-03-03 19:56:25.215302,1.645113901925853,1.6456644440521386,1.6411770765148643,1.6411770765148643,4703
2026-03-03 20:01:25.215302,1.6411770765148643,1.6441813757907735,1.6410852686992377,1.643661549726529,4758
2026-03-03 20:06:25.215302,1.643661549726529,1.6481476360713467,1.6407875576440645,1.6481476360713467,1764
2026-03-03 20:11:25.215302,1.6481476360713467,1.6491014701431366,1.6472615167886775,1.6472615167886775,4990
2026-03-03 20:16:25.215302,1.6472615167886775,1.649729832693536,1.6466122730768729,1.6469081878613159,4440
2026-03-03 20:21:25.215302,1.6469081878613159,1.6511447048770527,1.6464675115544802,1.6511447048770527,1897
2026-03-03 20:26:25.215302,1.6511447048770527,1.6542522910503743,1.6480612101555419,1.6538151001490848,3299
2026-03-03 20:31:25.215302,1.6538151001490848,1.6562320623285223,1.6521164133040955,1.6548975037086266,2027
2026-03-03 20:36:25.215302,1.6548975037086266,1.6554254956175114,1.6504471350184957,1.6504471350184957,1675
2026-03-03 20:41:25.215302,1.6504471350184957,1.651629823036604,1.6456934340592955,1.6456934340592955,1114
2026-03-03 20:46:25.215302,1.6456934340592955,1.6468163238458602,1.64551240422339,1.6456312510386222,2617
2026-03-03 20:51:25.215302,1.6456312510386222,1.6474126086531757,1.643693470947735,1.643693470947735,4643
2026-03-03 20:56:25.215302,1.643693470947735,1.6459873832458205,1.6409132278953384,1.6459873832458205,3908
2026-03-03 21:01:25.215302,1.6459873832458205,1.6467285647818943,1.643326031819262,1.6441734185540715,4072
2026-03-03 21:06:25.215302,1.6441734185540715,1.6463361886978893,1.6422858760567045,1.6463361886978893,4822
2026-03-03 21:11:25.215302,1.6463361886978893,1.6531440562323028,1.6458052313228577,1.6531440562323028,1081
2026-03-03 21:16:25.215302,1.6531440562323028,1.6578126900474253,1.6514160734967154,1.6578126900474253,3537
2026-03-03 21:21:25.215302,1.6578126900474253,1.6583184842447745,1.6555266057041378,1.6568150208328911,4679
2026-03-03 21:26:25.215302,1.6568150208328911,1.6600968972978536,1.6527552387111664,1.6531213055047163,4460
2026-03-03 21:31:25.215302,1.6531213055047163,1.6542399814626327,1.6489473104292345,1.6489473104292345,1894
2026-03-03 21:36:25.215302,1.6489473104292345,1.652550731409594,1.648413030645423,1.652550731409594,1602
2026-03-03 21:41:25.215302,1.652550731409594,1.6526135644708297,1.6512344552844862,1.6515696117128527,4653
2026-03-03 21:46:25.215302,1.6515696117128527,1.6525927526658144,1.6508909601563884,1.6508909601563884,4869
2026-03-03 21:51:25.215302,1.6508909601563884,1.6511671545901607,1.646665919585796,1.646665919585796,4641
2026-03-03 21:56:25.215302,1.646665919585796,1.648275516393977,1.6441917481209583,1.6443845309678333,2492
2026-03-03 22:01:25.215302,1.6443845309678333,1.644581162971788,1.6420790433222825,1.6420790433222825,3342
2026-03-03 22:06:25.215302,1.6420790433222825,1.6455340090478876,1.6409924993695943,1.642983055724689,1307
2026-03-03 22:11:25.215302,1.642983055724689,1.6444059210512136,1.6401108969346818,1.6444059210512136,3052
2026-03-03 22:16:25.215302,1.6444059210512136,1.645560699483668,1.6434062652769705,1.645560699483668,1061
2026-03-03 22:21:25.215302,1.645560699483668,1.6491444237282262,1.6427331372379663,1.643478452398839,1269
2026-03-03 22:26:25.215302,1.643478452398839,1.6475696259253338,1.6432500047691523,1.6475696259253338,2956
2026-03-03 22:31:25.215302,1.6475696259253338,1.6510025338572711,1.6468990326523916,1.6475859078682036,3245
2026-03-03 22:36:25.215302,1.6475859078682036,1.6493712632510218,1.6467940421623348,1.6467940421623348,4885
2026-03-03 22:41:25.215302,1.6467940421623348,1.648847873546156,1.6449227453096924,1.6449227453096924,1481
2026-03-03 22:46:25.215302,1.6449227453096924,1.6455075758359168,1.6417793873418627,1.6417793873418627,3304
2026-03-03 22:51:25.215302,1.6417793873418627,1.6428845623497168,1.6411441079474356,1.6424897716855864,1360
2026-03-03 22:56:25.215302,1.6424897716855864,1.6425171011474253,1.6407293114838684,1.6407293114838684,2508
2026-03-03 23:01:25.215302,1.6407293114838684,1.6475262844464296,1.6405457067753662,1.6475262844464296,1708
2026-03-03 23:06:25.215302,1.6475262844464296,1.6528632847221931,1.6466365057657166,1.6528632847221931,1530
2026-03-03 23:11:25.215302,1.6528632847221931,1.6556403243244944,1.6510755727762643,1.6513220402739515,3783
2026-03-03 23:16:25.215302,1.6513220402739515,1.6514564292444263,1.6478898948261116,1.6478898948261116,3466
2026-03-03 23:21:25.215302,1.6478898948261116,1.6496717618416628,1.6464664109468297,1.6464664109468297,1344
2026-03-03 23:26:25.215302,1.6464664109468297,1.6518647232259016,1.644628999642852,1.6518647232259016,1887
2026-03-03 23:31:25.215302,1.6518647232259016,1.6552734556180504,1.648176893189297,1.6552734556180504,3771
2026-03-03 23:36:25.215302,1.6552734556180504,1.657400531726728,1.652437810245837,1.652437810245837,1187
2026-03-03 23:41:25.215302,1.652437810245837,1.653937067966782,1.6487471531783675,1.6487471531783675,1725
2026-03-03 23:46:25.215302,1.6487471531783675,1.6512903864453368,1.6480283648243623,1.6480283648243623,2107
2026-03-03 23:51:25.215302,1.6480283648243623,1.6521089562493256,1.6469506902495104,1.6521089562493256,1798
2026-03-03 23:56:25.215302,1.6521089562493256,1.654975785984326,1.6514975869330488,1.6522368846638646,3545
2026-03-04 00:01:25.215302,1.6522368846638646,1.6552834949305049,1.651780404952527,1.652307898577205,1762
2026-03-04 00:06:25.215302,1.652307898577205,1.6542253797609905,1.6501213259737184,1.6501213259737184,2938
2026-03-04 00:11:25.215302,1.6501213259737184,1.650663806024071,1.6477033072373235,1.6477033072373235,2131
2026-03-04 00:16:25.215302,1.6477033072373235,1.6497989218682265,1.6465177558239728,1.6497989218682265,2941
2026-03-04 00:21:25.215302,1.6497989218682265,1.6537349341231482,1.6490565394473766,1.6537349341231482,3743
2026-03-04 00:26:25.215302,1.6537349341231482,1.6547687674296294,1.6505896223417058,1.652763178938342,4696
2026-03-04 00:31:25.215302,1.652763178938342,1.6538880950872845,1.6523078728107126,1.6523078728107126,2502
2026-03-04 00:36:25.215302,1.6523078728107126,1.6550320348967678,1.6495313205438922,1.6495313205438922,3032
2026-03-04 00:41:25.215302,1.6495313205438922,1.6500315958981817,1.6469831351007607,1.6472867091799068,4297
2026-03-04 00:46:25.215302,1.6472867091799068,1.6478347417333625,1.6465328226922544,1.6476088186934181,4236
2026-03-04 00:51:25.215302,1.6476088186934181,1.6496512069296458,1.6472657661462358,1.6496512069296458,2910
2026-03-04 00:56:25.215302,1.6496512069296458,1.6514298822721922,1.648682643292897,1.6508007601555623,1428
2026-03-04 01:01:25.215302,1.6508007601555623,1.6526390225205863,1.650104299302273,1.6526390225205863,3989
2026-03-04 01:06:25.215302,1.6526390225205863,1.6534047743365141,1.6473548141509051,1.6473548141509051,2628
2026-03-04 01:11:25.215302,1.6473548141509051,1.64784082690922,1.6454193811821871,1.6454193811821871,1775
2026-03-04 01:16:25.215302,1.6454193811821871,1.64579716861915,1.6426135862517306,1.6426135862517306,2476
2026-03-04 01:21:25.215302,1.6426135862517306,1.6433021517031976,1.638207864120132,1.638207864120132,4505
2026-03-04 01:26:25.215302,1.638207864120132,1.6395645481547438,1.6359017007361536,1.6367865400503758,3668
2026-03-04 01:31:25.215302,1.6367865400503758,1.640810450794912,1.635669345258743,1.640810450794912,1750
2026-03-04 01:36:25.215302,1.640810450794912,1.6461386568619871,1.6404594115459288,1.6461386568619871,2909
2026-03-04 01:41:25.215302,1.6461386568619871,1.648030822027432,1.6392737366260275,1.6392737366260275,4552
2026-03-04 01:46:25.215302,1.6392737366260275,1.6405076313656062,1.6384910557556123,1.6387285527209947,3219
2026-03-04 01:51:25.215302,1.6387285527209947,1.6403252587855899,1.6349513622998983,1.6349513622998983,2872
2026-03-04 01:56:25.215302,1.6349513622998983,1.6395459727106934,1.6326185196426974,1.6326185196426974,4354
2026-03-04 02:01:25.215302,1.6326185196426974,1.6360634297267733,1.6291406256338712,1.6360634297267733,1658
2026-03-04 02:06:25.215302,1.6360634297267733,1.638987586212401,1.6346203214538384,1.638987586212401,2932
2026-03-04 02:11:25.215302,1.638987586212401,1.6395485124214229,1.6358814116740743,1.6358814116740743,1673
2026-03-04 02:16:25.215302,1.6358814116740743,1.6377699770856142,1.63460861572764,1.6372445294930364,1307
2026-03-04 02:21:25.215302,1.6372445294930364,1.6390536158697138,1.6345280756076226,1.6345280756076226,1327
2026-03-04 02:26:25.215302,1.6345280756076226,1.638498193724084,1.6343600454992782,1.638498193724084,1226
2026-03-04 02:31:25.215302,1.638498193724084,1.6390154731179793,1.6379544200415712,1.638629324259837,4736
2026-03-04 02:36:25.215302,1.638629324259837,1.6412466759760533,1.6381110641469336,1.6412466759760533,3207
2026-03-04 02:41:25.215302,1.6412466759760533,1.6514888594529715,1.6393494754815314,1.6514888594529715,3413
2026-03-04 02:46:25.215302,1.6514888594529715,1.6515391847714833,1.6489013644985302,1.6489013644985302,4089
2026-03-04 02:51:25.215302,1.6489013644985302,1.648914606506045,1.645880433015395,1.645880433015395,3127
2026-03-04 02:56:25.215302,1.645880433015395,1.6464241625837561,1.643882380915722,1.643882380915722,3641
2026-03-04 03:01:25.215302,1.643882380915722,1.6449487143606827,1.6418686644014857,1.6418686644014857,3764
2026-03-04 03:06:25.215302,1.6418686644014857,1.6458097587570406,1.6417553344871665,1.6458097587570406,2794
2026-03-04 03:11:25.215302,1.6458097587570406,1.6460110162675692,1.6424081812847995,1.6424081812847995,3115
2026-03-04 03:16:25.215302,1.6424081812847995,1.6436100002539749,1.6423927950368074,1.6436100002539749,3881
2026-03-04 03:21:25.215302,1.6436100002539749,1.6438380912529857,1.6370270617587677,1.6370270617587677,3631
2026-03-04 03:26:25.215302,1.6370270617587677,1.6398864669764435,1.6367177898911471,1.6398864669764435,2824
2026-03-04 03:31:25.215302,1.6398864669764435,1.6411009634771143,1.6383157538306958,1.6411009634771143,1877
2026-03-04 03:36:25.215302,1.6411009634771143,1.643154794255547,1.639099989364518,1.6412475070279846,2610
2026-03-04 03:41:25.215302,1.6412475070279846,1.6470407290371663,1.6402928035598778,1.6470407290371663,1035
2026-03-04 03:46:25.215302,1.6470407290371663,1.6500428740978845,1.6458510300826512,1.6500428740978845,3319
2026-03-04 03:51:25.215302,1.6500428740978845,1.6503146009935798,1.6395610095994435,1.6395610095994435,4540
2026-03-04 03:56:25.215302,1.6395610095994435,1.6425228895012958,1.6381286127384758,1.6415282429623532,3294
2026-03-04 04:01:25.215302,1.6415282429623532,1.644402541766268,1.6400510113837428,1.6416192753725782,4275
2026-03-04 04:06:25.215302,1.6416192753725782,1.6421217815995692,1.6397375480743657,1.6397912661009764,2864
2026-03-04 04:11:25.215302,1.6397912661009764,1.642944938322863,1.63972807968082,1.6413218664178812,4774
2026-03-04 04:16:25.215302,1.6413218664178812,1.6432648945820914,1.6403692883502725,1.6432648945820914,3666
2026-03-04 04:21:25.215302,1.6432648945820914,1.6470506684623265,1.6392495046749525,1.6433051899105449,2852
2026-03-04 04:26:25.215302,1.6433051899105449,1.6436360313125822,1.6415704835971063,1.6424627860377434,4762
2026-03-04 04:31:25.215302,1.6424627860377434,1.6429210964814625,1.6423804078626274,1.6425498016431848,1520
2026-03-04 04:36:25.215302,1.6425498016431848,1.6442603284443935,1.6395937271872127,1.6395937271872127,2133
2026-03-04 04:41:25.215302,1.6395937271872127,1.6405087310577064,1.6391066002347419,1.6395072096773955,2012
2026-03-04 04:46:25.215302,1.6395072096773955,1.6407674422031628,1.6368046818935307,1.6368046818935307,1906
2026-03-04 04:51:25.215302,1.6368046818935307,1.6382429593011376,1.6338653543536144,1.6338653543536144,3492
2026-03-04 04:56:25.215302,1.6338653543536144,1.6357512193229127,1.6269778028923838,1.6269778028923838,2028
2026-03-04 05:01:25.215302,1.6269778028923838,1.6278925114687839,1.6243638103046545,1.6259532420798706,1187
2026-03-04 05:06:25.215302,1.6259532420798706,1.6274804603872841,1.6216750328822853,1.6216750328822853,1086
2026-03-04 05:11:25.215302,1.6216750328822853,1.6227987060128297,1.6195855955844474,1.6195855955844474,1990
2026-03-04 05:16:25.215302,1.6195855955844474,1.6212234362946552,1.6184305096759253,1.620105214353952,2829
2026-03-04 05:21:25.215302,1.620105214353952,1.6225201340881785,1.6193843507481895,1.6225201340881785,1214
2026-03-04 05:26:25.215302,1.6225201340881785,1.6264754320136796,1.6225186261989117,1.6264754320136796,2026
2026-03-04 05:31:25.215302,1.6264754320136796,1.6276350404181879,1.621423063001223,1.621423063001223,2413
2026-03-04 05:36:25.215302,1.621423063001223,1.6245452945157863,1.620189197863409,1.620926087558557,4792
2026-03-04 05:41:25.215302,1.620926087558557,1.6222285025938172,1.6198392072520444,1.6209524508537638,2690
2026-03-04 05:46:25.215302,1.6209524508537638,1.6221390117729075,1.6195097088696737,1.6208257664310286,2971
2026-03-04 05:51:25.215302,1.6208257664310286,1.623302019852255,1.6189027612117854,1.6204774070261,2864
2026-03-04 05:56:25.215302,1.6204774070261,1.6232221293437623,1.6178587925557584,1.6190984648931932,1917
2026-03-04 06:01:25.215302,1.6190984648931932,1.624561474620086,1.617557780295735,1.624561474620086,1081
2026-03-04 06:06:25.215302,1.624561474620086,1.625217671391029,1.6193809644688906,1.6193809644688906,1378
2026-03-04 06:11:25.215302,1.6193809644688906,1.6214646353223077,1.6190137475847284,1.6214646353223077,1500
2026-03-04 06:16:25.215302,1.6214646353223077,1.6229981865039975,1.6190216139091504,1.6229981865039975,1920
2026-03-04 06:21:25.215302,1.6229981865039975,1.6256692587641985,1.6193182377430189,1.6193182377430189,1193
2026-03-04 06:26:25.215302,1.6193182377430189,1.6219502134590154,1.6192459469105627,1.6219502134590154,3812
2026-03-04 06:31:25.215302,1.6219502134590154,1.6234467024480572,1.6191908240416517,1.6191908240416517,1590
2026-03-04 06:36:25.215302,1.6191908240416517,1.6193045991521242,1.6171391057878257,1.618997093871093,3182
2026-03-04 06:41:25.215302,1.618997093871093,1.6214472318864994,1.6185507422372787,1.6214472318864994,3687
2026-03-04 06:46:25.215302,1.6214472318864994,1.6225497756448357,1.6169392582894908,1.6169392582894908,1750
2026-03-04 06:51:25.215302,1.6169392582894908,1.6196687176399434,1.6138790567803836,1.6196687176399434,2702
2026-03-04 06:56:25.215302,1.6196687176399434,1.6205026560878277,1.6145601220040466,1.6145601220040466,4506
2026-03-04 07:01:25.215302,1.6145601220040466,1.618623425481013,1.6121837614962748,1.618623425481013,1982
2026-03-04 07:06:25.215302,1.618623425481013,1.6196764795354401,1.6144777708089233,1.6144777708089233,3092
2026-03-04 07:11:25.215302,1.6144777708089233,1.614925416153466,1.6132396681663526,1.6140309423430408,3778
2026-03-04 07:16:25.215302,1.6140309423430408,1.6159366120180003,1.6110634913071222,1.6110634913071222,2504
2026-03-04 07:21:25.215302,1.6110634913071222,1.6131390475212908,1.6092336491770072,1.6122664211883415,4573
2026-03-04 07:26:25.215302,1.6122664211883415,1.6133457075767965,1.6085289818981539,1.6085289818981539,1056
2026-03-04 07:31:25.215302,1.6085289818981539,1.6099209101427567,1.6084993673902672,1.6099209101427567,4748
2026-03-04 07:36:25.215302,1.6099209101427567,1.612001314269902,1.6086391555194481,1.612001314269902,1719
2026-03-04 07:41:25.215302,1.612001314269902,1.6122216892744512,1.6085696722282117,1.6085696722282117,4186
2026-03-04 07:46:25.215302,1.6085696722282117,1.6147912933273456,1.6084358810993822,1.6147912933273456,2609
2026-03-04 07:51:25.215302,1.6147912933273456,1.6203625741643306,1.6135186986565424,1.6176470303969397,3103
2026-03-04 07:56:25.215302,1.6176470303969397,1.6184001382212088,1.6160260215119284,1.6160328240968693,2085
2026-03-04 08:01:25.215302,1.6160328240968693,1.6180390615192612,1.615749673079561,1.6180390615192612,3996
2026-03-04 08:06:25.215302,1.6180390615192612,1.619507853177854,1.6174708888166358,1.6188726153174924,2557
2026-03-04 08:11:25.215302,1.6188726153174924,1.6205222760112332,1.6172417024758052,1.6175972289021756,2654
2026-03-04 08:16:25.215302,1.6175972289021756,1.6195397011689283,1.6172582495237495,1.6190669559224968,3458
2026-03-04 08:21:25.215302,1.6190669559224968,1.6208308062467667,1.6174921478575932,1.6188620621908405,4809
2026-03-04 08:26:25.215302,1.6188620621908405,1.6215960215965655,1.6182811500056216,1.6203511229956962,3213
2026-03-04 08:31:25.215302,1.6203511229956962,1.6237552535738602,1.6198679159655607,1.6237552535738602,1562
2026-03-04 08:36:25.215302,1.6237552535738602,1.626463574275618,1.6201593264374687,1.6239708282281613,4739
2026-03-04 08:41:25.215302,1.6239708282281613,1.6241949459570477,1.6209799064550467,1.6225576505479775,2920
2026-03-04 08:46:25.215302,1.6225576505479775,1.624109570514657,1.6219768660387843,1.6229124594073638,1832
2026-03-04 08:51:25.215302,1.6229124594073638,1.6265758714374945,1.6211728167397725,1.6265758714374945,2282
2026-03-04 08:56:25.215302,1.6265758714374945,1.6270212630547802,1.6245886014398456,1.625953252480629,4056
2026-03-04 09:01:25.215302,1.625953252480629,1.6300908305167834,1.6257529367661743,1.6282816661806963,1702
2026-03-04 09:06:25.215302,1.6282816661806963,1.6297220167853355,1.6207437981208757,1.6207437981208757,2327
2026-03-04 09:11:25.215302,1.6207437981208757,1.621537841219854,1.6180438689116052,1.621537841219854,2098
2026-03-04 09:16:25.215302,1.621537841219854,1.6218294556746622,1.6206688968612653,1.6206688968612653,1158
2026-03-04 09:21:25.215302,1.6206688968612653,1.6230782344049157,1.6192356408696127,1.6230782344049157,2604
2026-03-04 09:26:25.215302,1.6230782344049157,1.6232662642251896,1.6216362182943442,1.6216362182943442,3580
2026-03-04 09:31:25.215302,1.6216362182943442,1.6266046602878264,1.6206335818857704,1.6266046602878264,1040
2026-03-04 09:36:25.215302,1.6266046602878264,1.628997265418852,1.6244309424152554,1.628997265418852,1184
2026-03-04 09:41:25.215302,1.628997265418852,1.630345203200879,1.6225790289715294,1.6225790289715294,1949
2026-03-04 09:46:25.215302,1.6225790289715294,1.6236266609248964,1.6218749490251145,1.6220407383094742,1941
2026-03-04 09:51:25.215302,1.6220407383094742,1.6228249031893838,1.618191550016907,1.618191550016907,1682
2026-03-04 09:56:25.215302,1.618191550016907,1.6198277523601048,1.6175563265956345,1.6175563265956345,4833
2026-03-04 10:01:25.215302,1.6175563265956345,1.6218641098632864,1.6155801297905448,1.6218641098632864,1184
2026-03-04 10:06:25.215302,1.6218641098632864,1.622059386238653,1.6174026536648525,1.6174026536648525,4833
2026-03-04 10:11:25.215302,1.6174026536648525,1.618733144285549,1.615564984354263,1.6168476731026398,4540
2026-03-04 10:16:25.215302,1.6168476731026398,1.61778671437799,1.6120937944261506,1.6120937944261506,2459
2026-03-04 10:21:25.215302,1.6120937944261506,1.6143815949707412,1.6092631363805334,1.6092631363805334,2871
2026-03-04 10:26:25.215302,1.6092631363805334,1.6117620448043024,1.6066240912632666,1.6117620448043024,1987
2026-03-04 10:31:25.215302,1.6117620448043024,1.612996525736423,1.610847402105822,1.6116156440490037,3624
2026-03-04 10:36:25.215302,1.6116156440490037,1.6124700112408898,1.6106808214463064,1.6106808214463064,4616
2026-03-04 10:41:25.215302,1.6106808214463064,1.6118882548674625,1.6092052076498033,1.6092052076498033,2184
2026-03-04 10:46:25.215302,1.6092052076498033,1.6131037617657364,1.608319887518712,1.6131037617657364,1555
2026-03-04 10:51:25.215302,1.6131037617657364,1.623050644807022,1.6124168468121511,1.623050644807022,2094
2026-03-04 10:56:25.215302,1.623050644807022,1.6254527377486843,1.6197693648958034,1.624190375855669,1959
2026-03-04 11:01:25.215302,1.624190375855669,1.6267985097841642,1.622415770044884,1.6267985097841642,2452
2026-03-04 11:06:25.215302,1.6267985097841642,1.6293275871217545,1.6257741277407394,1.6293275871217545,2632
2026-03-04 11:11:25.215302,1.6293275871217545,1.631184907073294,1.6284149156710317,1.6284149156710317,1742
2026-03-04 11:16:25.215302,1.6284149156710317,1.6312737141013873,1.6278392774170687,1.6297773974584617,3112
2026-03-04 11:21:25.215302,1.6297773974584617,1.6324878814139143,1.6260790621511012,1.6260790621511012,3030
2026-03-04 11:26:25.215302,1.6260790621511012,1.6283726486757402,1.6254073441441854,1.6256208694827408,1307
2026-03-04 11:31:25.215302,1.6256208694827408,1.6284165702710014,1.6226515645462678,1.625778187081138,3420
2026-03-04 11:36:25.215302,1.625778187081138,1.626843819346388,1.6242408237833859,1.6256780115562994,3206
2026-03-04 11:41:25.215302,1.6256780115562994,1.6261539245918313,1.6213583771458062,1.6213583771458062,4802
2026-03-04 11:46:25.215302,1.6213583771458062,1.6227777384744004,1.618293149396168,1.618293149396168,4419
2026-03-04 11:51:25.215302,1.618293149396168,1.6225745970086278,1.6169033739872107,1.6225745970086278,4293
2026-03-04 11:56:25.215302,1.6225745970086278,1.6242691445548256,1.6218684901119802,1.6236117452748233,2971
2026-03-04 12:01:25.215302,1.6236117452748233,1.630573051245108,1.6185316221028456,1.630573051245108,1214
2026-03-04 12:06:25.215302,1.630573051245108,1.6320622978039168,1.6283609526610794,1.6320622978039168,2751
2026-03-04 12:11:25.215302,1.6320622978039168,1.632297136030207,1.6291954394571062,1.6291954394571062,3376
2026-03-04 12:16:25.215302,1.6291954394571062,1.6302691632676731,1.626853367536917,1.6302691632676731,3051
2026-03-04 12:21:25.215302,1.6302691632676731,1.631069321662403,1.6274238382264057,1.6274238382264057,2771
2026-03-04 12:26:25.215302,1.6274238382264057,1.6328072320668598,1.6255312074549664,1.6328072320668598,3475
2026-03-04 12:31:25.215302,1.6328072320668598,1.636369542652195,1.6301814062060642,1.6355468124977321,2126
2026-03-04 12:36:25.215302,1.6355468124977321,1.6413002808433228,1.6337831949924424,1.6413002808433228,2275
2026-03-04 12:41:25.215302,1.6413002808433228,1.641836417635601,1.6389485030782849,1.640561967736621,3947
2026-03-04 12:46:25.215302,1.640561967736621,1.6408723783363295,1.6374423619668914,1.6374423619668914,4242
2026-03-04 12:51:25.215302,1.6374423619668914,1.6385583073805268,1.6370009751105974,1.6385583073805268,4631
2026-03-04 12:56:25.215302,1.6385583073805268,1.642161650546622,1.6346045686303647,1.6346045686303647,3033
2026-03-04 13:01:25.215302,1.6346045686303647,1.638276394281822,1.633677704174396,1.638276394281822,3688
2026-03-04 13:06:25.215302,1.638276394281822,1.6402449257144935,1.635856915539705,1.6401899442745602,1046
2026-03-04 13:11:25.215302,1.6401899442745602,1.6429884582789445,1.6377029341861264,1.6429884582789445,3762
2026-03-04 13:16:25.215302,1.6429884582789445,1.6452900782167592,1.6400546045535302,1.6443699386135613,1762
2026-03-04 13:21:25.215302,1.6443699386135613,1.6476134352455203,1.6432435798230733,1.643994953489344,2125
2026-03-04 13:26:25.215302,1.643994953489344,1.6482364186775007,1.6423437541699146,1.6482364186775007,3579
2026-03-04 13:31:25.215302,1.6482364186775007,1.6491318633795677,1.6441528018793978,1.644302535555397,1959
2026-03-04 13:36:25.215302,1.644302535555397,1.6450832767035104,1.6424347767166159,1.6424347767166159,4739
2026-03-04 13:41:25.215302,1.6424347767166159,1.6438015775196548,1.6390075473383308,1.6390075473383308,4821
2026-03-04 13:46:25.215302,1.6390075473383308,1.6402524080181486,1.6385384034577084,1.638799788778348,3893
2026-03-04 13:51:25.215302,1.638799788778348,1.6395171655027627,1.6336422405512923,1.6336422405512923,2610
2026-03-04 13:56:25.215302,1.6336422405512923,1.634741096671671,1.6309730630904393,1.631859080238533,4811
2026-03-04 14:01:25.215302,1.631859080238533,1.6324154453678215,1.6304595600719718,1.6313889541730437,4322
2026-03-04 14:06:25.215302,1.6313889541730437,1.6317923659293945,1.6293783651786231,1.6293783651786231,1022
2026-03-04 14:11:25.215302,1.6293783651786231,1.6336190480325654,1.6286956190282573,1.6299555864565747,3816
2026-03-04 14:16:25.215302,1.6299555864565747,1.630861544307142,1.6296393202733062,1.630861544307142,3608
2026-03-04 14:21:25.215302,1.630861544307142,1.6313319813751659,1.628514350209849,1.628514350209849,1614
2026-03-04 14:26:25.215302,1.628514350209849,1.6310068982168424,1.6270379271697024,1.6304979384727807,3807
2026-03-04 14:31:25.215302,1.6304979384727807,1.632821027408659,1.6283599708288141,1.6315446072286133,1243
2026-03-04 14:36:25.215302,1.6315446072286133,1.6336681105109967,1.6306530488834243,1.6336681105109967,3380
2026-03-04 14:41:25.215302,1.6336681105109967,1.6373446527010729,1.6324667868756224,1.6373446527010729,3234
2026-03-04 14:46:25.215302,1.6373446527010729,1.6382240466918632,1.6345713744291825,1.6374342393326333,4169
2026-03-04 14:51:25.215302,1.6374342393326333,1.6378335382495053,1.6353483107208677,1.6362983310322767,3936
2026-03-04 14:56:25.215302,1.6362983310322767,1.6393837807104326,1.634200812207747,1.6393837807104326,4166
2026-03-04 15:01:25.215302,1.6393837807104326,1.6401812148279973,1.6329423359148527,1.6329423359148527,2808
2026-03-04 15:06:25.215302,1.6329423359148527,1.6333044290010565,1.6302165849530088,1.630751730241762,3660
2026-03-04 15:11:25.215302,1.630751730241762,1.630921753201304,1.6273343768926432,1.6273343768926432,3331
2026-03-04 15:16:25.215302,1.6273343768926432,1.6284715878724743,1.6246473402377037,1.6276720309565245,3319
2026-03-04 15:21:25.215302,1.6276720309565245,1.6313364531515107,1.6273174638301784,1.6313364531515107,4489
2026-03-04 15:26:25.215302,1.6313364531515107,1.6353439079870256,1.6271007155454542,1.6276301254108385,1806
2026-03-04 15:31:25.215302,1.6276301254108385,1.6338179057012239,1.6263549035467468,1.6338179057012239,1063
2026-03-04 15:36:25.215302,1.6338179057012239,1.6374152230378973,1.632553916505271,1.6374152230378973,4764
2026-03-04 15:41:25.215302,1.6374152230378973,1.646545638272779,1.6354317100290032,1.646545638272779,4954
2026-03-04 15:46:25.215302,1.646545638272779,1.653364829527042,1.6461113069864244,1.653364829527042,3726
2026-03-04 15:51:25.215302,1.653364829527042,1.6563552266944426,1.6510888318999346,1.6510888318999346,3745
2026-03-04 15:56:25.215302,1.6510888318999346,1.6513670265595988,1.6483817554013955,1.6483817554013955,1206
2026-03-04 16:01:25.215302,1.6483817554013955,1.6505303547510317,1.6468486410478083,1.6468486410478083,1666
2026-03-04 16:06:25.215302,1.6468486410478083,1.650061026731856,1.644850587099881,1.6481707098977538,3462
2026-03-04 16:11:25.215302,1.6481707098977538,1.652163564670189,1.6479909901889231,1.652163564670189,3578
2026-03-04 16:16:25.215302,1.652163564670189,1.6544871274155108,1.6507389147785465,1.6521182856947088,1629
2026-03-04 16:21:25.215302,1.6521182856947088,1.6534469844386983,1.6459834503311248,1.6459834503311248,4852
2026-03-04 16:26:25.215302,1.6459834503311248,1.6490283829098007,1.6458014543278285,1.6490283829098007,1697
2026-03-04 16:31:25.215302,1.6490283829098007,1.6515544579866375,1.6484013853575843,1.6515544579866375,1204
2026-03-04 16:36:25.215302,1.6515544579866375,1.6515625097114834,1.6463084261343521,1.6463084261343521,3876
2026-03-04 16:41:25.215302,1.6463084261343521,1.6481871203747696,1.6458221767594459,1.6481871203747696,4420
2026-03-04 16:46:25.215302,1.6481871203747696,1.6494612961294273,1.6458656521628992,1.6467661574420045,4627
2026-03-04 16:51:25.215302,1.6467661574420045,1.6475576006232475,1.6431357826950292,1.6431357826950292,3712
2026-03-04 16:56:25.215302,1.6431357826950292,1.6439466255534736,1.641727804016664,1.6433351986208584,1664
2026-03-04 17:01:25.215302,1.6433351986208584,1.6450612982585988,1.639388108956686,1.639388108956686,3832
2026-03-04 17:06:25.215302,1.639388108956686,1.6398115713516743,1.6378381940857802,1.6378381940857802,3266
2026-03-04 17:11:25.215302,1.6378381940857802,1.6406645160586366,1.6354473722718796,1.6406645160586366,4330
2026-03-04 17:16:25.215302,1.6406645160586366,1.6413714456450863,1.6400208725041627,1.6400208725041627,2183
2026-03-04 17:21:25.215302,1.6400208725041627,1.6419430258826393,1.63767570300851,1.63767570300851,4753
2026-03-04 17:26:25.215302,1.63767570300851,1.638895814582201,1.636352607519535,1.6386563274870423,3090
2026-03-04 17:31:25.215302,1.6386563274870423,1.6402672808082015,1.6377057389504248,1.6402672808082015,2608
2026-03-04 17:36:25.215302,1.6402672808082015,1.6408466691358203,1.6344021909356854,1.6344021909356854,4550
2026-03-04 17:41:25.215302,1.6344021909356854,1.6355601697044184,1.627832257856199,1.627832257856199,4416
2026-03-04 17:46:25.215302,1.627832257856199,1.6301460201000628,1.6269480463054948,1.6272383920682092,2168
2026-03-04 17:51:25.215302,1.6272383920682092,1.6300342003240518,1.626631490527431,1.6300342003240518,1992
2026-03-04 17:56:25.215302,1.6300342003240518,1.6338914545861107,1.6285882860314098,1.6302288220544001,1493
2026-03-04 18:01:25.215302,1.6302288220544001,1.6309367850499488,1.629074354963588,1.6303532540293788,3595
2026-03-04 18:06:25.215302,1.6303532540293788,1.6312354302123464,1.6295872029413152,1.6295872029413152,3483
2026-03-04 18:11:25.215302,1.6295872029413152,1.6305448969701846,1.6289813599998675,1.62979236801488,2600
2026-03-04 18:16:25.215302,1.62979236801488,1.6310950111041937,1.6256263281367305,1.6256263281367305,1815
2026-03-04 18:21:25.215302,1.6256263281367305,1.6266391386899641,1.625226865601116,1.625226865601116,4039
2026-03-04 18:26:25.215302,1.625226865601116,1.631452307030254,1.6232091753180493,1.631452307030254,3643
2026-03-04 18:31:25.215302,1.631452307030254,1.6315052093731175,1.6294277867736058,1.6294277867736058,1469
2026-03-04 18:36:25.215302,1.6294277867736058,1.6306990038878442,1.6281674935078685,1.6299946075749976,4919
2026-03-04 18:41:25.215302,1.6299946075749976,1.635200600222176,1.629281764424486,1.635200600222176,1610
2026-03-04 18:46:25.215302,1.635200600222176,1.6364285742913596,1.6339614028927165,1.6364285742913596,3069
2026-03-04 18:51:25.215302,1.6364285742913596,1.6408189666467279,1.636162954439591,1.6408189666467279,1714
2026-03-04 18:56:25.215302,1.6408189666467279,1.64180542092837,1.6404296277686896,1.64180542092837,2595
2026-03-04 19:01:25.215302,1.64180542092837,1.6445018237327935,1.640398863915994,1.6445018237327935,4079
2026-03-04 19:06:25.215302,1.6445018237327935,1.6446952207122383,1.6440032473014352,1.644507895654928,1533
2026-03-04 19:11:25.215302,1.644507895654928,1.6458137132016433,1.6413842364802755,1.6413842364802755,3474
2026-03-04 19:16:25.215302,1.6413842364802755,1.64400680973268,1.6351070047346643,1.6351070047346643,1556
2026-03-04 19:21:25.215302,1.6351070047346643,1.6355524971708568,1.631833133506006,1.631833133506006,3543
2026-03-04 19:26:25.215302,1.631833133506006,1.632040758905771,1.6310135999656066,1.6310135999656066,1243
2026-03-04 19:31:25.215302,1.6310135999656066,1.6317850016538453,1.6254757562497852,1.6254757562497852,1489
2026-03-04 19:36:25.215302,1.6254757562497852,1.6286178662538362,1.625040770527901,1.6286178662538362,1814
2026-03-04 19:41:25.215302,1.6286178662538362,1.6302054827471553,1.6284215575146774,1.6302054827471553,4296
2026-03-04 19:46:25.215302,1.6302054827471553,1.6307697559776104,1.6286704382519472,1.6286704382519472,2064
2026-03-04 19:51:25.215302,1.6286704382519472,1.6322269682918564,1.6278524260162217,1.6322269682918564,1629
2026-03-04 19:56:25.215302,1.6322269682918564,1.6341763488606436,1.6320004320087527,1.6341763488606436,3003
2026-03-04 20:01:25.215302,1.6341763488606436,1.6372795182391213,1.6341414041736753,1.6372795182391213,3835
2026-03-04 20:06:25.215302,1.6372795182391213,1.6388106849952564,1.6362094927248272,1.6369844660520514,2026
2026-03-04 20:11:25.215302,1.6369844660520514,1.6386258023382851,1.6361165526166297,1.6361165526166297,2709
2026-03-04 20:16:25.215302,1.6361165526166297,1.6370720603878113,1.6307729650622875,1.6307729650622875,4755
2026-03-04 20:21:25.215302,1.6307729650622875,1.6328189063869905,1.627554291386289,1.627554291386289,4706
2026-03-04 20:26:25.215302,1.627554291386289,1.6355247840881604,1.6247903695418373,1.6355247840881604,2606
2026-03-04 20:31:25.215302,1.6355247840881604,1.6362561281886396,1.633227496069972,1.633227496069972,2565
2026-03-04 20:36:25.215302,1.633227496069972,1.63424035702615,1.6322153677415971,1.6327240299325878,2389
2026-03-04 20:41:25.215302,1.6327240299325878,1.636656990238934,1.6302589413631179,1.636656990238934,1503
2026-03-04 20:46:25.215302,1.636656990238934,1.6379703439354623,1.63382189003137,1.6338758767889063,3821
2026-03-04 20:51:25.215302,1.6338758767889063,1.6344252766479543,1.6314017942297827,1.6314017942297827,3465
2026-03-04 20:56:25.215302,1.6314017942297827,1.6348839252455287,1.630538085145276,1.6348839252455287,1111
2026-03-04 21:01:25.215302,1.6348839252455287,1.6354201749734807,1.6309836489646676,1.6309836489646676,2080
2026-03-04 21:06:25.215302,1.6309836489646676,1.6334738843359742,1.630764188156741,1.6334738843359742,4444
2026-03-04 21:11:25.215302,1.6334738843359742,1.6344708909674128,1.6286344926591556,1.6286344926591556,3070
2026-03-04 21:16:25.215302,1.6286344926591556,1.6287953523443615,1.6210676215595183,1.6210676215595183,2252
2026-03-04 21:21:25.215302,1.6210676215595183,1.621328356169995,1.619806144909232,1.6211285724840132,2852
2026-03-04 21:26:25.215302,1.6211285724840132,1.6227868917090418,1.6190624954961466,1.6217576869068158,1550
2026-03-04 21:31:25.215302,1.6217576869068158,1.622080423849053,1.619406615917633,1.619406615917633,4569
2026-03-04 21:36:25.215302,1.619406615917633,1.6208768499512296,1.6178936042237533,1.6208768499512296,4853
2026-03-04 21:41:25.215302,1.6208768499512296,1.623732283728917,1.618527246849975,1.622883216576867,4120
2026-03-04 21:46:25.215302,1.622883216576867,1.6285662417264688,1.6200337897830086,1.6285662417264688,4341
2026-03-04 21:51:25.215302,1.6285662417264688,1.6315597331833704,1.6254329132814243,1.6315597331833704,4289
2026-03-04 21:56:25.215302,1.6315597331833704,1.6325882143577528,1.6315549612206466,1.6316720473653266,1350
2026-03-04 22:01:25.215302,1.6316720473653266,1.633848902024721,1.6302875083491108,1.6310772965281448,2740
2026-03-04 22:06:25.215302,1.6310772965281448,1.6322635816396052,1.6304091406738193,1.630979947610579,4634
2026-03-04 22:11:25.215302,1.630979947610579,1.6353058589876714,1.6300163035630484,1.630452498165365,2747
2026-03-04 22:16:25.215302,1.630452498165365,1.6308548007120887,1.627476989536921,1.630494545041766,2074
2026-03-04 22:21:25.215302,1.630494545041766,1.6319090445803686,1.6300156632317333,1.630470463781951,3740
2026-03-04 22:26:25.215302,1.630470463781951,1.6335059963776488,1.62892194782559,1.62892194782559,4085
2026-03-04 22:31:25.215302,1.62892194782559,1.6292994253338715,1.6239312739328406,1.6239312739328406,1814
2026-03-04 22:36:25.215302,1.6239312739328406,1.6253886972733906,1.623568884039774,1.6250030215226237,4517
2026-03-04 22:41:25.215302,1.6250030215226237,1.6281586228803484,1.6212950378263962,1.6281586228803484,1710
2026-03-04 22:46:25.215302,1.6281586228803484,1.629703126755051,1.6253353503612171,1.6253353503612171,3692
2026-03-04 22:51:25.215302,1.6253353503612171,1.6270140491758165,1.6219077489229135,1.6219077489229135,4688
2026-03-04 22:56:25.215302,1.6219077489229135,1.6234284912099808,1.6203718828428688,1.6228015638350761,1693
2026-03-04 23:01:25.215302,1.6228015638350761,1.628752200368062,1.622429698433279,1.628752200368062,3078
2026-03-04 23:06:25.215302,1.628752200368062,1.6297201087879556,1.6257960795226223,1.6257960795226223,3626
2026-03-04 23:11:25.215302,1.6257960795226223,1.6273887367701199,1.6244362650101523,1.6262896498147354,4766
2026-03-04 23:16:25.215302,1.6262896498147354,1.6283979751164588,1.6260593354899158,1.6283979751164588,3458
2026-03-04 23:21:25.215302,1.6283979751164588,1.6320064376533272,1.6281542692636413,1.6320064376533272,1610
2026-03-04 23:26:25.215302,1.6320064376533272,1.6328968339343573,1.6287149875164775,1.6326778755068705,1167
2026-03-04 23:31:25.215302,1.6326778755068705,1.6346258244495688,1.62938208224387,1.62938208224387,2923
2026-03-04 23:36:25.215302,1.62938208224387,1.6309027462275942,1.6267075558416075,1.6275650688268697,2873
2026-03-04 23:41:25.215302,1.6275650688268697,1.6279348884467366,1.623809885240454,1.623809885240454,2118
2026-03-04 23:46:25.215302,1.623809885240454,1.627090045791625,1.6234607011392213,1.627090045791625,3748
2026-03-04 23:51:25.215302,1.627090045791625,1.6279454818345453,1.6262527768162407,1.6262527768162407,3196
2026-03-04 23:56:25.215302,1.6262527768162407,1.6265510597805628,1.6255044580604514,1.6257180126480346,1769
2026-03-05 00:01:25.215302,1.6257180126480346,1.6268026446067938,1.6247758852685081,1.62500826631171,1780
2026-03-05 00:06:25.215302,1.62500826631171,1.6250729637614822,1.6170179687239232,1.6170179687239232,1816
2026-03-05 00:11:25.215302,1.6170179687239232,1.61953531564638,1.6112422856082207,1.61953531564638,4141
2026-03-05 00:16:25.215302,1.61953531564638,1.6234619744854262,1.6192052717941532,1.6234619744854262,4882
2026-03-05 00:21:25.215302,1.6234619744854262,1.626172842767679,1.6213892470270053,1.626172842767679,2010
2026-03-05 00:26:25.215302,1.626172842767679,1.6301623882329757,1.6204400857408732,1.6204400857408732,4570
2026-03-05 00:31:25.215302,1.6204400857408732,1.6214609761787624,1.6191083308283791,1.6191083308283791,2444
2026-03-05 00:36:25.215302,1.6191083308283791,1.6202649334459107,1.6181073076408776,1.6181073076408776,2627
2026-03-05 00:41:25.215302,1.6181073076408776,1.623298392911603,1.616559101682878,1.623298392911603,3493
2026-03-05 00:46:25.215302,1.623298392911603,1.6244282216187522,1.6224677977539603,1.6243911917027654,1377
2026-03-05 00:51:25.215302,1.6243911917027654,1.6254687318602887,1.6239009654977417,1.6243309335739486,2410
2026-03-05 00:56:25.215302,1.6243309335739486,1.6247211245444089,1.6235488152101745,1.6235488152101745,3385
2026-03-05 01:01:25.215302,1.6235488152101745,1.6237729714889617,1.6231531171177052,1.6237729714889617,3085
2026-03-05 01:06:25.215302,1.6237729714889617,1.6263474146360688,1.6232173694720131,1.6263474146360688,2449
2026-03-05 01:11:25.215302,1.6263474146360688,1.6291467553441095,1.6238558561629408,1.6254508562194463,1761
2026-03-05 01:16:25.215302,1.6254508562194463,1.6265500780630378,1.6246363561046415,1.626163630995224,3952
2026-03-05 01:21:25.215302,1.626163630995224,1.6317303103000314,1.6253701812686332,1.6317303103000314,2330
2026-03-05 01:26:25.215302,1.6317303103000314,1.6352217961540347,1.630022638804859,1.6335762140209686,1716
2026-03-05 01:31:25.215302,1.6335762140209686,1.6349917833450198,1.6304344073524557,1.6305834344995047,4152
2026-03-05 01:36:25.215302,1.6305834344995047,1.630832878845089,1.625071797674559,1.625071797674559,1286
2026-03-05 01:41:25.215302,1.625071797674559,1.6270964376944863,1.6240418976336104,1.6270964376944863,4850
2026-03-05 01:46:25.215302,1.6270964376944863,1.62986174822937,1.6260974864163475,1.6275946525360303,2153
2026-03-05 01:51:25.215302,1.6275946525360303,1.629259071493843,1.6243835334804708,1.628578752474956,1916
2026-03-05 01:56:25.215302,1.628578752474956,1.6293904860260997,1.6268934927444634,1.6268934927444634,4272
2026-03-05 02:01:25.215302,1.6268934927444634,1.6275071462614419,1.6262059697688203,1.6262059697688203,3308
2026-03-05 02:06:25.215302,1.6262059697688203,1.6274396230669652,1.6208701898802136,1.6208701898802136,1125
2026-03-05 02:11:25.215302,1.6208701898802136,1.626606042005372,1.6203611169912593,1.626606042005372,3568
2026-03-05 02:16:25.215302,1.626606042005372,1.6289404880768457,1.622346643444533,1.622346643444533,4682
2026-03-05 02:21:25.215302,1.622346643444533,1.622707322481339,1.6203061095540234,1.6203061095540234,2821
2026-03-05 02:26:25.215302,1.6203061095540234,1.6205128848043793,1.6192045120083614,1.6192045120083614,1668
2026-03-05 02:31:25.215302,1.6192045120083614,1.6200076309545153,1.617437021000149,1.617437021000149,3401
2026-03-05 02:36:25.215302,1.617437021000149,1.6196642673138575,1.6132360725915977,1.6132360725915977,1157
2026-03-05 02:41:25.215302,1.6132360725915977,1.613906579816614,1.611748770134626,1.611766834379589,1758
2026-03-05 02:46:25.215302,1.611766834379589,1.6123959545100983,1.6099267089417233,1.6102825197938955,2251
2026-03-05 02:51:25.215302,1.6102825197938955,1.6145289781358876,1.6085443692939456,1.6098406375728658,3290
2026-03-05 02:56:25.215302,1.6098406375728658,1.6107525157812954,1.6075352874849314,1.6107525157812954,1078
2026-03-05 03:01:25.215302,1.6107525157812954,1.6154890716682528,1.609130195095549,1.6154890716682528,4933
2026-03-05 03:06:25.215302,1.6154890716682528,1.6175281981714391,1.6136875215075737,1.6175281981714391,2103
2026-03-05 03:11:25.215302,1.6175281981714391,1.6194231148406615,1.6154756847551541,1.6154756847551541,3631
2026-03-05 03:16:25.215302,1.6154756847551541,1.6172104375148084,1.6138406336606248,1.6154766237409692,1058
2026-03-05 03:21:25.215302,1.6154766237409692,1.6166472829663399,1.6109513586288,1.6109513586288,2641
2026-03-05 03:26:25.215302,1.6109513586288,1.6135178776830452,1.609422406839096,1.6135178776830452,3365
2026-03-05 03:31:25.215302,1.6135178776830452,1.6146423181382854,1.6112607786966082,1.6112607786966082,2208
2026-03-05 03:36:25.215302,1.6112607786966082,1.6149826859396765,1.6105442507141747,1.6149826859396765,4849
2026-03-05 03:41:25.215302,1.6149826859396765,1.6191415104057147,1.6149680617086668,1.6191415104057147,4669
2026-03-05 03:46:25.215302,1.6191415104057147,1.619512897619437,1.6185160448053377,1.6187216548546493,1012
2026-03-05 03:51:25.215302,1.6187216548546493,1.6193477374269354,1.6174175747442547,1.6193477374269354,2112
2026-03-05 03:56:25.215302,1.6193477374269354,1.620929270997157,1.6151910456892171,1.6151910456892171,3565
2026-03-05 04:01:25.215302,1.6151910456892171,1.620301681886817,1.6151686888490249,1.620301681886817,2573
2026-03-05 04:06:25.215302,1.620301681886817,1.6224765693079404,1.6201889367747755,1.6224765693079404,4643
2026-03-05 04:11:25.215302,1.6224765693079404,1.6260926383833645,1.6201218986943347,1.6260926383833645,4028
2026-03-05 04:16:25.215302,1.6260926383833645,1.6269412524254474,1.6253549099996139,1.6253549099996139,2822
2026-03-05 04:21:25.215302,1.6253549099996139,1.6320577885844165,1.6232613475305626,1.6320577885844165,3650
2026-03-05 04:26:25.215302,1.6320577885844165,1.6325484560522878,1.6304209713992426,1.6325484560522878,4675
2026-03-05 04:31:25.215302,1.6325484560522878,1.6328399193809355,1.6307477740430127,1.6307477740430127,2234
2026-03-05 04:36:25.215302,1.6307477740430127,1.6315725209334127,1.6296955040434085,1.6296955040434085,4527
2026-03-05 04:41:25.215302,1.6296955040434085,1.6324032876578616,1.6270204287787833,1.6293768864508213,4261
2026-03-05 04:46:25.215302,1.6293768864508213,1.6325671099178514,1.6284589922515815,1.6325671099178514,3846
2026-03-05 04:51:25.215302,1.6325671099178514,1.6329144379193516,1.629702851628248,1.629702851628248,2308
2026-03-05 04:56:25.215302,1.629702851628248,1.630750720300087,1.626761608800921,1.6272912436584124,2157
2026-03-05 05:01:25.215302,1.6272912436584124,1.6280419990967943,1.6248010683651648,1.6265228535014937,4718
2026-03-05 05:06:25.215302,1.6265228535014937,1.6291099906621205,1.6227422163200589,1.6227422163200589,1913
2026-03-05 05:11:25.215302,1.6227422163200589,1.6236344845741153,1.616704606623226,1.616704606623226,1756
2026-03-05 05:16:25.215302,1.616704606623226,1.621290885648437,1.6132256223337207,1.621290885648437,1464
2026-03-05 05:21:25.215302,1.621290885648437,1.6226613322376036,1.61819858619603,1.61819858619603,2028
2026-03-05 05:26:25.215302,1.61819858619603,1.620723233325921,1.6162131910283926,1.6162131910283926,1258
2026-03-05 05:31:25.215302,1.6162131910283926,1.6217111182614523,1.6156427345702205,1.6217111182614523,1331
2026-03-05 05:36:25.215302,1.6217111182614523,1.623975462190215,1.6184323009543953,1.6184323009543953,3809
2026-03-05 05:41:25.215302,1.6184323009543953,1.621178124501281,1.617938869294475,1.621178124501281,2139
2026-03-05 05:46:25.215302,1.621178124501281,1.6235284814332118,1.6181863671055616,1.6181863671055616,1435
2026-03-05 05:51:25.215302,1.6181863671055616,1.6195721322282697,1.616196747351273,1.6195721322282697,1360
2026-03-05 05:56:25.215302,1.6195721322282697,1.6228442764913378,1.6177993471175602,1.6228442764913378,3831
2026-03-05 06:01:25.215302,1.6228442764913378,1.6271552463071288,1.620365297808331,1.6254209308028547,2806
2026-03-05 06:06:25.215302,1.6254209308028547,1.6282787940533194,1.621988654483664,1.621988654483664,1025
2026-03-05 06:11:25.215302,1.621988654483664,1.6228335891983428,1.6199669361904643,1.6199669361904643,1177
2026-03-05 06:16:25.215302,1.6199669361904643,1.621191325651311,1.6194363697191099,1.621191325651311,1066
2026-03-05 06:21:25.215302,1.621191325651311,1.6217449877705779,1.619606279053559,1.61963137154568,4369
2026-03-05 06:26:25.215302,1.61963137154568,1.621538401433628,1.615760424584193,1.6195305169823067,4006
2026-03-05 06:31:25.215302,1.6195305169823067,1.620920824086378,1.618310400881802,1.620920824086378,3181
2026-03-05 06:36:25.215302,1.620920824086378,1.621443398739489,1.6169333183248922,1.6169333183248922,1608
2026-03-05 06:41:25.215302,1.6169333183248922,1.6195855906505763,1.6136646380409785,1.6136646380409785,2109
2026-03-05 06:46:25.215302,1.6136646380409785,1.6178457030980313,1.6125173302223148,1.6178457030980313,4724
2026-03-05 06:51:25.215302,1.6178457030980313,1.6191022097870866,1.6153830974053842,1.6153830974053842,1075
2026-03-05 06:56:25.215302,1.6153830974053842,1.616144449852713,1.6120008432727082,1.6120008432727082,4133
2026-03-05 07:01:25.215302,1.6120008432727082,1.616655016908249,1.6103110965395524,1.616655016908249,2376
2026-03-05 07:06:25.215302,1.616655016908249,1.6178292003374946,1.6120429559457028,1.6120429559457028,2362
2026-03-05 07:11:25.215302,1.6120429559457028,1.6142246878272728,1.6107179947039434,1.6142246878272728,2256
2026-03-05 07:16:25.215302,1.6142246878272728,1.618777101412302,1.613921670476791,1.618777101412302,1717
2026-03-05 07:21:25.215302,1.618777101412302,1.6199685315801733,1.6179929192762486,1.6199685315801733,1529
2026-03-05 07:26:25.215302,1.6199685315801733,1.6237808634843534,1.6193625030041205,1.6196079547532394,2842
2026-03-05 07:31:25.215302,1.6196079547532394,1.621195907848059,1.6190427523073618,1.620672451341092,1296
2026-03-05 07:36:25.215302,1.620672451341092,1.620705056936605,1.6181612276206518,1.6185431298834836,2666
2026-03-05 07:41:25.215302,1.6185431298834836,1.6194502600159142,1.6172333864505721,1.6194502600159142,3371
2026-03-05 07:46:25.215302,1.6194502600159142,1.6221420084785403,1.6164291361868277,1.6183987686845196,2372
2026-03-05 07:51:25.215302,1.6183987686845196,1.619143622357157,1.6172690518994077,1.6174837595909208,3591
2026-03-05 07:56:25.215302,1.6174837595909208,1.6186987186726793,1.6159676168969868,1.6176891379814837,3652
2026-03-05 08:01:25.215302,1.6176891379814837,1.618795689987833,1.617421921723214,1.617421921723214,4319
2026-03-05 08:06:25.215302,1.617421921723214,1.6180689201592486,1.6151519445765632,1.6169406331025902,3197
2026-03-05 08:11:25.215302,1.6169406331025902,1.6185359843773832,1.6154062469523671,1.6185359843773832,4348
2026-03-05 08:16:25.215302,1.6185359843773832,1.6212940395597568,1.6177178149288387,1.6209833162314466,3878
2026-03-05 08:21:25.215302,1.6209833162314466,1.62577320886911,1.6206998538034216,1.62577320886911,4478
2026-03-05 08:26:25.215302,1.62577320886911,1.6308386463169826,1.6255721090085875,1.6308386463169826,2064
2026-03-05 08:31:25.215302,1.6308386463169826,1.6342636981416052,1.6286451463296887,1.633370846245764,4237
2026-03-05 08:36:25.215302,1.633370846245764,1.634370051096593,1.630894818042086,1.634370051096593,2350
2026-03-05 08:41:25.215302,1.634370051096593,1.639783562562014,1.6333025196327016,1.639783562562014,4720
2026-03-05 08:46:25.215302,1.639783562562014,1.642165785937301,1.6392293375871803,1.6407832600893846,1327
2026-03-05 08:51:25.215302,1.6407832600893846,1.6441730254100346,1.6375256293628735,1.6441730254100346,3180
2026-03-05 08:56:25.215302,1.6441730254100346,1.6453049675296838,1.641746931529538,1.641746931529538,4806
2026-03-05 09:01:25.215302,1.641746931529538,1.6431218545852224,1.6389387663212047,1.6428199580748761,1817
2026-03-05 09:06:25.215302,1.6428199580748761,1.6455746336829258,1.6414366750264535,1.6453302521777862,3163
2026-03-05 09:11:25.215302,1.6453302521777862,1.6480537554522032,1.6440400490033502,1.6480537554522032,3280
2026-03-05 09:16:25.215302,1.6480537554522032,1.6484644924363372,1.6441712752883824,1.6453477388580495,1146
2026-03-05 09:21:25.215302,1.6453477388580495,1.6507688664555131,1.6446428670807753,1.6507688664555131,4154
2026-03-05 09:26:25.215302,1.6507688664555131,1.653845360055603,1.6473080776586444,1.6473080776586444,2689
2026-03-05 09:31:25.215302,1.6473080776586444,1.6487880161905972,1.6459343313824328,1.647807722249404,4133
2026-03-05 09:36:25.215302,1.647807722249404,1.6485437883689855,1.6458379326837258,1.6458379326837258,1573
2026-03-05 09:41:25.215302,1.6458379326837258,1.6463078619495333,1.6449416999880175,1.6461414768781981,3944
2026-03-05 09:46:25.215302,1.6461414768781981,1.6487738502932954,1.6394918043204454,1.6394918043204454,1357
2026-03-05 09:51:25.215302,1.6394918043204454,1.639937934922296,1.637469895996128,1.6389553027055623,4054
2026-03-05 09:56:25.215302,1.6389553027055623,1.6404410599789327,1.6362762031350178,1.6392579002061998,3462
2026-03-05 10:01:25.215302,1.6392579002061998,1.640280778029964,1.638405855627342,1.638405855627342,1355
2026-03-05 10:06:25.215302,1.638405855627342,1.6406446674240325,1.6333704293843796,1.6333704293843796,1234
2026-03-05 10:11:25.215302,1.6333704293843796,1.6340440844319242,1.630866274037825,1.630866274037825,2795
2026-03-05 10:16:25.215302,1.630866274037825,1.6323489734381165,1.6290382390925835,1.6290382390925835,4622
2026-03-05 10:21:25.215302,1.6290382390925835,1.6311018501798527,1.6261570986534513,1.6276607991556045,1357
2026-03-05 10:26:25.215302,1.6276607991556045,1.6314711821723595,1.6269502040899784,1.6314711821723595,1981
2026-03-05 10:31:25.215302,1.6314711821723595,1.6344478248863556,1.6300256671998643,1.6344478248863556,2525
2026-03-05 10:36:25.215302,1.6344478248863556,1.6369432418730807,1.6305493049499817,1.6327047550072962,2828
2026-03-05 10:41:25.215302,1.6327047550072962,1.6342738037604903,1.6309503534132412,1.6309503534132412,1568
2026-03-05 10:46:25.215302,1.6309503534132412,1.6334602989984182,1.6282907738116121,1.630351289967268,3041
2026-03-05 10:51:25.215302,1.630351289967268,1.6311012581509068,1.629814131675805,1.629814131675805,1919
2026-03-05 10:56:25.215302,1.629814131675805,1.6306334712132893,1.6289212298850893,1.6289212298850893,2042
2026-03-05 11:01:25.215302,1.6289212298850893,1.6323229605267926,1.6207014214941424,1.6207014214941424,2977
2026-03-05 11:06:25.215302,1.6207014214941424,1.6234269975495679,1.6185210850457705,1.6216918674021086,1298
2026-03-05 11:11:25.215302,1.6216918674021086,1.6248584708331462,1.6204260205569794,1.6240455312761735,4278
2026-03-05 11:16:25.215302,1.6240455312761735,1.6298800978478851,1.6222467682427624,1.6298800978478851,4869
2026-03-05 11:21:25.215302,1.6298800978478851,1.6337549488091845,1.6217460276076543,1.6217460276076543,1656
2026-03-05 11:26:25.215302,1.6217460276076543,1.6232155159527908,1.6206878098679045,1.6221414674447903,2378
2026-03-05 11:31:25.215302,1.6221414674447903,1.6230058824431741,1.622005895860824,1.6228699804074171,4681
2026-03-05 11:36:25.215302,1.6228699804074171,1.6250931235010473,1.6225378849973502,1.6250931235010473,1715
2026-03-05 11:41:25.215302,1.6250931235010473,1.6258098120858164,1.6233532714298122,1.6233532714298122,3606
2026-03-05 11:46:25.215302,1.6233532714298122,1.6241385003273077,1.6229632531274596,1.6241385003273077,1349
2026-03-05 11:51:25.215302,1.6241385003273077,1.6262370306426903,1.6229734744482995,1.6262370306426903,1168
2026-03-05 11:56:25.215302,1.6262370306426903,1.6290664959778707,1.6259527074715145,1.6290664959778707,2612
2026-03-05 12:01:25.215302,1.6290664959778707,1.6296265430561803,1.6249966009410097,1.6249966009410097,3698
2026-03-05 12:06:25.215302,1.6249966009410097,1.6259281631528595,1.6245127799029426,1.6245127799029426,3255
2026-03-05 12:11:25.215302,1.6245127799029426,1.6258516045823297,1.6230563565562715,1.6254540918976212,4888
2026-03-05 12:16:25.215302,1.6254540918976212,1.6270106075859696,1.6236541727872689,1.6242750204154088,2604
2026-03-05 12:21:25.215302,1.6242750204154088,1.6260338639291514,1.6200721015753903,1.622296681210444,4486
2026-03-05 12:26:25.215302,1.622296681210444,1.6235751101150764,1.619154721182497,1.619154721182497,4054
2026-03-05 12:31:25.215302,1.619154721182497,1.619933676025123,1.6179099861118378,1.619933676025123,3105
2026-03-05 12:36:25.215302,1.619933676025123,1.6233445141852758,1.6193068374531068,1.6233445141852758,2400
2026-03-05 12:41:25.215302,1.6233445141852758,1.6234125398041606,1.617954076209557,1.617954076209557,4199
2026-03-05 12:46:25.215302,1.617954076209557,1.6201008955673695,1.616442945979767,1.6201008955673695,2696
2026-03-05 12:51:25.215302,1.6201008955673695,1.6201016257784795,1.616187992997673,1.616187992997673,3556
2026-03-05 12:56:25.215302,1.616187992997673,1.6162916926103723,1.613334264086307,1.613334264086307,4522
2026-03-05 13:01:25.215302,1.613334264086307,1.6147665006304919,1.6099056462365329,1.6099056462365329,1515
2026-03-05 13:06:25.215302,1.6099056462365329,1.6109001991204075,1.6084652681115421,1.6109001991204075,2499
2026-03-05 13:11:25.215302,1.6109001991204075,1.6116607822382452,1.6097651072277863,1.6107210454238585,1768
2026-03-05 13:16:25.215302,1.6107210454238585,1.6110585802104873,1.609267886140178,1.609267886140178,4440
2026-03-05 13:21:25.215302,1.609267886140178,1.6105564929119218,1.6063674348926575,1.6099963904884569,2274
2026-03-05 13:26:25.215302,1.6099963904884569,1.6116542183461373,1.6082439382711393,1.6116542183461373,2041
2026-03-05 13:31:25.215302,1.6116542183461373,1.6134767466426325,1.6056479048781052,1.6056479048781052,2835
2026-03-05 13:36:25.215302,1.6056479048781052,1.6069825274643679,1.595296907623778,1.595296907623778,4952
2026-03-05 13:41:25.215302,1.595296907623778,1.5971804733872366,1.5915713719743665,1.5915713719743665,2482
2026-03-05 13:46:25.215302,1.5915713719743665,1.5925933533453889,1.5898225688693892,1.5898225688693892,1729
2026-03-05 13:51:25.215302,1.5898225688693892,1.592958023620775,1.5883978021366947,1.5883978021366947,3784
2026-03-05 13:56:25.215302,1.5883978021366947,1.5893785887244034,1.5881140870307626,1.5886415812578742,3099
2026-03-05 14:01:25.215302,1.5886415812578742,1.594411719073433,1.5882122398827234,1.594411719073433,1420
2026-03-05 14:06:25.215302,1.594411719073433,1.5969425868702338,1.5933093342558677,1.5969425868702338,2177
2026-03-05 14:11:25.215302,1.5969425868702338,1.5987669984833606,1.5953262367353562,1.596296783334388,4289
2026-03-05 14:16:25.215302,1.596296783334388,1.5973289828034254,1.595226311442056,1.5959423366350578,3433
2026-03-05 14:21:25.215302,1.5959423366350578,1.6013923221438295,1.5938039920292078,1.6013923221438295,3545
2026-03-05 14:26:25.215302,1.6013923221438295,1.6027320450449363,1.5994847827910799,1.6027320450449363,3049
2026-03-05 14:31:25.215302,1.6027320450449363,1.6092633387276645,1.6015541890075464,1.6092633387276645,2246
2026-03-05 14:36:25.215302,1.6092633387276645,1.612084797457543,1.6082695038413317,1.612084797457543,4977
2026-03-05 14:41:25.215302,1.612084797457543,1.6122204665564748,1.6081145961241596,1.6081145961241596,1351
2026-03-05 14:46:25.215302,1.6081145961241596,1.6115378093728439,1.60302655443584,1.60302655443584,2162
2026-03-05 14:51:25.215302,1.60302655443584,1.6063039728960422,1.6025251159546807,1.6063039728960422,3733
2026-03-05 14:56:25.215302,1.6063039728960422,1.6065496079453512,1.602271928026925,1.602271928026925,4325
2026-03-05 15:01:25.215302,1.602271928026925,1.6051386743465808,1.601542186240092,1.602438501976322,3055
2026-03-05 15:06:25.215302,1.602438501976322,1.6044456978987687,1.597813545564584,1.597813545564584,3113
2026-03-05 15:11:25.215302,1.597813545564584,1.6007207172167661,1.5970632425620668,1.6007207172167661,2232
2026-03-05 15:16:25.215302,1.6007207172167661,1.6017828534199223,1.6006888368679597,1.6017828534199223,3214
2026-03-05 15:21:25.215302,1.6017828534199223,1.602367816764956,1.6005299014502061,1.602367816764956,1400
2026-03-05 15:26:25.215302,1.602367816764956,1.6054816149862845,1.6015560174224412,1.602847956830251,2800
2026-03-05 15:31:25.215302,1.602847956830251,1.6033876488366028,1.60201884628976,1.60201884628976,2555
2026-03-05 15:36:25.215302,1.60201884628976,1.6062845717209737,1.59990822491813,1.6008176128262446,2656
2026-03-05 15:41:25.215302,1.6008176128262446,1.6015080239166446,1.5997279616662197,1.5997279616662197,1080
2026-03-05 15:46:25.215302,1.5997279616662197,1.602587327039699,1.5979259279278182,1.602587327039699,1541
2026-03-05 15:51:25.215302,1.602587327039699,1.6046799826738436,1.6008853149474582,1.6008853149474582,2692
2026-03-05 15:56:25.215302,1.6008853149474582,1.6013922832585266,1.5995113985652294,1.6013922832585266,2139
2026-03-05 16:01:25.215302,1.6013922832585266,1.6014931476860614,1.5994960247145271,1.5994960247145271,2084
2026-03-05 16:06:25.215302,1.5994960247145271,1.605244325586207,1.5975334580591916,1.605244325586207,2058
2026-03-05 16:11:25.215302,1.605244325586207,1.6070576302485469,1.60484930144491,1.6065798375439426,2160
2026-03-05 16:16:25.215302,1.6065798375439426,1.6089165245442358,1.6032529803692879,1.6032529803692879,1256
2026-03-05 16:21:25.215302,1.6032529803692879,1.603440178205215,1.598274963074489,1.598274963074489,2393
2026-03-05 16:26:25.215302,1.598274963074489,1.5993065659126569,1.594338474891458,1.594338474891458,1253
2026-03-05 16:31:25.215302,1.594338474891458,1.5972162107962526,1.5930039652806764,1.5972162107962526,2461
2026-03-05 16:36:25.215302,1.5972162107962526,1.6002464986047902,1.596266470171694,1.6002464986047902,1919
2026-03-05 16:41:25.215302,1.6002464986047902,1.6026886977977481,1.5995446029233065,1.6005810173526096,4459
2026-03-05 16:46:25.215302,1.6005810173526096,1.600889717413288,1.5994797093417654,1.6006655170031774,4841
2026-03-05 16:51:25.215302,1.6006655170031774,1.6021077632732306,1.6001916051878644,1.6004009739584815,4337
2026-03-05 16:56:25.215302,1.6004009739584815,1.6032883785520131,1.5998671851455668,1.6032883785520131,4196
2026-03-05 17:01:25.215302,1.6032883785520131,1.6040275865794993,1.6004598856834653,1.6004598856834653,2541
2026-03-05 17:06:25.215302,1.6004598856834653,1.604956222674598,1.5999404125711523,1.604956222674598,1132
2026-03-05 17:11:25.215302,1.604956222674598,1.6067191335886988,1.6030114011114864,1.6030114011114864,1490
2026-03-05 17:16:25.215302,1.6030114011114864,1.6049641972415165,1.6016352803378193,1.6016352803378193,3613
2026-03-05 17:21:25.215302,1.6016352803378193,1.6068652596149962,1.5996479258681064,1.6068652596149962,4613
2026-03-05 17:26:25.215302,1.6068652596149962,1.6082196662927488,1.5980790676175256,1.5980790676175256,2654
2026-03-05 17:31:25.215302,1.5980790676175256,1.5998185149398165,1.5943257984261177,1.5943257984261177,2257
2026-03-05 17:36:25.215302,1.5943257984261177,1.5954714463196726,1.5923108722672612,1.5954714463196726,4697
2026-03-05 17:41:25.215302,1.5954714463196726,1.5972004062032719,1.5947934960136674,1.5972004062032719,3606
2026-03-05 17:46:25.215302,1.5972004062032719,1.5975155955159677,1.5931038869482887,1.59399831692311,4166
2026-03-05 17:51:25.215302,1.59399831692311,1.597090347652016,1.5938422702213966,1.597090347652016,3175
2026-03-05 17:56:25.215302,1.597090347652016,1.599418054841779,1.596013032408583,1.596013032408583,4226
2026-03-05 18:01:25.215302,1.596013032408583,1.5979627939960748,1.5952196618448786,1.5979627939960748,3994
2026-03-05 18:06:25.215302,1.5979627939960748,1.598153603823169,1.594601664566596,1.594601664566596,2005
2026-03-05 18:11:25.215302,1.594601664566596,1.5955632586682693,1.5933168650966625,1.5942090019376542,4462
2026-03-05 18:16:25.215302,1.5942090019376542,1.5946456478028983,1.586994272492007,1.586994272492007,2717
2026-03-05 18:21:25.215302,1.586994272492007,1.5876118653466276,1.581132697530347,1.581132697530347,1317
2026-03-05 18:26:25.215302,1.581132697530347,1.5824249364367595,1.5787581377207438,1.582349613134984,2969
2026-03-05 18:31:25.215302,1.582349613134984,1.5837761583764367,1.5814592104726641,1.5833837090866758,4482
2026-03-05 18:36:25.215302,1.5833837090866758,1.585690647553499,1.5832398425459522,1.585690647553499,1149
2026-03-05 18:41:25.215302,1.585690647553499,1.5886727813758885,1.5855743459349352,1.5867509505886666,1269
2026-03-05 18:46:25.215302,1.5867509505886666,1.5895450601229226,1.5841365598553605,1.5844159189426124,4683
2026-03-05 18:51:25.215302,1.5844159189426124,1.585940479076093,1.5837011360221798,1.585940479076093,1236
2026-03-05 18:56:25.215302,1.585940479076093,1.587324094871849,1.5797455631512218,1.5797455631512218,2516
2026-03-05 19:01:25.215302,1.5797455631512218,1.5808649765999088,1.576165977403775,1.576165977403775,2482
2026-03-05 19:06:25.215302,1.576165977403775,1.5773334940458295,1.5737356772521898,1.5741463739463917,2325
2026-03-05 19:11:25.215302,1.5741463739463917,1.5785736560752777,1.571681923328721,1.5785736560752777,1911
2026-03-05 19:16:25.215302,1.5785736560752777,1.5802468111739727,1.5775782528464928,1.5775782528464928,1048
2026-03-05 19:21:25.215302,1.5775782528464928,1.577890204010195,1.576980247222685,1.5774110519991937,1993
2026-03-05 19:26:25.215302,1.5774110519991937,1.5812185154073821,1.5766574831575695,1.5812185154073821,4945
2026-03-05 19:31:25.215302,1.5812185154073821,1.5834816028240504,1.5796627195170116,1.5823918756729274,4636
2026-03-05 19:36:25.215302,1.5823918756729274,1.5842607902071393,1.5793159070552019,1.5793159070552019,2507
2026-03-05 19:41:25.215302,1.5793159070552019,1.5797516144431814,1.5762828613995925,1.5762828613995925,2689
2026-03-05 19:46:25.215302,1.5762828613995925,1.5763186571130923,1.5726631354332619,1.5757259798786432,2723
2026-03-05 19:51:25.215302,1.5757259798786432,1.5762981776035812,1.5749731535011275,1.5749731535011275,2455
2026-03-05 19:56:25.215302,1.5749731535011275,1.5754642236173175,1.572199438106147,1.5751405691155962,4686
2026-03-05 20:01:25.215302,1.5751405691155962,1.5753076178122496,1.5721233185838461,1.5721233185838461,4181
2026-03-05 20:06:25.215302,1.5721233185838461,1.5722573320978124,1.5704776033570989,1.5720027788911322,3198
2026-03-05 20:11:25.215302,1.5720027788911322,1.5732620542296216,1.5683819962911703,1.5703217477285916,2793
2026-03-05 20:16:25.215302,1.5703217477285916,1.5754772308968101,1.5679750757831499,1.5754772308968101,3999
2026-03-05 20:21:25.215302,1.5754772308968101,1.5759279138044526,1.5723174290180992,1.574532450743051,1638
2026-03-05 20:26:25.215302,1.574532450743051,1.5765603508637023,1.572830205741641,1.572830205741641,1691
2026-03-05 20:31:25.215302,1.572830205741641,1.5746225227085404,1.5723755231378802,1.5743490669985227,2269
2026-03-05 20:36:25.215302,1.5743490669985227,1.5761307737926749,1.5712088908365909,1.5712088908365909,2766
2026-03-05 20:41:25.215302,1.5712088908365909,1.5734753889536728,1.5683018143489653,1.5734753889536728,4098
2026-03-05 20:46:25.215302,1.5734753889536728,1.5782538299379187,1.573418059021666,1.5782538299379187,4545
2026-03-05 20:51:25.215302,1.5782538299379187,1.5806429441707652,1.5782234340545531,1.5800384965895038,1675
2026-03-05 20:56:25.215302,1.5800384965895038,1.5846789818404292,1.5798819187574153,1.5846789818404292,4791
2026-03-05 21:01:25.215302,1.5846789818404292,1.58613632284107,1.5840407889620296,1.5859480229185274,4681
2026-03-05 21:06:25.215302,1.5859480229185274,1.5873007829740682,1.584554324555042,1.5873007829740682,3472
2026-03-05 21:11:25.215302,1.5873007829740682,1.5938289189663961,1.5844608243438778,1.5938289189663961,1776
2026-03-05 21:16:25.215302,1.5938289189663961,1.5942673409770176,1.5902337259870944,1.5902337259870944,4587
2026-03-05 21:21:25.215302,1.5902337259870944,1.5930018672783728,1.5866917254920867,1.5866917254920867,3424
2026-03-05 21:26:25.215302,1.5866917254920867,1.5881258828657872,1.5842141303737654,1.5880736175507832,1055
2026-03-05 21:31:25.215302,1.5880736175507832,1.5896917146921636,1.587416986875014,1.587416986875014,4750
2026-03-05 21:36:25.215302,1.587416986875014,1.5880078651413603,1.5834280077862917,1.5834280077862917,4575
2026-03-05 21:41:25.215302,1.5834280077862917,1.5849618560938934,1.582265371412566,1.5849618560938934,4938
2026-03-05 21:46:25.215302,1.5849618560938934,1.5852139793468378,1.5847510898912656,1.5847510898912656,1438
