time,open,high,low,close,tick_volume,spread,real_volume
2026-02-19 02:00:00,4973.119,4977.218,4971.072,4976.994,693,160,0
2026-02-19 02:05:00,4977.104,4977.257,4973.937,4975.744,464,160,0
2026-02-19 02:10:00,4975.835,4975.886,4972.612,4974.278,421,176,0
2026-02-19 02:15:00,4974.101,4974.819,4965.694,4969.958,724,176,0
2026-02-19 02:20:00,4969.686,4971.207,4967.978,4968.957,459,160,0
2026-02-19 02:25:00,4968.975,4973.946,4968.873,4972.75,487,240,0
2026-02-19 02:30:00,4972.688,4973.165,4968.975,4970.549,474,240,0
2026-02-19 02:35:00,4970.453,4972.432,4968.627,4972.114,446,240,0
2026-02-19 02:40:00,4972.145,4973.361,4970.587,4971.442,328,176,0
2026-02-19 02:45:00,4971.434,4972.419,4970.881,4971.945,326,240,0
2026-02-19 02:50:00,4971.982,4973.241,4970.091,4972.63,351,240,0
2026-02-19 02:55:00,4972.618,4973.297,4967.537,4968.32,432,160,0
2026-02-19 03:00:00,4968.243,4968.567,4966.434,4967.631,445,240,0
2026-02-19 03:05:00,4967.607,4969.74,4966.565,4969.74,442,240,0
2026-02-19 03:10:00,4969.664,4971.036,4968.266,4969.642,377,240,0
2026-02-19 03:15:00,4969.705,4970.716,4967.931,4970.636,312,160,0
2026-02-19 03:20:00,4970.704,4971.814,4967.046,4968.568,374,240,0
2026-02-19 03:25:00,4968.576,4970.14,4967.871,4969.71,415,240,0
2026-02-19 03:30:00,4969.785,4978.992,4969.785,4976.695,736,160,0
2026-02-19 03:35:00,4976.8,4978.092,4975.02,4975.351,480,240,0
2026-02-19 03:40:00,4975.377,4977.512,4973.896,4977.095,451,160,0
2026-02-19 03:45:00,4976.992,4982.269,4976.897,4981.823,539,160,0
2026-02-19 03:50:00,4981.82,4983.571,4980.622,4982.075,497,240,0
2026-02-19 03:55:00,4982.075,4982.589,4980.821,4981.823,370,240,0
2026-02-19 04:00:00,4981.698,4981.737,4978.711,4980.615,378,176,0
2026-02-19 04:05:00,4980.701,4983.516,4980.36,4982.699,419,240,0
2026-02-19 04:10:00,4982.702,4984.919,4981.362,4981.812,368,160,0
2026-02-19 04:15:00,4981.755,4981.814,4979.431,4980.486,324,240,0
2026-02-19 04:20:00,4980.307,4982.4,4977.99,4982.365,337,160,0
2026-02-19 04:25:00,4982.195,4983.266,4979.935,4980.052,311,240,0
2026-02-19 04:30:00,4980.041,4985.457,4979.855,4984.266,351,240,0
2026-02-19 04:35:00,4984.507,4984.589,4981.413,4981.413,345,240,0
2026-02-19 04:40:00,4981.421,4981.869,4979.505,4980.641,409,240,0
2026-02-19 04:45:00,4980.724,4981.055,4976.948,4979.172,484,176,0
2026-02-19 04:50:00,4979.185,4982.137,4977.033,4982.025,365,240,0
2026-02-19 04:55:00,4982.098,4985.192,4982.098,4984.193,392,176,0
2026-02-19 05:00:00,4984.189,4988.758,4984.189,4988.036,429,240,0
2026-02-19 05:05:00,4988.059,4990.53,4987.027,4990.442,436,240,0
2026-02-19 05:10:00,4990.383,4993.372,4989.885,4990.331,456,240,0
2026-02-19 05:15:00,4990.339,4990.567,4987.958,4989.299,346,240,0
2026-02-19 05:20:00,4989.288,4989.757,4987.75,4988.796,339,240,0
2026-02-19 05:25:00,4989.014,4990.312,4987.434,4989.301,341,240,0
2026-02-19 05:30:00,4989.093,4992.427,4988.956,4992.053,340,240,0
2026-02-19 05:35:00,4991.962,4994.699,4991.865,4993.599,357,240,0
2026-02-19 05:40:00,4993.767,4996.351,4992.873,4995.982,380,240,0
2026-02-19 05:45:00,4996.016,4998.498,4995.551,4996.452,470,240,0
2026-02-19 05:50:00,4996.227,4998.136,4995.87,4996.837,385,240,0
2026-02-19 05:55:00,4996.977,4998.07,4995.508,4997.064,392,240,0
2026-02-19 06:00:00,4996.936,4999.631,4996.767,4999.488,390,240,0
2026-02-19 06:05:00,4999.496,5000.036,4996.712,4998.636,374,240,0
2026-02-19 06:10:00,4998.623,4999.695,4997.488,4999.018,303,240,0
2026-02-19 06:15:00,4999.018,5000.994,4997.942,4999.919,384,160,0
2026-02-19 06:20:00,5000.159,5000.432,4997.31,4998.994,354,176,0
2026-02-19 06:25:00,4998.85,5002.264,4998.643,5001.267,395,160,0
2026-02-19 06:30:00,5001.194,5007.626,5000.896,5007.616,539,160,0
2026-02-19 06:35:00,5007.603,5008.729,5007.323,5007.875,381,176,0
2026-02-19 06:40:00,5007.881,5010.623,5007.533,5008.962,416,240,0
2026-02-19 06:45:00,5009.276,5016.259,5009.195,5015.733,747,240,0
2026-02-19 06:50:00,5015.721,5019.784,5014.301,5017.659,756,240,0
2026-02-19 06:55:00,5017.691,5020.127,5017.025,5018.292,577,240,0
2026-02-19 07:00:00,5018.37,5020.221,5017.653,5020.186,634,240,0
2026-02-19 07:05:00,5020.006,5021.688,5017.17,5020.781,564,240,0
2026-02-19 07:10:00,5020.92,5021.711,5017.454,5017.98,581,240,0
2026-02-19 07:15:00,5017.912,5019.835,5015.564,5016.814,506,240,0
2026-02-19 07:20:00,5016.738,5017.127,5014.918,5016.483,379,240,0
2026-02-19 07:25:00,5016.459,5019.986,5015.741,5017.672,453,240,0
2026-02-19 07:30:00,5017.817,5020.272,5017.396,5018.583,386,240,0
2026-02-19 07:35:00,5018.518,5019.982,5016.865,5017.332,345,240,0
2026-02-19 07:40:00,5017.331,5017.613,5014.687,5015.468,412,240,0
2026-02-19 07:45:00,5015.461,5016.196,5013.332,5015.328,550,240,0
2026-02-19 07:50:00,5015.472,5017.042,5014.243,5014.707,423,240,0
2026-02-19 07:55:00,5014.665,5014.744,5008.72,5010.363,607,240,0
2026-02-19 08:00:00,5010.29,5011.291,5006.674,5008.547,706,240,0
2026-02-19 08:05:00,5008.542,5010.779,5006.094,5010.354,665,240,0
2026-02-19 08:10:00,5010.36,5012.13,5009.078,5011.491,547,240,0
2026-02-19 08:15:00,5011.545,5014.268,5009.126,5013.17,553,240,0
2026-02-19 08:20:00,5013.196,5014.237,5012.303,5013.721,504,240,0
2026-02-19 08:25:00,5013.504,5014.798,5011.512,5014.708,449,240,0
2026-02-19 08:30:00,5014.653,5015.309,5011.506,5012.113,418,240,0
2026-02-19 08:35:00,5012.075,5015.604,5010.317,5015.604,443,240,0
2026-02-19 08:40:00,5015.438,5020.051,5014.754,5019.774,429,240,0
2026-02-19 08:45:00,5019.766,5022.029,5018.045,5019.994,624,240,0
2026-02-19 08:50:00,5019.949,5020.714,5013.621,5016.553,564,240,0
2026-02-19 08:55:00,5016.503,5017.78,5014.801,5017.083,487,240,0
2026-02-19 09:00:00,5017.041,5017.827,5015.733,5016.533,531,240,0
2026-02-19 09:05:00,5016.439,5019.103,5015.958,5018.891,398,240,0
2026-02-19 09:10:00,5018.885,5020.053,5017.538,5019.27,407,240,0
2026-02-19 09:15:00,5019.221,5020.443,5013.284,5013.914,683,240,0
2026-02-19 09:20:00,5013.992,5014.682,5009.285,5010.588,702,240,0
2026-02-19 09:25:00,5010.621,5010.696,4999.871,5000.726,1067,240,0
2026-02-19 09:30:00,5000.714,5005.706,4999.556,5001.787,874,240,0
2026-02-19 09:35:00,5001.797,5001.797,4992.874,4999.811,1018,240,0
2026-02-19 09:40:00,5000.013,5003.836,4998.752,5003.428,478,240,0
2026-02-19 09:45:00,5003.349,5004.456,5002.136,5002.727,429,240,0
2026-02-19 09:50:00,5002.613,5005.207,5001.494,5001.801,506,240,0
2026-02-19 09:55:00,5001.612,5001.914,4995.503,4995.787,494,240,0
2026-02-19 10:00:00,4995.74,4996.196,4988.771,4991.627,1103,240,0
2026-02-19 10:05:00,4991.703,4994.047,4985.556,4990.383,910,240,0
2026-02-19 10:10:00,4990.382,4990.382,4983.327,4989.181,908,240,0
2026-02-19 10:15:00,4989.389,4991.636,4987.071,4989.742,591,240,0
2026-02-19 10:20:00,4989.765,4991.497,4988.987,4990.643,457,160,0
2026-02-19 10:25:00,4990.883,4991.526,4985.049,4986.685,571,176,0
2026-02-19 10:30:00,4986.612,4993.366,4981.505,4992.444,986,240,0
2026-02-19 10:35:00,4992.425,4995.059,4990.191,4994.269,648,240,0
2026-02-19 10:40:00,4994.134,4994.827,4988.313,4988.628,551,240,0
2026-02-19 10:45:00,4988.707,4990.999,4987.836,4990.249,475,240,0
2026-02-19 10:50:00,4989.99,4991.858,4988.308,4989.815,377,240,0
2026-02-19 10:55:00,4989.634,4993.411,4988.82,4993.309,426,160,0
2026-02-19 11:00:00,4993.105,4993.255,4989.333,4991.714,416,176,0
2026-02-19 11:05:00,4991.67,4994.553,4989.739,4994.107,404,160,0
2026-02-19 11:10:00,4994.116,4996.34,4992.341,4992.743,541,240,0
2026-02-19 11:15:00,4992.836,4994.207,4978.072,4987.404,1177,160,0
2026-02-19 11:20:00,4987.282,4990.289,4985.982,4986.367,625,240,0
2026-02-19 11:25:00,4986.294,4987.165,4983.333,4984.786,688,160,0
2026-02-19 11:30:00,4984.865,4987.137,4982.625,4985.724,548,240,0
2026-02-19 11:35:00,4985.71,4986.048,4983.609,4984.605,454,240,0
2026-02-19 11:40:00,4984.605,4986.49,4981.701,4982.669,631,240,0
2026-02-19 11:45:00,4982.658,4985.858,4981.557,4985.662,570,240,0
2026-02-19 11:50:00,4985.765,4986.158,4978.049,4983.245,893,240,0
2026-02-19 11:55:00,4983.051,4986.161,4982.403,4984.696,521,240,0
2026-02-19 12:00:00,4984.62,4986.494,4980.541,4986.279,782,240,0
2026-02-19 12:05:00,4986.236,4990.182,4982.605,4983.702,609,176,0
2026-02-19 12:10:00,4983.7,4988.326,4981.248,4988.326,672,240,0
2026-02-19 12:15:00,4988.306,4989.113,4984.881,4985.2,341,240,0
2026-02-19 12:20:00,4985.217,4988.094,4984.543,4986.525,506,240,0
2026-02-19 12:25:00,4986.593,4992.131,4985.705,4991.928,490,240,0
2026-02-19 12:30:00,4992.001,4992.792,4987.876,4988.527,631,176,0
2026-02-19 12:35:00,4988.532,4989.168,4983.361,4984.868,656,240,0
2026-02-19 12:40:00,4984.749,4987.532,4983.94,4986.416,690,240,0
2026-02-19 12:45:00,4986.444,4987.529,4981.835,4982.003,565,240,0
2026-02-19 12:50:00,4981.902,4985.501,4980.739,4983.16,487,240,0
2026-02-19 12:55:00,4983.09,4985.955,4983.019,4984.697,382,240,0
2026-02-19 13:00:00,4984.78,4985.572,4974.364,4983.26,1137,240,0
2026-02-19 13:05:00,4983.181,4986.204,4981.113,4983.063,718,240,0
2026-02-19 13:10:00,4983.157,4984.983,4980.708,4983.898,533,240,0
2026-02-19 13:15:00,4983.879,4985.626,4981.672,4983.688,571,240,0
2026-02-19 13:20:00,4983.58,4986.938,4979.671,4983.596,1149,160,0
2026-02-19 13:25:00,4983.605,4987.669,4983.323,4984.578,685,160,0
2026-02-19 13:30:00,4984.287,4990.585,4971.953,4988.348,1085,176,0
2026-02-19 13:35:00,4988.275,4995.198,4986.776,4994.443,999,240,0
2026-02-19 13:40:00,4994.473,4997.268,4992.007,4993.692,900,160,0
2026-02-19 13:45:00,4993.787,4994.5,4991.407,4991.993,568,160,0
2026-02-19 13:50:00,4991.99,4996.909,4991.826,4995.462,672,176,0
2026-02-19 13:55:00,4995.375,4998.443,4994.384,4997.111,748,240,0
2026-02-19 14:00:00,4997.143,4997.148,4984.591,4985.223,1105,240,0
2026-02-19 14:05:00,4985.174,4987.123,4978.329,4979.591,1308,240,0
2026-02-19 14:10:00,4979.519,4979.881,4972.002,4972.834,1357,176,0
2026-02-19 14:15:00,4972.756,4982.246,4971.909,4978.585,908,160,0
2026-02-19 14:20:00,4978.529,4980.297,4976.423,4978.719,702,160,0
2026-02-19 14:25:00,4978.694,4979.961,4976.292,4978.114,650,160,0
2026-02-19 14:30:00,4978.041,4978.599,4963.338,4973.842,3004,176,0
2026-02-19 14:35:00,4973.903,4985.186,4972.616,4985.021,2373,160,0
2026-02-19 14:40:00,4985.114,4995.254,4980.937,4992.559,2508,160,0
2026-02-19 14:45:00,4992.479,4999.663,4987.592,4999.55,1922,160,0
2026-02-19 14:50:00,4999.47,5007.214,4994.828,5005.496,1594,176,0
2026-02-19 14:55:00,5005.398,5010.304,5004.119,5005.589,1292,240,0
2026-02-19 15:00:00,5005.664,5009.899,4999.396,5003.867,1551,240,0
2026-02-19 15:05:00,5003.813,5007.709,4999.186,5003.414,1937,240,0
2026-02-19 15:10:00,5003.411,5005.448,4999.095,4999.68,1817,240,0
2026-02-19 15:15:00,4999.603,5004.886,4995.972,4999.472,2274,240,0
2026-02-19 15:20:00,4999.542,5007.666,4999.542,5006.626,2034,240,0
2026-02-19 15:25:00,5006.478,5016.319,5002.53,5015.933,1760,240,0
2026-02-19 15:30:00,5016.165,5022.121,5013.939,5021.242,1732,240,0
2026-02-19 15:35:00,5021.313,5022.355,5014.304,5015.719,1238,240,0
2026-02-19 15:40:00,5015.773,5016.345,5012.03,5015.121,956,160,0
2026-02-19 15:45:00,5015.437,5016.023,5012.883,5015.277,1088,240,0
2026-02-19 15:50:00,5015.33,5015.734,5006.508,5009.865,1453,240,0
2026-02-19 15:55:00,5009.939,5014.513,5007.784,5013.708,1274,240,0
2026-02-19 16:00:00,5013.792,5014.33,5010.712,5011.431,1028,240,0
2026-02-19 16:05:00,5011.203,5011.868,5000.628,5008.696,1711,240,0
2026-02-19 16:10:00,5008.771,5009.554,5004.74,5005.433,881,176,0
2026-02-19 16:15:00,5005.444,5006.232,4999.617,5001.469,1149,176,0
2026-02-19 16:20:00,5001.284,5006.211,4997.734,5000.475,1236,176,0
2026-02-19 16:25:00,5000.551,5002.549,4991.436,4998.316,1109,240,0
2026-02-19 16:30:00,4998.392,5003.566,4998.074,5003.077,1044,160,0
2026-02-19 16:35:00,5003.15,5005.667,4999.763,5003.032,988,160,0
2026-02-19 16:40:00,5002.915,5008.882,5002.915,5006.35,774,240,0
2026-02-19 16:45:00,5006.081,5006.956,4998.518,5003.557,760,176,0
2026-02-19 16:50:00,5003.664,5003.816,4996.866,5002.842,913,240,0
2026-02-19 16:55:00,5002.794,5002.94,4990.202,4995.3,1052,240,0
2026-02-19 17:00:00,4995.107,4997.766,4991.908,4995.174,661,176,0
2026-02-19 17:05:00,4995.161,4999.45,4992.101,4996.111,902,240,0
2026-02-19 17:10:00,4996.428,4999.672,4995.959,4996.757,710,240,0
2026-02-19 17:15:00,4996.681,4999.478,4992.663,4998.175,852,240,0
2026-02-19 17:20:00,4998.273,5001.371,4997.116,4999.431,675,240,0
2026-02-19 17:25:00,4999.395,5001.622,4993.418,4993.957,702,240,0
2026-02-19 17:30:00,4994.132,4996.186,4990.797,4993.541,858,240,0
2026-02-19 17:35:00,4993.423,4995.597,4986.376,4995.418,977,240,0
2026-02-19 17:40:00,4995.515,4995.679,4992.515,4993.551,694,240,0
2026-02-19 17:45:00,4993.411,4994.525,4989.531,4991.326,782,240,0
2026-02-19 17:50:00,4991.167,4993.083,4985.427,4986.711,874,240,0
2026-02-19 17:55:00,4986.771,4988.359,4982.779,4984.926,925,240,0
2026-02-19 18:00:00,4985.004,4987.39,4981.419,4986.853,910,240,0
2026-02-19 18:05:00,4986.965,4988.176,4979.432,4982.98,891,240,0
2026-02-19 18:10:00,4982.922,4988.516,4981.345,4988.051,796,160,0
2026-02-19 18:15:00,4988.076,4989.229,4982.381,4983.572,648,160,0
2026-02-19 18:20:00,4983.823,4984.09,4978.276,4979.319,792,160,0
2026-02-19 18:25:00,4979.241,4981.129,4975.901,4978.132,1026,176,0
2026-02-19 18:30:00,4978.164,4982.937,4976.734,4980.795,804,176,0
2026-02-19 18:35:00,4980.876,4982.235,4978.734,4980.022,593,240,0
2026-02-19 18:40:00,4980.031,4980.088,4975.176,4975.78,697,240,0
2026-02-19 18:45:00,4975.776,4982.339,4975.617,4981.452,632,240,0
2026-02-19 18:50:00,4981.344,4984.375,4979.416,4983.014,597,240,0
2026-02-19 18:55:00,4983.017,4983.593,4979.697,4981.815,557,176,0
2026-02-19 19:00:00,4981.843,4984.543,4980.668,4984.196,529,160,0
2026-02-19 19:05:00,4984.192,4988.908,4983.828,4987.96,456,160,0
2026-02-19 19:10:00,4987.963,4989.747,4986.546,4986.979,661,176,0
2026-02-19 19:15:00,4986.889,4988.905,4986.052,4988.61,517,160,0
2026-02-19 19:20:00,4988.71,4990.427,4988.036,4988.053,459,240,0
2026-02-19 19:25:00,4988.048,4990.348,4987.518,4989.079,562,160,0
2026-02-19 19:30:00,4988.994,4989.926,4987.827,4988.307,459,160,0
2026-02-19 19:35:00,4988.25,4988.6,4979.514,4980.873,681,240,0
2026-02-19 19:40:00,4980.781,4985.927,4978.347,4984.894,788,176,0
2026-02-19 19:45:00,4984.754,4986.347,4982.214,4986.295,590,176,0
2026-02-19 19:50:00,4986.126,4988.475,4985.603,4986.692,470,240,0
2026-02-19 19:55:00,4986.617,4988.801,4986.566,4987.832,443,240,0
2026-02-19 20:00:00,4987.855,4992.094,4987.855,4989.986,520,160,0
2026-02-19 20:05:00,4989.98,4991.478,4988.05,4991.131,538,160,0
2026-02-19 20:10:00,4990.971,4992.164,4989.915,4990.935,408,160,0
2026-02-19 20:15:00,4990.991,4994.411,4989.088,4994.327,465,160,0
2026-02-19 20:20:00,4994.315,4995.619,4993.154,4994.412,508,160,0
2026-02-19 20:25:00,4994.423,4997.118,4994.222,4995.761,472,160,0
2026-02-19 20:30:00,4995.661,4997.813,4995.025,4996.4,529,176,0
2026-02-19 20:35:00,4996.4,4997.671,4996.162,4997.484,418,160,0
2026-02-19 20:40:00,4997.503,5000.526,4996.856,4999.35,454,160,0
2026-02-19 20:45:00,4999.35,5003.395,4998.813,5002.636,443,160,0
2026-02-19 20:50:00,5002.563,5002.865,5000.427,5001.563,521,160,0
2026-02-19 20:55:00,5001.707,5002.59,4999.525,5001.584,586,160,0
2026-02-19 21:00:00,5001.671,5004.191,4998.829,4999.772,484,240,0
2026-02-19 21:05:00,4999.696,5000.976,4997.866,4998.665,374,240,0
2026-02-19 21:10:00,4998.661,5000.357,4998.085,5000.11,277,240,0
2026-02-19 21:15:00,5000.114,5000.985,4999.238,5000.188,259,240,0
2026-02-19 21:20:00,5000.084,5001.342,4992.158,4998.59,620,240,0
2026-02-19 21:25:00,4998.517,4998.781,4992.792,4994.094,321,240,0
2026-02-19 21:30:00,4994.031,4995.796,4993.57,4995.682,252,240,0
2026-02-19 21:35:00,4995.578,4997.315,4995.184,4996.866,255,240,0
2026-02-19 21:40:00,4996.974,4998.991,4995.65,4998.76,325,240,0
2026-02-19 21:45:00,4998.768,4999.505,4996.875,4998.863,343,240,0
2026-02-19 21:50:00,4998.863,5000.064,4994.209,4994.565,447,240,0
2026-02-19 21:55:00,4994.57,4996.324,4993.029,4996.275,258,240,0
2026-02-19 23:00:00,4997.165,5003.433,4995.85,5001.464,749,360,0
2026-02-19 23:05:00,5001.87,5007.89,5000.141,5004.391,426,240,0
2026-02-19 23:10:00,5004.575,5005.603,4997.689,4998.63,480,240,0
2026-02-19 23:15:00,4998.717,5002.431,4993.231,5000.835,551,240,0
2026-02-19 23:20:00,5000.914,5003.031,4998.265,5000.003,398,240,0
2026-02-19 23:25:00,4999.959,5002.214,4997.07,4997.195,400,240,0
2026-02-19 23:30:00,4997.106,4998.705,4995.068,4998.689,356,240,0
2026-02-19 23:35:00,4998.573,5001.488,4997.989,4999.318,290,240,0
2026-02-19 23:40:00,4999.317,5000.271,4996.222,4996.222,448,240,0
2026-02-19 23:45:00,4996.281,5000.779,4995.649,4997.406,420,240,0
2026-02-19 23:50:00,4997.582,5000.22,4991.593,4992.547,484,240,0
2026-02-19 23:55:00,4992.515,4993.81,4985.656,4987.657,634,240,0
2026-02-20 00:00:00,4987.647,4994.243,4985.566,4993.713,1038,240,0
2026-02-20 00:05:00,4993.494,4995.894,4991.928,4992.563,475,240,0
2026-02-20 00:10:00,4992.592,4996.512,4992.433,4993.481,420,240,0
2026-02-20 00:15:00,4993.618,4996.221,4993.355,4993.697,423,240,0
2026-02-20 00:20:00,4993.585,4993.657,4988.428,4990.603,495,176,0
2026-02-20 00:25:00,4990.681,4990.914,4988.024,4990.723,392,240,0
2026-02-20 00:30:00,4990.788,4992.941,4989.755,4990.325,464,240,0
2026-02-20 00:35:00,4990.485,4993.268,4987.152,4992.915,443,240,0
2026-02-20 00:40:00,4992.956,4996.19,4992.531,4994.018,434,240,0
2026-02-20 00:45:00,4994.039,4998.903,4993.944,4996.259,473,240,0
2026-02-20 00:50:00,4996.265,5001.442,4995.656,5000.905,520,240,0
2026-02-20 00:55:00,5001.011,5006.899,5000.334,5006.316,609,160,0
2026-02-20 01:00:00,5006.359,5012.46,5005.813,5009.048,1153,240,0
2026-02-20 01:05:00,5009.285,5014.209,5009.064,5010.471,764,240,0
2026-02-20 01:10:00,5010.495,5014.702,5010.42,5013.463,575,240,0
2026-02-20 01:15:00,5013.47,5013.47,5007.715,5009.084,597,240,0
2026-02-20 01:20:00,5008.998,5010.883,5001.604,5002.645,711,240,0
2026-02-20 01:25:00,5002.759,5003.528,4995.925,4999.752,1046,240,0
2026-02-20 01:30:00,4999.735,5003.926,4997.188,4999.798,745,240,0
2026-02-20 01:35:00,4999.798,5000.849,4995.095,4996.874,548,240,0
2026-02-20 01:40:00,4996.882,4998.935,4995.21,4997.61,488,240,0
2026-02-20 01:45:00,4997.789,4999.891,4995.319,4997.722,457,240,0
2026-02-20 01:50:00,4997.714,4999.586,4996.209,4999.26,455,240,0
2026-02-20 01:55:00,4999.105,5000.388,4996.227,4997.01,492,240,0
2026-02-20 02:00:00,4996.995,5005.966,4992.536,5004.179,736,240,0
2026-02-20 02:05:00,5003.973,5007.43,5000.552,5001.741,749,240,0
2026-02-20 02:10:00,5001.667,5001.85,4993.509,4996.945,626,240,0
2026-02-20 02:15:00,4996.904,4999.109,4992.693,4994.725,642,160,0
2026-02-20 02:20:00,4994.539,4997.586,4994.456,4996.954,464,240,0
2026-02-20 02:25:00,4996.829,4998.758,4994.488,4997.5,498,240,0
2026-02-20 02:30:00,4997.515,5003.487,4997.515,4998.927,603,240,0
2026-02-20 02:35:00,4999.198,5000.756,4998.277,4999.838,377,240,0
2026-02-20 02:40:00,4999.863,5000.692,4998.634,4999.664,323,240,0
2026-02-20 02:45:00,4999.829,4999.916,4994.318,4995.799,543,240,0
2026-02-20 02:50:00,4995.985,4998.011,4993.705,4993.705,426,240,0
2026-02-20 02:55:00,4993.832,4997.027,4992.853,4996.318,577,240,0
2026-02-20 03:00:00,4996.29,4997.379,4993.668,4995.066,507,240,0
2026-02-20 03:05:00,4995.267,4995.267,4989.638,4993.471,573,240,0
2026-02-20 03:10:00,4993.566,4996.478,4993.131,4994.423,382,240,0
2026-02-20 03:15:00,4994.423,4998.04,4994.146,4997.365,339,240,0
2026-02-20 03:20:00,4997.529,4998.378,4995.301,4995.657,342,240,0
2026-02-20 03:25:00,4995.786,4996.168,4992.17,4992.17,267,240,0
2026-02-20 03:30:00,4992.182,4998.127,4991.949,4995.772,519,240,0
2026-02-20 03:35:00,4995.892,4999.1,4995.325,4997.83,326,240,0
2026-02-20 03:40:00,4997.8,4997.8,4981.605,4987.377,1182,240,0
2026-02-20 03:45:00,4987.457,4995.369,4986.032,4995.222,725,240,0
2026-02-20 03:50:00,4995.231,4995.903,4992.092,4992.498,490,160,0
2026-02-20 03:55:00,4992.468,4992.76,4987.134,4988.088,522,240,0
2026-02-20 04:00:00,4988.184,4992.137,4986.623,4991.567,530,160,0
2026-02-20 04:05:00,4991.532,4993.022,4990.878,4991.722,346,160,0
2026-02-20 04:10:00,4991.596,4992.511,4989.894,4992.374,312,240,0
2026-02-20 04:15:00,4992.532,4992.994,4990.684,4991.148,319,240,0
2026-02-20 04:20:00,4991.377,4992.557,4990.28,4991.699,268,240,0
2026-02-20 04:25:00,4991.7,4994.593,4991.602,4994.213,274,240,0
2026-02-20 04:30:00,4994.289,4995.97,4993.402,4995.383,397,176,0
2026-02-20 04:35:00,4995.364,4996.136,4994.998,4995.625,274,160,0
2026-02-20 04:40:00,4995.617,5003.314,4995.617,4998.949,576,160,0
2026-02-20 04:45:00,4998.873,4999.902,4997.472,4997.472,376,240,0
2026-02-20 04:50:00,4997.442,4998.269,4996.225,4997.212,335,240,0
2026-02-20 04:55:00,4997.081,5000.041,4996.98,4999.736,317,176,0
2026-02-20 05:00:00,4999.916,5005.976,4999.651,5005.23,540,240,0
2026-02-20 05:05:00,5005.23,5006.145,5000.7,5000.912,458,240,0
2026-02-20 05:10:00,5000.839,5003.752,5000.29,5001.312,363,240,0
2026-02-20 05:15:00,5001.302,5002.084,4998.684,4999.34,344,240,0
2026-02-20 05:20:00,4999.332,5002.342,4998.607,5001.391,377,240,0
2026-02-20 05:25:00,5001.327,5002.451,5001.074,5001.552,362,240,0
2026-02-20 05:30:00,5001.543,5002.769,5000.627,5002.614,376,240,0
2026-02-20 05:35:00,5002.692,5004.779,5002.517,5003.239,491,240,0
2026-02-20 05:40:00,5002.951,5003.38,4997.856,4999.383,503,240,0
2026-02-20 05:45:00,4999.485,5007.269,4998.177,5006.817,566,240,0
2026-02-20 05:50:00,5006.87,5008.093,5006.349,5007.482,463,240,0
2026-02-20 05:55:00,5007.458,5011.91,5006.946,5011.91,499,240,0
2026-02-20 06:00:00,5011.747,5017.718,5011.747,5015.087,753,240,0
2026-02-20 06:05:00,5014.88,5015.168,5012.049,5012.793,473,240,0
2026-02-20 06:10:00,5012.874,5019.969,5012.874,5016.628,598,240,0
2026-02-20 06:15:00,5016.555,5018.658,5016.29,5017.314,409,240,0
2026-02-20 06:20:00,5017.0,5022.856,5016.647,5021.984,748,240,0
2026-02-20 06:25:00,5021.994,5029.685,5021.417,5022.248,924,240,0
2026-02-20 06:30:00,5022.091,5025.378,5020.657,5024.568,553,240,0
2026-02-20 06:35:00,5024.49,5027.903,5021.863,5026.978,561,240,0
2026-02-20 06:40:00,5026.903,5027.492,5025.813,5026.876,404,240,0
2026-02-20 06:45:00,5026.851,5029.735,5026.731,5029.489,468,240,0
2026-02-20 06:50:00,5029.522,5030.106,5024.721,5025.708,508,240,0
2026-02-20 06:55:00,5025.717,5025.744,5020.257,5020.758,604,240,0
2026-02-20 07:00:00,5020.642,5022.269,5015.835,5021.07,636,240,0
2026-02-20 07:05:00,5021.05,5025.984,5021.05,5025.456,657,240,0
2026-02-20 07:10:00,5025.372,5028.271,5021.751,5022.762,540,240,0
2026-02-20 07:15:00,5022.779,5023.624,5020.151,5020.413,361,240,0
2026-02-20 07:20:00,5020.414,5020.451,5011.582,5012.138,891,240,0
2026-02-20 07:25:00,5012.211,5016.082,5009.609,5015.186,752,240,0
2026-02-20 07:30:00,5015.259,5016.069,5012.554,5014.265,589,240,0
2026-02-20 07:35:00,5014.339,5018.037,5013.922,5018.037,525,240,0
2026-02-20 07:40:00,5017.863,5017.863,5013.534,5016.103,607,240,0
2026-02-20 07:45:00,5016.328,5016.367,5013.288,5014.155,410,240,0
2026-02-20 07:50:00,5014.231,5015.458,5010.419,5012.123,494,240,0
2026-02-20 07:55:00,5012.139,5012.139,5006.017,5006.527,728,240,0
2026-02-20 08:00:00,5006.606,5015.534,5006.606,5014.821,811,240,0
2026-02-20 08:05:00,5014.86,5016.472,5006.514,5006.982,878,240,0
2026-02-20 08:10:00,5006.867,5012.9,5005.025,5012.256,680,240,0
2026-02-20 08:15:00,5012.166,5013.733,5011.27,5013.614,476,240,0
2026-02-20 08:20:00,5013.59,5015.933,5011.986,5015.317,512,240,0
2026-02-20 08:25:00,5015.359,5019.723,5014.877,5018.217,625,240,0
2026-02-20 08:30:00,5018.321,5022.332,5017.583,5021.224,431,240,0
2026-02-20 08:35:00,5021.295,5027.2,5021.295,5025.766,657,240,0
2026-02-20 08:40:00,5025.898,5026.574,5021.543,5022.287,509,240,0
2026-02-20 08:45:00,5022.359,5025.523,5022.359,5024.821,541,176,0
2026-02-20 08:50:00,5024.576,5030.562,5024.421,5030.202,490,240,0
2026-02-20 08:55:00,5030.241,5030.923,5028.121,5028.786,474,240,0
2026-02-20 09:00:00,5028.788,5034.929,5027.99,5034.422,598,240,0
2026-02-20 09:05:00,5034.495,5039.166,5032.802,5039.134,877,240,0
2026-02-20 09:10:00,5039.147,5040.858,5034.654,5039.058,820,240,0
2026-02-20 09:15:00,5039.085,5042.467,5036.498,5038.56,617,240,0
2026-02-20 09:20:00,5038.502,5042.453,5036.809,5037.855,683,240,0
2026-02-20 09:25:00,5037.922,5037.946,5033.448,5034.11,601,240,0
2026-02-20 09:30:00,5034.209,5035.984,5030.117,5035.204,617,240,0
2026-02-20 09:35:00,5035.48,5035.694,5029.796,5031.633,569,240,0
2026-02-20 09:40:00,5031.685,5033.806,5031.429,5032.295,455,240,0
2026-02-20 09:45:00,5032.265,5033.663,5031.381,5033.337,483,240,0
2026-02-20 09:50:00,5033.41,5034.626,5030.729,5031.18,475,240,0
2026-02-20 09:55:00,5031.18,5031.317,5027.44,5027.44,464,240,0
2026-02-20 10:00:00,5027.727,5028.807,5024.2,5024.909,605,240,0
2026-02-20 10:05:00,5024.891,5025.91,5022.686,5024.932,558,240,0
2026-02-20 10:10:00,5024.912,5026.607,5019.446,5025.864,625,240,0
2026-02-20 10:15:00,5026.072,5030.866,5025.008,5029.424,576,240,0
2026-02-20 10:20:00,5029.741,5029.951,5025.734,5025.892,558,240,0
2026-02-20 10:25:00,5026.039,5026.799,5023.188,5026.351,553,240,0
2026-02-20 10:30:00,5026.642,5034.184,5026.625,5033.307,635,240,0
2026-02-20 10:35:00,5033.284,5038.461,5033.181,5036.566,538,240,0
2026-02-20 10:40:00,5036.558,5037.318,5032.406,5033.98,486,240,0
2026-02-20 10:45:00,5033.926,5034.058,5025.942,5029.42,715,240,0
2026-02-20 10:50:00,5029.614,5036.131,5029.128,5035.194,570,240,0
2026-02-20 10:55:00,5035.272,5037.08,5033.048,5034.623,452,240,0
2026-02-20 11:00:00,5034.766,5034.885,5032.153,5033.048,433,240,0
2026-02-20 11:05:00,5032.811,5034.157,5032.542,5033.712,377,240,0
2026-02-20 11:10:00,5033.672,5034.871,5030.856,5031.355,384,240,0
2026-02-20 11:15:00,5031.449,5032.306,5029.356,5031.413,444,240,0
2026-02-20 11:20:00,5031.561,5032.4,5027.85,5028.568,468,240,0
2026-02-20 11:25:00,5028.739,5029.921,5025.966,5028.756,504,240,0
2026-02-20 11:30:00,5028.762,5033.482,5027.028,5032.236,584,240,0
2026-02-20 11:35:00,5032.044,5033.256,5026.226,5026.468,554,240,0
2026-02-20 11:40:00,5026.393,5027.369,5022.415,5027.022,639,240,0
2026-02-20 11:45:00,5027.181,5028.615,5016.049,5022.686,1118,240,0
2026-02-20 11:50:00,5022.523,5023.422,5018.403,5020.365,829,240,0
2026-02-20 11:55:00,5020.265,5020.265,5015.493,5017.392,793,240,0
2026-02-20 12:00:00,5017.465,5022.539,5013.508,5020.663,1065,240,0
2026-02-20 12:05:00,5020.61,5023.786,5018.353,5022.935,821,240,0
2026-02-20 12:10:00,5023.013,5023.134,5019.224,5022.454,506,240,0
2026-02-20 12:15:00,5022.529,5023.388,5017.061,5019.465,609,240,0
2026-02-20 12:20:00,5019.329,5019.459,5014.347,5015.792,614,240,0
2026-02-20 12:25:00,5015.773,5018.467,5011.69,5012.162,630,240,0
2026-02-20 12:30:00,5012.242,5023.007,5007.165,5021.198,1251,240,0
2026-02-20 12:35:00,5021.145,5024.223,5020.764,5022.631,594,240,0
2026-02-20 12:40:00,5022.558,5025.447,5019.536,5025.04,643,240,0
2026-02-20 12:45:00,5024.885,5025.502,5022.021,5022.569,484,240,0
2026-02-20 12:50:00,5022.688,5023.315,5021.527,5022.412,393,240,0
2026-02-20 12:55:00,5022.435,5026.613,5021.741,5025.107,515,240,0
2026-02-20 13:00:00,5025.048,5028.338,5023.545,5028.338,474,240,0
2026-02-20 13:05:00,5028.309,5028.819,5026.032,5026.771,518,240,0
2026-02-20 13:10:00,5026.842,5027.688,5025.041,5025.525,424,240,0
2026-02-20 13:15:00,5025.601,5030.463,5025.089,5029.377,528,240,0
2026-02-20 13:20:00,5029.406,5031.293,5026.973,5030.202,617,240,0
2026-02-20 13:25:00,5030.279,5031.967,5028.111,5028.858,547,240,0
2026-02-20 13:30:00,5028.775,5031.703,5018.189,5023.678,1164,240,0
2026-02-20 13:35:00,5023.797,5029.693,5020.879,5029.087,1066,240,0
2026-02-20 13:40:00,5029.159,5031.908,5025.74,5031.146,886,240,0
2026-02-20 13:45:00,5030.828,5042.246,5030.828,5040.88,1036,176,0
2026-02-20 13:50:00,5041.219,5048.335,5040.733,5045.43,1303,240,0
2026-02-20 13:55:00,5045.357,5048.724,5042.901,5043.691,878,240,0
2026-02-20 14:00:00,5043.619,5045.576,5038.943,5040.356,1178,240,0
2026-02-20 14:05:00,5040.353,5046.757,5037.13,5044.877,1019,240,0
2026-02-20 14:10:00,5044.853,5047.19,5039.665,5043.107,829,240,0
2026-02-20 14:15:00,5042.807,5044.896,5041.431,5042.287,648,240,0
2026-02-20 14:20:00,5042.352,5043.719,5040.843,5041.775,647,240,0
2026-02-20 14:25:00,5041.856,5042.348,5038.818,5041.647,757,240,0
2026-02-20 14:30:00,5041.499,5052.185,5037.677,5046.764,2753,240,0
2026-02-20 14:35:00,5046.912,5052.385,5039.891,5047.255,3081,240,0
2026-02-20 14:40:00,5047.151,5055.194,5044.468,5052.808,1819,240,0
2026-02-20 14:45:00,5053.271,5060.411,5053.271,5057.589,1737,240,0
2026-02-20 14:50:00,5057.391,5060.234,5053.294,5058.611,1578,240,0
2026-02-20 14:55:00,5058.645,5059.239,5048.541,5054.304,1429,240,0
2026-02-20 15:00:00,5054.036,5063.865,5015.288,5027.268,7270,240,0
2026-02-20 15:05:00,5027.348,5030.4,4988.982,5022.204,11312,240,0
2026-02-20 15:10:00,5022.102,5027.738,5008.68,5022.439,7055,240,0
2026-02-20 15:15:00,5022.557,5044.933,5019.92,5035.687,5898,240,0
2026-02-20 15:20:00,5035.742,5038.603,5022.97,5023.93,4442,240,0
2026-02-20 15:25:00,5024.004,5026.575,5011.196,5025.463,4949,240,0
2026-02-20 15:30:00,5025.538,5030.362,5016.854,5025.25,5265,240,0
2026-02-20 15:35:00,5025.428,5037.834,5019.189,5036.366,3887,240,0
2026-02-20 15:40:00,5036.462,5046.505,5027.538,5045.09,3875,240,0
2026-02-20 15:45:00,5044.987,5052.599,5044.373,5047.251,2127,240,0
2026-02-20 15:50:00,5047.213,5048.685,5036.647,5043.477,2543,240,0
2026-02-20 15:55:00,5043.375,5044.522,5037.452,5042.506,2196,240,0
2026-02-20 16:00:00,5042.431,5049.308,5038.927,5042.921,2374,240,0
2026-02-20 16:05:00,5042.858,5052.844,5038.586,5048.283,1868,240,0
2026-02-20 16:10:00,5048.356,5055.59,5047.729,5054.033,1546,240,0
2026-02-20 16:15:00,5054.214,5056.671,5048.271,5048.984,2264,240,0
2026-02-20 16:20:00,5048.818,5051.499,5044.619,5050.919,2042,240,0
2026-02-20 16:25:00,5050.981,5054.477,5046.735,5053.592,1944,240,0
2026-02-20 16:30:00,5053.664,5069.014,5052.62,5067.17,2325,240,0
2026-02-20 16:35:00,5067.268,5068.514,5059.315,5064.413,1609,240,0
2026-02-20 16:40:00,5064.491,5065.255,5059.435,5062.995,1178,240,0
2026-02-20 16:45:00,5063.081,5067.399,5063.081,5064.833,1099,240,0
2026-02-20 16:50:00,5064.914,5067.411,5060.879,5064.2,1079,240,0
2026-02-20 16:55:00,5064.068,5066.973,5060.405,5066.475,1202,240,0
2026-02-20 17:00:00,5066.556,5070.339,5064.219,5066.797,1395,240,0
2026-02-20 17:05:00,5066.821,5072.429,5065.542,5070.974,1240,240,0
2026-02-20 17:10:00,5070.797,5073.466,5065.398,5066.843,1430,240,0
2026-02-20 17:15:00,5066.917,5068.302,5061.016,5061.297,1718,240,0
2026-02-20 17:20:00,5061.22,5061.915,5054.694,5055.986,1729,240,0
2026-02-20 17:25:00,5055.852,5065.175,5054.69,5064.146,1594,240,0
2026-02-20 17:30:00,5064.22,5067.003,5061.863,5064.825,1445,240,0
2026-02-20 17:35:00,5064.546,5067.878,5063.481,5066.836,1026,240,0
2026-02-20 17:40:00,5066.851,5070.135,5065.429,5068.505,1269,240,0
2026-02-20 17:45:00,5068.211,5074.184,5067.49,5073.539,1121,240,0
2026-02-20 17:50:00,5073.42,5076.4,5071.443,5074.949,1191,240,0
2026-02-20 17:55:00,5074.96,5075.729,5071.24,5072.994,1593,240,0
2026-02-20 18:00:00,5072.916,5073.482,5070.601,5071.417,1034,240,0
2026-02-20 18:05:00,5071.547,5072.709,5066.537,5070.351,1062,240,0
2026-02-20 18:10:00,5070.425,5072.415,5068.551,5069.663,939,240,0
2026-02-20 18:15:00,5069.82,5069.891,5064.949,5066.115,1101,240,0
2026-02-20 18:20:00,5065.977,5069.586,5064.149,5069.422,1392,240,0
2026-02-20 18:25:00,5069.412,5070.723,5053.98,5058.558,2677,240,0
2026-02-20 18:30:00,5058.474,5071.81,5057.308,5065.394,2139,240,0
2026-02-20 18:35:00,5065.485,5075.076,5060.266,5071.176,3070,240,0
2026-02-20 18:40:00,5071.206,5073.097,5065.643,5066.883,1427,240,0
2026-02-20 18:45:00,5066.808,5073.804,5066.726,5072.355,1371,240,0
2026-02-20 18:50:00,5072.607,5072.607,5067.644,5071.388,1312,240,0
2026-02-20 18:55:00,5071.369,5072.164,5068.527,5071.122,852,240,0
2026-02-20 19:00:00,5071.304,5075.02,5070.957,5072.263,669,240,0
2026-02-20 19:05:00,5072.511,5072.559,5070.111,5071.502,599,240,0
2026-02-20 19:10:00,5071.624,5072.8,5068.921,5071.598,752,240,0
2026-02-20 19:15:00,5071.686,5075.344,5068.397,5074.035,741,240,0
2026-02-20 19:20:00,5074.183,5074.432,5071.899,5073.084,495,240,0
2026-02-20 19:25:00,5073.104,5073.428,5069.591,5069.673,569,240,0
2026-02-20 19:30:00,5069.686,5072.742,5069.686,5071.269,549,240,0
2026-02-20 19:35:00,5071.293,5072.467,5070.597,5072.349,424,240,0
2026-02-20 19:40:00,5072.326,5073.802,5071.574,5073.449,481,240,0
2026-02-20 19:45:00,5073.502,5075.405,5072.378,5072.598,498,240,0
2026-02-20 19:50:00,5072.607,5076.506,5072.252,5075.891,502,240,0
2026-02-20 19:55:00,5075.775,5079.827,5075.193,5079.401,629,240,0
2026-02-20 20:00:00,5079.469,5079.781,5077.102,5078.131,689,240,0
2026-02-20 20:05:00,5078.018,5081.31,5076.725,5080.369,628,240,0
2026-02-20 20:10:00,5080.188,5081.379,5077.485,5079.502,613,240,0
2026-02-20 20:15:00,5079.519,5084.522,5078.349,5082.859,581,240,0
2026-02-20 20:20:00,5082.823,5086.349,5082.335,5085.932,660,240,0
2026-02-20 20:25:00,5086.032,5086.227,5083.937,5084.827,564,240,0
2026-02-20 20:30:00,5084.9,5087.47,5082.569,5084.46,794,240,0
2026-02-20 20:35:00,5084.554,5086.572,5083.936,5085.689,537,240,0
2026-02-20 20:40:00,5085.836,5086.864,5083.15,5084.629,767,240,0
2026-02-20 20:45:00,5084.779,5086.74,5083.502,5084.312,833,240,0
2026-02-20 20:50:00,5084.237,5088.484,5083.528,5087.802,965,240,0
2026-02-20 20:55:00,5087.727,5098.185,5087.319,5096.775,1192,240,0
2026-02-20 21:00:00,5096.968,5099.014,5092.316,5095.063,723,240,0
2026-02-20 21:05:00,5095.003,5096.039,5091.769,5093.494,494,240,0
2026-02-20 21:10:00,5093.259,5095.437,5092.487,5093.161,416,240,0
2026-02-20 21:15:00,5093.375,5095.017,5091.797,5093.73,459,240,0
2026-02-20 21:20:00,5093.793,5095.905,5093.04,5094.844,428,240,0
2026-02-20 21:25:00,5094.757,5098.711,5093.591,5097.829,502,240,0
2026-02-20 21:30:00,5097.905,5100.176,5097.445,5098.074,481,240,0
2026-02-20 21:35:00,5098.253,5100.116,5097.806,5099.836,411,240,0
2026-02-20 21:40:00,5099.462,5100.129,5097.746,5099.508,369,240,0
2026-02-20 21:45:00,5099.508,5105.292,5098.719,5104.414,653,240,0
2026-02-20 21:50:00,5104.309,5107.234,5102.047,5103.963,681,360,0
2026-02-20 21:55:00,5103.859,5108.149,5103.071,5105.809,988,240,0
2026-02-22 23:00:00,5111.637,5120.977,5108.785,5118.147,938,500,0
2026-02-22 23:05:00,5117.51,5140.904,5117.399,5135.111,1611,360,0
2026-02-22 23:10:00,5135.191,5146.553,5135.191,5146.359,1151,360,0
2026-02-22 23:15:00,5146.413,5150.028,5141.288,5142.05,877,360,0
2026-02-22 23:20:00,5141.755,5147.453,5140.407,5145.835,769,360,0
2026-02-22 23:25:00,5145.9,5151.373,5143.248,5145.855,675,360,0
2026-02-22 23:30:00,5146.083,5150.43,5144.249,5146.269,757,360,0
2026-02-22 23:35:00,5146.653,5151.707,5146.159,5147.498,772,360,0
2026-02-22 23:40:00,5147.597,5158.706,5147.448,5158.617,937,360,0
2026-02-22 23:45:00,5158.451,5160.547,5153.674,5158.489,768,360,0
2026-02-22 23:50:00,5158.485,5167.411,5157.1,5165.066,773,240,0
2026-02-22 23:55:00,5165.044,5171.868,5163.322,5165.373,712,240,0
2026-02-23 00:00:00,5165.366,5166.728,5138.904,5148.247,3032,360,0
2026-02-23 00:05:00,5148.437,5151.418,5138.187,5149.577,2026,360,0
2026-02-23 00:10:00,5149.655,5150.73,5132.405,5138.205,2232,360,0
2026-02-23 00:15:00,5138.309,5140.623,5131.012,5131.397,1570,264,0
2026-02-23 00:20:00,5131.495,5145.609,5129.474,5145.492,1311,240,0
2026-02-23 00:25:00,5145.49,5153.53,5137.401,5153.33,1485,264,0
2026-02-23 00:30:00,5153.155,5160.804,5148.197,5149.707,1379,240,0
2026-02-23 00:35:00,5149.695,5152.486,5141.332,5144.212,1494,240,0
2026-02-23 00:40:00,5144.132,5150.023,5139.276,5140.703,980,240,0
2026-02-23 00:45:00,5140.709,5140.912,5135.045,5137.785,1164,240,0
2026-02-23 00:50:00,5137.844,5144.72,5137.086,5143.487,840,240,0
2026-02-23 00:55:00,5143.887,5146.259,5141.979,5144.289,758,240,0
2026-02-23 01:00:00,5144.289,5149.58,5139.976,5148.834,1682,240,0
2026-02-23 01:05:00,5148.759,5158.088,5146.599,5155.25,1433,240,0
2026-02-23 01:10:00,5155.171,5155.232,5145.424,5147.538,1044,240,0
2026-02-23 01:15:00,5147.315,5152.746,5146.23,5152.746,831,240,0
2026-02-23 01:20:00,5152.68,5159.17,5152.68,5156.016,1146,240,0
2026-02-23 01:25:00,5156.079,5159.249,5152.535,5158.976,785,240,0
2026-02-23 01:30:00,5158.901,5161.275,5155.254,5157.108,868,240,0
2026-02-23 01:35:00,5156.788,5161.281,5156.483,5158.022,745,240,0
2026-02-23 01:40:00,5158.033,5166.576,5155.713,5165.879,873,240,0
2026-02-23 01:45:00,5166.175,5166.859,5159.415,5164.091,950,240,0
2026-02-23 01:50:00,5164.098,5167.738,5156.091,5156.905,930,240,0
2026-02-23 01:55:00,5157.009,5159.734,5156.168,5157.618,855,240,0
2026-02-23 02:00:00,5157.519,5163.652,5156.68,5163.158,947,240,0
2026-02-23 02:05:00,5163.166,5167.018,5161.186,5165.266,770,240,0
2026-02-23 02:10:00,5165.446,5165.446,5158.622,5160.669,862,240,0
2026-02-23 02:15:00,5160.586,5167.376,5158.85,5159.411,890,240,0
2026-02-23 02:20:00,5159.41,5161.644,5157.533,5159.584,790,240,0
2026-02-23 02:25:00,5159.563,5163.127,5159.02,5161.313,659,240,0
2026-02-23 02:30:00,5161.255,5165.428,5160.88,5164.026,508,240,0
2026-02-23 02:35:00,5163.912,5169.397,5163.408,5168.781,854,240,0
2026-02-23 02:40:00,5168.592,5176.591,5167.942,5174.558,809,264,0
2026-02-23 02:45:00,5174.229,5176.584,5170.426,5170.831,633,240,0
2026-02-23 02:50:00,5170.803,5172.985,5163.601,5172.876,812,240,0
2026-02-23 02:55:00,5172.981,5174.391,5171.539,5173.607,535,240,0
2026-02-23 03:00:00,5173.708,5175.732,5171.444,5172.258,538,240,0
2026-02-23 03:05:00,5172.192,5175.107,5163.125,5164.849,961,240,0
2026-02-23 03:10:00,5164.864,5165.033,5151.397,5158.141,1237,240,0
2026-02-23 03:15:00,5158.142,5159.119,5153.549,5155.327,938,240,0
2026-02-23 03:20:00,5155.573,5162.16,5155.389,5161.63,606,240,0
2026-02-23 03:25:00,5161.592,5164.484,5161.592,5164.011,569,240,0
2026-02-23 03:30:00,5164.025,5169.251,5164.025,5166.639,651,240,0
2026-02-23 03:35:00,5166.4,5170.752,5164.903,5168.678,573,240,0
2026-02-23 03:40:00,5168.678,5170.406,5166.419,5168.683,494,240,0
2026-02-23 03:45:00,5168.436,5170.452,5168.224,5170.112,458,240,0
2026-02-23 03:50:00,5170.341,5171.308,5168.023,5170.219,545,240,0
2026-02-23 03:55:00,5170.053,5170.835,5166.386,5166.854,500,240,0
2026-02-23 04:00:00,5166.781,5168.48,5162.041,5163.121,700,240,0
2026-02-23 04:05:00,5163.037,5165.113,5155.514,5155.921,915,240,0
2026-02-23 04:10:00,5155.998,5164.244,5155.998,5162.177,644,240,0
2026-02-23 04:15:00,5162.423,5164.558,5160.629,5164.249,494,240,0
2026-02-23 04:20:00,5164.185,5164.667,5161.313,5162.368,434,240,0
2026-02-23 04:25:00,5162.192,5162.309,5158.925,5159.992,493,240,0
2026-02-23 04:30:00,5160.315,5163.599,5158.386,5159.093,510,240,0
2026-02-23 04:35:00,5159.174,5160.154,5155.879,5158.996,643,240,0
2026-02-23 04:40:00,5159.117,5161.154,5158.532,5159.577,470,240,0
2026-02-23 04:45:00,5159.591,5161.628,5158.365,5160.841,439,240,0
2026-02-23 04:50:00,5160.606,5160.848,5158.031,5159.228,378,240,0
2026-02-23 04:55:00,5159.417,5161.625,5159.187,5160.691,400,240,0
2026-02-23 05:00:00,5160.734,5161.76,5154.859,5155.044,630,240,0
2026-02-23 05:05:00,5155.051,5156.972,5152.33,5156.068,725,240,0
2026-02-23 05:10:00,5156.107,5160.196,5154.551,5158.526,573,240,0
2026-02-23 05:15:00,5158.548,5159.528,5154.781,5155.153,491,240,0
2026-02-23 05:20:00,5155.018,5157.048,5152.88,5154.543,461,240,0
2026-02-23 05:25:00,5154.447,5157.882,5153.606,5157.592,480,240,0
2026-02-23 05:30:00,5157.587,5157.977,5154.46,5155.229,465,240,0
2026-02-23 05:35:00,5155.217,5156.628,5153.527,5153.809,394,240,0
2026-02-23 05:40:00,5153.811,5157.031,5153.648,5156.873,351,240,0
2026-02-23 05:45:00,5156.978,5159.646,5156.352,5158.718,365,240,0
2026-02-23 05:50:00,5158.362,5158.948,5155.894,5158.387,470,240,0
2026-02-23 05:55:00,5158.466,5159.315,5157.174,5158.228,386,240,0
2026-02-23 06:00:00,5158.252,5160.94,5157.494,5159.255,444,240,0
2026-02-23 06:05:00,5159.444,5160.967,5157.158,5158.451,472,240,0
2026-02-23 06:10:00,5158.436,5160.609,5158.102,5159.593,476,240,0
2026-02-23 06:15:00,5159.452,5160.738,5158.933,5160.492,327,240,0
2026-02-23 06:20:00,5160.688,5161.688,5158.332,5158.578,429,240,0
2026-02-23 06:25:00,5158.551,5160.659,5152.073,5152.577,539,240,0
2026-02-23 06:30:00,5152.692,5156.233,5151.802,5155.735,738,240,0
2026-02-23 06:35:00,5155.813,5156.815,5152.006,5154.397,715,240,0
2026-02-23 06:40:00,5154.416,5155.066,5147.347,5148.345,1018,240,0
2026-02-23 06:45:00,5148.386,5152.88,5146.25,5152.161,818,240,0
2026-02-23 06:50:00,5152.044,5153.296,5147.886,5148.679,571,240,0
2026-02-23 06:55:00,5148.762,5149.301,5144.838,5145.739,726,240,0
2026-02-23 07:00:00,5145.739,5149.16,5139.429,5140.135,1374,240,0
2026-02-23 07:05:00,5140.138,5154.134,5137.733,5150.652,1115,240,0
2026-02-23 07:10:00,5150.949,5150.949,5146.97,5147.083,724,240,0
2026-02-23 07:15:00,5147.159,5149.454,5144.476,5144.76,680,240,0
2026-02-23 07:20:00,5144.841,5145.921,5136.23,5139.15,981,240,0
2026-02-23 07:25:00,5139.226,5140.715,5125.436,5136.289,1622,240,0
2026-02-23 07:30:00,5136.385,5137.185,5129.808,5130.971,1057,240,0
2026-02-23 07:35:00,5130.939,5133.462,5125.021,5132.427,1174,240,0
2026-02-23 07:40:00,5132.417,5136.939,5131.604,5136.622,775,240,0
2026-02-23 07:45:00,5136.533,5137.618,5134.78,5136.545,751,240,0
2026-02-23 07:50:00,5136.514,5139.217,5135.352,5136.828,749,240,0
2026-02-23 07:55:00,5136.823,5139.311,5136.085,5136.727,612,240,0
2026-02-23 08:00:00,5136.466,5138.662,5130.977,5134.512,1032,240,0
2026-02-23 08:05:00,5134.195,5139.55,5132.764,5136.831,676,240,0
2026-02-23 08:10:00,5136.757,5138.456,5135.1,5138.099,647,240,0
2026-02-23 08:15:00,5138.096,5139.445,5134.789,5136.165,591,240,0
2026-02-23 08:20:00,5136.171,5138.087,5128.181,5128.181,924,240,0
2026-02-23 08:25:00,5127.973,5130.635,5122.273,5125.301,1202,240,0
2026-02-23 08:30:00,5125.203,5132.473,5122.1,5130.912,959,240,0
2026-02-23 08:35:00,5131.039,5132.173,5127.136,5127.358,678,240,0
2026-02-23 08:40:00,5127.259,5128.396,5124.975,5128.194,651,240,0
2026-02-23 08:45:00,5128.068,5134.527,5127.593,5133.749,636,240,0
2026-02-23 08:50:00,5133.701,5137.849,5132.753,5137.65,571,240,0
2026-02-23 08:55:00,5137.576,5141.868,5137.538,5140.023,586,240,0
2026-02-23 09:00:00,5140.184,5143.003,5139.192,5141.995,649,240,0
2026-02-23 09:05:00,5141.987,5145.551,5140.148,5143.816,809,240,0
2026-02-23 09:10:00,5143.938,5146.808,5143.304,5145.723,620,240,0
2026-02-23 09:15:00,5145.797,5147.469,5144.9,5146.063,524,240,0
2026-02-23 09:20:00,5145.768,5148.421,5144.699,5146.644,476,240,0
2026-02-23 09:25:00,5146.643,5149.324,5146.436,5149.01,480,240,0
2026-02-23 09:30:00,5149.09,5149.995,5145.984,5147.271,425,240,0
2026-02-23 09:35:00,5147.387,5147.995,5143.682,5145.53,636,240,0
2026-02-23 09:40:00,5145.434,5147.252,5142.853,5146.452,557,240,0
2026-02-23 09:45:00,5146.443,5149.232,5144.302,5147.569,383,240,0
2026-02-23 09:50:00,5147.639,5148.13,5145.508,5147.207,415,240,0
2026-02-23 09:55:00,5147.289,5149.512,5146.464,5149.512,391,240,0
2026-02-23 10:00:00,5149.793,5153.015,5148.792,5151.387,608,240,0
2026-02-23 10:05:00,5151.44,5152.618,5146.386,5147.642,641,240,0
2026-02-23 10:10:00,5147.848,5149.828,5146.456,5149.38,470,240,0
2026-02-23 10:15:00,5149.388,5153.09,5149.173,5152.728,526,240,0
2026-02-23 10:20:00,5152.734,5156.615,5150.659,5153.95,620,240,0
2026-02-23 10:25:00,5153.895,5156.209,5151.753,5156.049,865,240,0
2026-02-23 10:30:00,5155.703,5157.459,5147.396,5149.07,1049,240,0
2026-02-23 10:35:00,5149.167,5154.644,5145.112,5152.755,787,240,0
2026-02-23 10:40:00,5152.61,5154.873,5150.816,5151.972,557,240,0
2026-02-23 10:45:00,5152.108,5154.502,5151.708,5154.293,474,240,0
2026-02-23 10:50:00,5154.376,5160.333,5152.651,5159.763,637,240,0
2026-02-23 10:55:00,5159.699,5163.386,5159.699,5162.601,650,240,0
2026-02-23 11:00:00,5162.682,5163.447,5160.389,5162.388,530,240,0
2026-02-23 11:05:00,5162.385,5162.597,5157.64,5159.079,599,240,0
2026-02-23 11:10:00,5159.27,5160.417,5153.011,5153.475,633,240,0
2026-02-23 11:15:00,5153.556,5154.483,5147.289,5149.672,819,240,0
2026-02-23 11:20:00,5149.862,5150.357,5146.43,5148.576,633,240,0
2026-02-23 11:25:00,5148.486,5153.301,5148.425,5150.635,600,240,0
2026-02-23 11:30:00,5150.757,5152.576,5147.869,5150.954,494,240,0
2026-02-23 11:35:00,5151.008,5153.767,5150.395,5151.342,540,240,0
2026-02-23 11:40:00,5151.333,5151.599,5149.074,5151.169,427,240,0
2026-02-23 11:45:00,5150.873,5154.567,5150.763,5153.687,533,240,0
2026-02-23 11:50:00,5153.66,5154.475,5152.383,5152.685,469,240,0
2026-02-23 11:55:00,5152.386,5152.969,5149.468,5149.884,411,240,0
2026-02-23 12:00:00,5149.721,5154.534,5148.487,5152.633,987,240,0
2026-02-23 12:05:00,5152.712,5153.303,5147.118,5148.821,615,240,0
2026-02-23 12:10:00,5149.125,5151.213,5147.6,5149.539,623,240,0
2026-02-23 12:15:00,5149.617,5151.596,5148.63,5149.813,502,240,0
2026-02-23 12:20:00,5149.772,5152.261,5148.539,5149.777,533,240,0
2026-02-23 12:25:00,5149.743,5150.244,5145.627,5149.931,562,240,0
2026-02-23 12:30:00,5150.059,5153.979,5150.059,5151.727,614,240,0
2026-02-23 12:35:00,5151.714,5158.004,5149.567,5157.893,547,240,0
2026-02-23 12:40:00,5157.881,5164.488,5157.25,5164.106,717,240,0
2026-02-23 12:45:00,5164.154,5164.627,5159.997,5160.238,596,240,0
2026-02-23 12:50:00,5160.232,5164.774,5159.535,5163.17,547,240,0
2026-02-23 12:55:00,5163.179,5165.463,5162.153,5163.954,553,240,0
2026-02-23 13:00:00,5163.854,5165.468,5159.628,5160.223,870,240,0
2026-02-23 13:05:00,5160.144,5160.254,5154.292,5156.208,811,240,0
2026-02-23 13:10:00,5156.119,5157.276,5152.954,5155.051,690,240,0
2026-02-23 13:15:00,5154.681,5156.707,5151.738,5155.493,611,240,0
2026-02-23 13:20:00,5155.809,5156.356,5147.921,5149.002,997,240,0
2026-02-23 13:25:00,5149.016,5150.505,5143.5,5149.462,905,240,0
2026-02-23 13:30:00,5149.916,5154.048,5147.477,5153.209,631,240,0
2026-02-23 13:35:00,5153.399,5153.948,5150.015,5150.646,650,240,0
2026-02-23 13:40:00,5150.667,5153.318,5148.369,5152.666,630,240,0
2026-02-23 13:45:00,5152.589,5153.323,5147.241,5150.629,825,240,0
2026-02-23 13:50:00,5150.62,5151.937,5149.273,5149.664,589,240,0
2026-02-23 13:55:00,5149.594,5150.949,5145.547,5146.234,815,240,0
2026-02-23 14:00:00,5146.29,5149.971,5141.315,5149.459,983,240,0
2026-02-23 14:05:00,5149.739,5152.731,5148.473,5150.457,642,240,0
2026-02-23 14:10:00,5150.414,5157.204,5148.867,5157.041,700,240,0
2026-02-23 14:15:00,5156.834,5159.918,5156.05,5159.486,677,240,0
2026-02-23 14:20:00,5159.582,5165.5,5158.808,5163.36,826,240,0
2026-02-23 14:25:00,5163.326,5165.283,5162.246,5165.175,781,240,0
2026-02-23 14:30:00,5165.101,5173.709,5164.842,5171.757,1725,240,0
2026-02-23 14:35:00,5171.633,5183.924,5171.117,5183.865,1848,240,0
2026-02-23 14:40:00,5184.08,5190.844,5181.916,5190.504,1371,240,0
2026-02-23 14:45:00,5190.58,5199.034,5190.321,5194.435,1953,240,0
2026-02-23 14:50:00,5194.517,5200.281,5192.481,5196.24,1635,360,0
2026-02-23 14:55:00,5196.032,5200.405,5187.611,5192.252,1735,240,0
2026-02-23 15:00:00,5192.275,5194.356,5180.724,5188.49,1601,360,0
2026-02-23 15:05:00,5188.573,5198.433,5186.882,5197.149,1513,360,0
2026-02-23 15:10:00,5197.338,5199.002,5186.656,5198.829,1622,240,0
2026-02-23 15:15:00,5199.029,5199.926,5194.465,5199.505,1687,240,0
2026-02-23 15:20:00,5199.579,5203.707,5191.525,5194.071,2133,240,0
2026-02-23 15:25:00,5194.074,5200.233,5191.14,5197.501,1542,360,0
2026-02-23 15:30:00,5197.578,5199.195,5191.505,5191.983,1528,240,0
2026-02-23 15:35:00,5191.886,5200.22,5186.113,5199.227,1394,360,0
2026-02-23 15:40:00,5199.374,5202.786,5195.738,5201.378,1302,240,0
2026-02-23 15:45:00,5201.459,5205.098,5196.2,5201.751,1327,240,0
2026-02-23 15:50:00,5201.827,5204.109,5193.578,5195.868,1695,360,0
2026-02-23 15:55:00,5195.956,5199.731,5190.265,5196.252,1606,264,0
2026-02-23 16:00:00,5196.135,5196.135,5175.417,5179.999,2481,264,0
2026-02-23 16:05:00,5180.079,5197.24,5178.986,5196.469,1966,240,0
2026-02-23 16:10:00,5196.561,5204.096,5196.561,5202.39,1675,264,0
2026-02-23 16:15:00,5202.27,5216.66,5201.101,5214.836,1478,264,0
2026-02-23 16:20:00,5214.761,5217.207,5211.889,5215.777,1465,360,0
2026-02-23 16:25:00,5215.852,5219.089,5213.571,5214.727,1217,240,0
2026-02-23 16:30:00,5214.645,5215.476,5206.638,5209.311,1908,360,0
2026-02-23 16:35:00,5209.252,5213.446,5208.646,5210.405,1355,264,0
2026-02-23 16:40:00,5210.276,5212.038,5208.354,5209.643,1356,264,0
2026-02-23 16:45:00,5209.718,5210.733,5206.353,5210.168,1217,360,0
2026-02-23 16:50:00,5209.944,5217.869,5208.544,5212.294,1301,264,0
2026-02-23 16:55:00,5212.217,5214.099,5207.966,5210.076,1267,360,0
2026-02-23 17:00:00,5210.164,5212.639,5208.284,5212.231,1342,360,0
2026-02-23 17:05:00,5211.861,5213.271,5207.041,5209.024,1361,360,0
2026-02-23 17:10:00,5208.65,5209.956,5199.429,5203.814,1649,360,0
2026-02-23 17:15:00,5203.459,5210.404,5202.432,5207.234,1405,360,0
2026-02-23 17:20:00,5207.31,5209.74,5203.96,5209.291,1022,360,0
2026-02-23 17:25:00,5209.213,5212.47,5208.989,5210.364,734,360,0
2026-02-23 17:30:00,5210.444,5210.857,5206.908,5208.092,770,264,0
2026-02-23 17:35:00,5207.944,5207.944,5190.918,5196.63,1963,360,0
2026-02-23 17:40:00,5196.632,5204.21,5195.859,5199.764,1351,360,0
2026-02-23 17:45:00,5199.674,5202.035,5196.535,5199.828,992,240,0
2026-02-23 17:50:00,5199.507,5207.64,5199.225,5205.007,975,360,0
2026-02-23 17:55:00,5205.352,5208.006,5204.072,5207.772,936,240,0
2026-02-23 18:00:00,5208.146,5210.2,5207.024,5209.741,772,240,0
2026-02-23 18:05:00,5210.041,5214.426,5209.64,5214.014,893,264,0
2026-02-23 18:10:00,5214.123,5215.757,5212.583,5212.583,749,240,0
2026-02-23 18:15:00,5212.323,5212.964,5207.321,5207.921,1189,240,0
2026-02-23 18:20:00,5207.999,5213.222,5205.941,5206.416,1155,240,0
2026-02-23 18:25:00,5206.348,5208.104,5201.204,5206.025,1526,264,0
2026-02-23 18:30:00,5205.911,5210.625,5205.659,5208.287,1061,240,0
2026-02-23 18:35:00,5208.207,5213.266,5207.183,5208.932,724,240,0
2026-02-23 18:40:00,5208.999,5210.318,5205.366,5206.846,655,240,0
2026-02-23 18:45:00,5206.684,5210.044,5206.002,5209.205,639,240,0
2026-02-23 18:50:00,5209.043,5212.034,5208.659,5210.44,578,240,0
2026-02-23 18:55:00,5210.564,5211.292,5208.255,5209.733,552,240,0
2026-02-23 19:00:00,5209.653,5210.373,5206.776,5209.169,640,240,0
2026-02-23 19:05:00,5209.037,5210.231,5206.338,5209.381,580,240,0
2026-02-23 19:10:00,5209.255,5211.926,5208.331,5211.363,494,360,0
2026-02-23 19:15:00,5211.13,5214.391,5211.13,5212.178,568,360,0
2026-02-23 19:20:00,5212.333,5215.012,5210.819,5211.637,680,360,0
2026-02-23 19:25:00,5211.488,5213.056,5206.845,5209.067,796,240,0
2026-02-23 19:30:00,5209.371,5212.463,5207.858,5212.097,815,360,0
2026-02-23 19:35:00,5212.097,5215.096,5209.81,5215.06,726,240,0
2026-02-23 19:40:00,5215.027,5217.343,5211.187,5216.93,757,264,0
2026-02-23 19:45:00,5217.024,5218.191,5214.977,5217.138,870,360,0
2026-02-23 19:50:00,5217.174,5217.744,5214.374,5216.138,768,240,0
2026-02-23 19:55:00,5216.059,5216.346,5214.71,5215.638,568,240,0
2026-02-23 20:00:00,5215.614,5222.864,5214.826,5222.327,786,240,0
2026-02-23 20:05:00,5222.404,5222.931,5218.677,5222.787,806,360,0
2026-02-23 20:10:00,5222.604,5224.315,5221.152,5223.138,707,264,0
2026-02-23 20:15:00,5222.902,5224.62,5221.767,5223.803,595,240,0
2026-02-23 20:20:00,5223.529,5225.811,5223.431,5224.496,507,240,0
2026-02-23 20:25:00,5224.705,5226.075,5223.517,5225.215,535,240,0
2026-02-23 20:30:00,5225.012,5229.151,5224.495,5227.635,607,264,0
2026-02-23 20:35:00,5227.645,5229.862,5227.031,5229.21,567,360,0
2026-02-23 20:40:00,5229.29,5229.386,5227.364,5227.674,527,240,0
2026-02-23 20:45:00,5227.591,5229.04,5224.814,5228.389,670,264,0
2026-02-23 20:50:00,5228.474,5235.939,5228.474,5234.164,805,240,0
2026-02-23 20:55:00,5233.882,5238.045,5230.574,5236.054,1171,360,0
2026-02-23 21:00:00,5235.973,5237.452,5233.769,5234.649,565,360,0
2026-02-23 21:05:00,5234.896,5235.805,5232.228,5234.579,480,360,0
2026-02-23 21:10:00,5234.486,5234.893,5229.681,5230.852,519,360,0
2026-02-23 21:15:00,5231.118,5231.653,5228.835,5231.199,544,360,0
2026-02-23 21:20:00,5230.97,5232.12,5230.247,5230.319,356,360,0
2026-02-23 21:25:00,5230.632,5231.614,5229.063,5230.056,359,360,0
2026-02-23 21:30:00,5229.976,5231.604,5226.561,5231.524,399,360,0
2026-02-23 21:35:00,5231.541,5233.051,5229.685,5230.164,350,360,0
2026-02-23 21:40:00,5230.141,5230.627,5228.215,5228.748,423,360,0
2026-02-23 21:45:00,5228.746,5231.163,5227.054,5231.135,405,360,0
2026-02-23 21:50:00,5231.059,5231.344,5227.946,5229.086,468,360,0
2026-02-23 21:55:00,5228.802,5230.341,5226.934,5227.899,265,360,0
2026-02-23 23:00:00,5226.214,5248.438,5226.214,5243.006,937,360,0
2026-02-23 23:05:00,5243.019,5246.275,5235.199,5241.689,987,360,0
2026-02-23 23:10:00,5241.445,5249.42,5240.528,5244.201,631,360,0
2026-02-23 23:15:00,5244.402,5249.389,5244.402,5246.91,647,360,0
2026-02-23 23:20:00,5247.057,5248.896,5238.228,5239.491,561,360,0
2026-02-23 23:25:00,5239.463,5243.035,5233.983,5236.563,632,360,0
2026-02-23 23:30:00,5236.474,5247.181,5236.474,5245.497,626,360,0
2026-02-23 23:35:00,5245.453,5246.614,5237.895,5240.822,526,360,0
2026-02-23 23:40:00,5240.782,5242.447,5237.684,5242.347,436,360,0
2026-02-23 23:45:00,5242.242,5242.626,5239.326,5241.959,405,360,0
2026-02-23 23:50:00,5242.259,5242.373,5234.762,5234.929,522,360,0
2026-02-23 23:55:00,5235.005,5239.214,5235.005,5235.933,509,360,0
2026-02-24 00:00:00,5235.839,5235.839,5217.399,5230.026,2311,360,0
2026-02-24 00:05:00,5230.129,5233.625,5223.036,5227.622,1414,360,0
2026-02-24 00:10:00,5227.876,5232.478,5226.459,5229.637,832,360,0
2026-02-24 00:15:00,5229.749,5235.312,5229.618,5231.992,791,360,0
2026-02-24 00:20:00,5232.068,5237.9,5229.606,5235.713,895,360,0
2026-02-24 00:25:00,5235.395,5236.249,5224.812,5226.819,892,360,0
2026-02-24 00:30:00,5226.898,5231.322,5225.779,5228.302,833,360,0
2026-02-24 00:35:00,5228.383,5232.719,5224.608,5227.057,988,360,0
2026-02-24 00:40:00,5227.436,5230.457,5226.445,5230.038,768,360,0
2026-02-24 00:45:00,5229.961,5232.271,5228.848,5229.806,553,360,0
2026-02-24 00:50:00,5229.766,5231.612,5226.655,5227.224,702,360,0
2026-02-24 00:55:00,5227.148,5227.148,5221.176,5223.979,1690,360,0
2026-02-24 01:00:00,5223.904,5224.216,5200.76,5213.224,6714,360,0
2026-02-24 01:05:00,5213.14,5213.371,5196.064,5207.489,4776,360,0
2026-02-24 01:10:00,5207.424,5211.17,5183.9,5185.533,3836,360,0
2026-02-24 01:15:00,5185.612,5188.94,5144.765,5160.17,6333,360,0
2026-02-24 01:20:00,5160.024,5172.448,5150.273,5150.802,3530,360,0
2026-02-24 01:25:00,5150.885,5166.148,5148.796,5165.015,2986,360,0
2026-02-24 01:30:00,5165.293,5173.723,5161.151,5170.436,2180,360,0
2026-02-24 01:35:00,5170.516,5175.816,5162.17,5164.766,2156,360,0
2026-02-24 01:40:00,5164.844,5176.185,5163.562,5173.982,1695,360,0
2026-02-24 01:45:00,5174.132,5179.357,5172.798,5178.358,1240,240,0
2026-02-24 01:50:00,5178.465,5179.403,5166.477,5167.544,1493,360,0
2026-02-24 01:55:00,5167.571,5177.447,5163.946,5177.122,1425,360,0
2026-02-24 02:00:00,5177.202,5181.84,5170.94,5172.053,1356,240,0
2026-02-24 02:05:00,5172.127,5176.33,5166.585,5172.631,1158,240,0
2026-02-24 02:10:00,5172.405,5174.69,5166.732,5172.429,1012,264,0
2026-02-24 02:15:00,5172.541,5174.675,5165.534,5172.352,918,240,0
2026-02-24 02:20:00,5172.308,5174.115,5166.903,5169.415,592,240,0
2026-02-24 02:25:00,5169.491,5173.215,5166.482,5173.215,588,240,0
2026-02-24 02:30:00,5173.04,5185.349,5172.374,5183.742,1095,240,0
2026-02-24 02:35:00,5183.909,5187.732,5180.646,5187.642,875,264,0
2026-02-24 02:40:00,5187.731,5188.17,5182.971,5183.417,958,240,0
2026-02-24 02:45:00,5183.621,5186.852,5183.345,5185.919,780,240,0
2026-02-24 02:50:00,5186.065,5190.548,5184.385,5185.026,696,264,0
2026-02-24 02:55:00,5184.913,5190.447,5183.901,5189.661,685,240,0
2026-02-24 03:00:00,5189.579,5190.304,5186.487,5186.891,658,240,0
2026-02-24 03:05:00,5186.968,5191.733,5185.457,5187.726,608,240,0
2026-02-24 03:10:00,5187.651,5189.198,5185.545,5188.793,624,240,0
2026-02-24 03:15:00,5188.835,5189.666,5186.265,5187.186,535,240,0
2026-02-24 03:20:00,5187.072,5188.811,5182.872,5186.739,659,240,0
2026-02-24 03:25:00,5186.655,5186.907,5181.837,5182.568,557,240,0
2026-02-24 03:30:00,5182.623,5185.919,5181.968,5185.919,614,240,0
2026-02-24 03:35:00,5185.64,5188.232,5184.348,5184.609,515,240,0
2026-02-24 03:40:00,5184.63,5185.575,5176.268,5179.318,557,240,0
2026-02-24 03:45:00,5179.443,5179.953,5174.322,5175.937,665,240,0
2026-02-24 03:50:00,5175.934,5177.787,5173.307,5175.938,527,240,0
2026-02-24 03:55:00,5175.648,5176.533,5171.045,5171.972,655,240,0
2026-02-24 04:00:00,5171.898,5171.97,5160.992,5164.128,1219,240,0
2026-02-24 04:05:00,5164.134,5171.446,5161.47,5169.017,801,240,0
2026-02-24 04:10:00,5169.022,5170.478,5166.929,5168.469,396,240,0
2026-02-24 04:15:00,5168.589,5173.049,5168.533,5171.643,443,240,0
2026-02-24 04:20:00,5171.466,5174.81,5170.279,5171.483,441,240,0
2026-02-24 04:25:00,5171.439,5173.222,5170.047,5171.765,535,240,0
2026-02-24 04:30:00,5171.727,5173.101,5166.837,5167.758,502,240,0
2026-02-24 04:35:00,5167.758,5169.046,5165.579,5169.028,455,240,0
2026-02-24 04:40:00,5168.991,5171.767,5164.554,5164.627,570,240,0
2026-02-24 04:45:00,5164.702,5170.729,5163.186,5170.463,597,240,0
2026-02-24 04:50:00,5170.464,5170.477,5167.675,5168.465,415,240,0
2026-02-24 04:55:00,5168.462,5169.41,5167.612,5168.322,356,240,0
2026-02-24 05:00:00,5168.287,5171.708,5164.282,5170.846,492,240,0
2026-02-24 05:05:00,5170.591,5171.837,5167.345,5170.545,607,360,0
2026-02-24 05:10:00,5170.825,5174.346,5169.311,5172.121,505,360,0
2026-02-24 05:15:00,5171.788,5173.681,5170.258,5172.325,478,240,0
2026-02-24 05:20:00,5172.223,5175.073,5171.898,5173.498,461,240,0
2026-02-24 05:25:00,5173.424,5173.528,5166.814,5167.569,538,240,0
2026-02-24 05:30:00,5167.655,5172.68,5164.715,5172.363,1323,240,0
2026-02-24 05:35:00,5172.103,5174.464,5167.679,5171.179,971,240,0
2026-02-24 05:40:00,5171.073,5173.829,5169.383,5172.77,721,240,0
2026-02-24 05:45:00,5172.801,5177.078,5172.284,5174.488,602,240,0
2026-02-24 05:50:00,5174.209,5181.885,5173.221,5180.768,649,240,0
2026-02-24 05:55:00,5180.627,5185.629,5179.203,5182.429,711,240,0
2026-02-24 06:00:00,5182.507,5182.689,5177.182,5180.046,761,240,0
2026-02-24 06:05:00,5180.009,5184.73,5177.677,5183.046,639,240,0
2026-02-24 06:10:00,5183.283,5184.844,5181.449,5182.527,695,240,0
2026-02-24 06:15:00,5182.528,5183.552,5180.45,5180.683,629,240,0
2026-02-24 06:20:00,5180.992,5181.054,5175.272,5177.978,594,240,0
2026-02-24 06:25:00,5177.673,5177.929,5166.721,5169.049,826,360,0
2026-02-24 06:30:00,5169.14,5172.427,5164.364,5166.442,997,240,0
2026-02-24 06:35:00,5166.36,5173.625,5156.125,5173.035,1532,264,0
2026-02-24 06:40:00,5173.18,5173.233,5168.631,5169.206,599,240,0
2026-02-24 06:45:00,5169.108,5174.226,5169.108,5173.133,635,240,0
2026-02-24 06:50:00,5173.078,5173.283,5167.842,5168.365,628,240,0
2026-02-24 06:55:00,5168.647,5175.316,5168.604,5173.388,466,240,0
2026-02-24 07:00:00,5173.293,5173.722,5169.301,5170.436,605,240,0
2026-02-24 07:05:00,5170.429,5173.076,5165.082,5167.14,1259,240,0
2026-02-24 07:10:00,5167.142,5171.315,5164.089,5171.153,1002,240,0
2026-02-24 07:15:00,5171.159,5178.889,5171.159,5178.889,700,240,0
2026-02-24 07:20:00,5178.746,5179.309,5169.21,5174.843,1159,240,0
2026-02-24 07:25:00,5174.768,5183.227,5171.941,5183.137,903,240,0
2026-02-24 07:30:00,5183.052,5183.783,5174.423,5179.552,939,240,0
2026-02-24 07:35:00,5179.25,5182.415,5177.453,5178.156,868,264,0
2026-02-24 07:40:00,5178.343,5183.537,5177.394,5179.869,577,240,0
2026-02-24 07:45:00,5179.612,5179.711,5175.066,5176.92,588,240,0
2026-02-24 07:50:00,5176.925,5181.157,5176.694,5180.86,489,240,0
2026-02-24 07:55:00,5180.772,5182.996,5177.866,5179.25,499,240,0
2026-02-24 08:00:00,5179.32,5179.488,5171.654,5172.632,1044,264,0
2026-02-24 08:05:00,5172.669,5175.293,5169.381,5175.071,958,240,0
2026-02-24 08:10:00,5175.093,5175.662,5169.604,5171.198,849,240,0
2026-02-24 08:15:00,5170.957,5173.282,5165.608,5168.358,774,240,0
2026-02-24 08:20:00,5168.249,5173.957,5165.057,5173.325,817,240,0
2026-02-24 08:25:00,5173.249,5174.888,5169.974,5170.532,710,240,0
2026-02-24 08:30:00,5170.425,5181.097,5169.654,5180.328,704,240,0
2026-02-24 08:35:00,5180.202,5181.895,5177.876,5178.92,784,240,0
2026-02-24 08:40:00,5178.969,5179.911,5174.528,5174.803,498,240,0
2026-02-24 08:45:00,5174.727,5175.239,5169.147,5172.452,669,240,0
2026-02-24 08:50:00,5172.413,5174.614,5170.431,5171.673,582,240,0
2026-02-24 08:55:00,5171.695,5176.812,5170.962,5173.481,577,240,0
2026-02-24 09:00:00,5173.422,5178.334,5172.319,5176.672,685,240,0
2026-02-24 09:05:00,5176.346,5180.451,5175.667,5177.343,695,240,0
2026-02-24 09:10:00,5177.533,5177.533,5171.589,5172.605,632,240,0
2026-02-24 09:15:00,5172.628,5174.773,5171.08,5172.441,544,240,0
2026-02-24 09:20:00,5172.325,5174.022,5168.409,5170.227,546,240,0
2026-02-24 09:25:00,5170.248,5172.542,5167.768,5168.69,627,240,0
2026-02-24 09:30:00,5168.578,5173.575,5168.578,5172.586,456,240,0
2026-02-24 09:35:00,5172.756,5173.273,5166.542,5170.108,671,240,0
2026-02-24 09:40:00,5170.319,5172.134,5169.096,5169.965,517,240,0
2026-02-24 09:45:00,5169.854,5170.869,5167.285,5169.881,460,240,0
2026-02-24 09:50:00,5169.916,5171.789,5169.699,5170.471,426,240,0
2026-02-24 09:55:00,5170.121,5172.97,5170.04,5171.405,411,240,0
2026-02-24 10:00:00,5171.357,5175.854,5170.867,5175.718,549,240,0
2026-02-24 10:05:00,5175.74,5175.865,5172.485,5173.179,505,240,0
2026-02-24 10:10:00,5173.309,5174.778,5172.784,5174.343,405,264,0
2026-02-24 10:15:00,5174.269,5175.259,5172.226,5173.843,425,240,0
2026-02-24 10:20:00,5173.776,5181.307,5173.74,5180.199,571,240,0
2026-02-24 10:25:00,5180.274,5180.648,5175.827,5176.014,433,264,0
2026-02-24 10:30:00,5176.012,5176.729,5166.062,5167.319,1008,264,0
2026-02-24 10:35:00,5167.008,5171.486,5163.212,5166.683,999,360,0
2026-02-24 10:40:00,5166.712,5171.703,5165.345,5170.084,732,240,0
2026-02-24 10:45:00,5170.31,5171.461,5168.952,5170.373,474,240,0
2026-02-24 10:50:00,5170.049,5173.133,5169.103,5172.641,484,240,0
2026-02-24 10:55:00,5172.339,5174.293,5171.169,5172.535,478,360,0
2026-02-24 11:00:00,5172.53,5175.879,5172.432,5175.409,522,240,0
2026-02-24 11:05:00,5175.485,5176.247,5172.187,5173.392,416,240,0
2026-02-24 11:10:00,5173.327,5177.04,5173.039,5175.981,390,240,0
2026-02-24 11:15:00,5176.366,5176.665,5173.066,5173.904,405,240,0
2026-02-24 11:20:00,5173.981,5174.435,5170.905,5171.964,403,240,0
2026-02-24 11:25:00,5171.834,5174.848,5171.688,5174.529,443,240,0
2026-02-24 11:30:00,5174.745,5174.845,5173.321,5173.853,355,240,0
2026-02-24 11:35:00,5174.161,5176.511,5173.008,5176.168,422,240,0
2026-02-24 11:40:00,5176.166,5177.902,5175.493,5177.724,481,240,0
2026-02-24 11:45:00,5177.772,5178.533,5172.642,5173.582,499,264,0
2026-02-24 11:50:00,5173.467,5175.611,5172.183,5175.435,468,240,0
2026-02-24 11:55:00,5175.528,5176.519,5172.118,5172.835,514,240,0
2026-02-24 12:00:00,5172.793,5173.542,5169.462,5169.579,787,240,0
2026-02-24 12:05:00,5169.757,5172.639,5168.192,5170.629,603,360,0
2026-02-24 12:10:00,5170.853,5171.052,5164.785,5167.656,621,264,0
2026-02-24 12:15:00,5167.579,5168.467,5146.642,5151.461,1746,240,0
2026-02-24 12:20:00,5151.382,5162.12,5150.708,5158.51,1077,240,0
2026-02-24 12:25:00,5158.491,5163.006,5157.166,5161.385,909,240,0
2026-02-24 12:30:00,5161.749,5164.414,5157.081,5159.744,972,240,0
2026-02-24 12:35:00,5159.549,5159.729,5153.823,5156.533,1157,240,0
2026-02-24 12:40:00,5156.454,5159.207,5153.99,5157.892,805,240,0
2026-02-24 12:45:00,5157.818,5158.829,5154.355,5154.542,644,240,0
2026-02-24 12:50:00,5154.547,5155.478,5144.682,5146.965,1115,240,0
2026-02-24 12:55:00,5146.865,5153.89,5146.54,5150.521,1232,240,0
2026-02-24 13:00:00,5150.227,5160.438,5150.227,5154.648,2259,360,0
2026-02-24 13:05:00,5154.563,5158.828,5152.272,5158.21,1120,240,0
2026-02-24 13:10:00,5158.136,5161.153,5156.718,5159.038,813,264,0
2026-02-24 13:15:00,5158.821,5159.219,5152.865,5152.865,921,240,0
2026-02-24 13:20:00,5152.798,5158.196,5151.998,5156.941,1039,264,0
2026-02-24 13:25:00,5156.895,5158.06,5154.778,5156.125,855,240,0
2026-02-24 13:30:00,5156.4,5158.717,5149.673,5153.938,1128,240,0
2026-02-24 13:35:00,5153.938,5155.488,5133.128,5138.503,1542,240,0
2026-02-24 13:40:00,5138.581,5148.566,5136.558,5145.757,1980,264,0
2026-02-24 13:45:00,5145.546,5146.284,5125.113,5126.649,2235,264,0
2026-02-24 13:50:00,5126.725,5134.144,5121.972,5132.837,2728,240,0
2026-02-24 13:55:00,5132.87,5134.305,5110.699,5115.082,2556,240,0
2026-02-24 14:00:00,5115.001,5124.294,5107.972,5118.191,3553,240,0
2026-02-24 14:05:00,5118.177,5127.463,5116.718,5121.154,2197,240,0
2026-02-24 14:10:00,5121.079,5122.278,5093.422,5104.828,2930,240,0
2026-02-24 14:15:00,5104.724,5108.68,5100.465,5102.016,2640,240,0
2026-02-24 14:20:00,5101.857,5119.281,5101.622,5118.488,1808,240,0
2026-02-24 14:25:00,5118.562,5119.198,5111.365,5115.182,1547,240,0
2026-02-24 14:30:00,5115.108,5125.076,5109.712,5117.743,3764,240,0
2026-02-24 14:35:00,5117.704,5135.071,5114.933,5134.737,3056,240,0
2026-02-24 14:40:00,5134.899,5139.151,5129.006,5137.131,2385,240,0
2026-02-24 14:45:00,5136.999,5139.135,5128.005,5132.922,2379,240,0
2026-02-24 14:50:00,5132.849,5138.957,5126.638,5129.592,1987,240,0
2026-02-24 14:55:00,5129.544,5132.615,5127.207,5128.269,1817,240,0
2026-02-24 15:00:00,5128.447,5129.615,5118.108,5125.301,1383,240,0
2026-02-24 15:05:00,5125.395,5137.5,5125.314,5135.58,1810,240,0
2026-02-24 15:10:00,5135.694,5137.843,5132.556,5136.791,1703,240,0
2026-02-24 15:15:00,5136.912,5141.178,5134.666,5140.368,1590,240,0
2026-02-24 15:20:00,5140.136,5144.369,5137.797,5143.6,1262,240,0
2026-02-24 15:25:00,5143.557,5146.114,5137.951,5138.382,1500,240,0
2026-02-24 15:30:00,5138.297,5141.657,5134.027,5140.648,1699,240,0
2026-02-24 15:35:00,5140.617,5146.992,5140.296,5144.651,1241,240,0
2026-02-24 15:40:00,5144.489,5149.917,5144.489,5149.683,980,240,0
2026-02-24 15:45:00,5149.836,5155.255,5149.628,5152.754,1170,240,0
2026-02-24 15:50:00,5152.884,5152.884,5145.148,5145.987,1101,240,0
2026-02-24 15:55:00,5145.97,5151.256,5145.432,5150.191,747,240,0
2026-02-24 16:00:00,5150.171,5152.359,5148.478,5148.555,898,240,0
2026-02-24 16:05:00,5148.363,5149.098,5141.516,5144.227,1131,240,0
2026-02-24 16:10:00,5144.113,5148.231,5141.091,5147.226,842,240,0
2026-02-24 16:15:00,5147.161,5150.731,5146.015,5147.735,892,240,0
2026-02-24 16:20:00,5147.699,5147.773,5142.462,5143.145,1043,240,0
2026-02-24 16:25:00,5143.253,5144.291,5141.295,5143.487,756,240,0
2026-02-24 16:30:00,5143.809,5143.885,5134.771,5137.226,1253,240,0
2026-02-24 16:35:00,5137.153,5146.734,5136.369,5145.511,1182,240,0
2026-02-24 16:40:00,5145.598,5150.946,5142.324,5145.489,1180,240,0
2026-02-24 16:45:00,5145.775,5145.877,5134.706,5136.195,1457,240,0
2026-02-24 16:50:00,5136.27,5138.732,5130.837,5137.906,1435,240,0
2026-02-24 16:55:00,5137.831,5141.776,5137.164,5141.623,919,240,0
2026-02-24 17:00:00,5141.815,5149.486,5141.482,5149.319,803,240,0
2026-02-24 17:05:00,5149.37,5153.197,5148.473,5153.017,748,240,0
2026-02-24 17:10:00,5152.875,5157.974,5152.463,5156.14,802,240,0
2026-02-24 17:15:00,5156.225,5161.297,5155.412,5160.831,755,240,0
2026-02-24 17:20:00,5160.913,5163.447,5158.799,5160.017,811,240,0
2026-02-24 17:25:00,5160.115,5160.115,5154.939,5158.529,752,240,0
2026-02-24 17:30:00,5158.736,5159.233,5156.547,5158.041,684,240,0
2026-02-24 17:35:00,5157.995,5159.16,5156.664,5158.447,554,240,0
2026-02-24 17:40:00,5158.525,5161.213,5158.406,5160.4,656,240,0
2026-02-24 17:45:00,5160.603,5161.747,5158.723,5159.913,632,240,0
2026-02-24 17:50:00,5159.945,5159.945,5157.529,5159.221,496,240,0
2026-02-24 17:55:00,5159.387,5163.816,5158.244,5163.772,500,240,0
2026-02-24 18:00:00,5163.582,5168.521,5163.582,5167.078,708,240,0
2026-02-24 18:05:00,5166.997,5169.994,5166.803,5168.246,669,240,0
2026-02-24 18:10:00,5168.266,5168.793,5164.352,5164.373,694,240,0
2026-02-24 18:15:00,5164.396,5165.478,5159.713,5159.949,698,240,0
2026-02-24 18:20:00,5160.027,5162.365,5157.393,5159.175,949,240,0
2026-02-24 18:25:00,5159.092,5160.215,5155.434,5158.356,1103,240,0
2026-02-24 18:30:00,5158.442,5161.44,5155.069,5156.54,814,240,0
2026-02-24 18:35:00,5156.467,5159.216,5153.293,5157.944,906,240,0
2026-02-24 18:40:00,5158.09,5160.154,5157.745,5158.943,566,240,0
2026-02-24 18:45:00,5159.113,5160.926,5155.834,5159.535,667,240,0
2026-02-24 18:50:00,5159.544,5162.606,5158.625,5160.32,602,240,0
2026-02-24 18:55:00,5160.303,5162.825,5159.54,5160.21,577,240,0
2026-02-24 19:00:00,5160.091,5160.626,5155.318,5155.902,754,240,0
2026-02-24 19:05:00,5155.804,5157.505,5152.579,5153.027,740,240,0
2026-02-24 19:10:00,5153.135,5156.36,5149.508,5156.077,1013,240,0
2026-02-24 19:15:00,5156.062,5157.501,5148.806,5148.983,874,240,0
2026-02-24 19:20:00,5149.045,5151.427,5146.189,5147.501,866,240,0
2026-02-24 19:25:00,5147.369,5152.356,5147.123,5151.337,730,240,0
2026-02-24 19:30:00,5151.592,5153.811,5148.878,5153.461,625,240,0
2026-02-24 19:35:00,5153.473,5156.651,5152.745,5155.62,510,240,0
2026-02-24 19:40:00,5155.645,5156.728,5152.239,5152.38,514,240,0
2026-02-24 19:45:00,5152.379,5154.85,5151.495,5154.189,485,240,0
2026-02-24 19:50:00,5154.21,5155.358,5151.806,5152.658,446,240,0
2026-02-24 19:55:00,5152.736,5154.933,5152.736,5154.063,490,240,0
2026-02-24 20:00:00,5154.17,5155.921,5151.448,5153.388,512,240,0
2026-02-24 20:05:00,5153.304,5153.531,5148.01,5149.823,641,240,0
2026-02-24 20:10:00,5149.915,5150.326,5146.688,5149.126,592,240,0
2026-02-24 20:15:00,5149.337,5155.656,5148.23,5154.611,526,240,0
2026-02-24 20:20:00,5154.651,5165.603,5154.651,5164.87,701,240,0
2026-02-24 20:25:00,5164.854,5170.147,5163.64,5168.24,680,240,0
2026-02-24 20:30:00,5168.503,5170.68,5165.538,5170.36,618,240,0
2026-02-24 20:35:00,5170.431,5172.617,5168.654,5169.63,638,240,0
2026-02-24 20:40:00,5169.554,5173.143,5168.584,5171.912,594,240,0
2026-02-24 20:45:00,5172.144,5172.228,5167.579,5168.299,593,240,0
2026-02-24 20:50:00,5168.165,5170.183,5161.401,5163.55,884,240,0
2026-02-24 20:55:00,5163.414,5164.765,5158.132,5163.892,1116,240,0
2026-02-24 21:00:00,5163.97,5165.602,5157.782,5158.246,566,240,0
2026-02-24 21:05:00,5158.243,5159.028,5156.18,5157.433,481,240,0
2026-02-24 21:10:00,5157.47,5161.023,5156.403,5160.937,327,240,0
2026-02-24 21:15:00,5160.912,5162.299,5157.919,5158.351,380,240,0
2026-02-24 21:20:00,5158.396,5158.485,5153.547,5153.936,396,240,0
2026-02-24 21:25:00,5154.003,5156.381,5154.003,5155.461,327,240,0
2026-02-24 21:30:00,5155.46,5155.963,5148.517,5149.953,377,240,0
2026-02-24 21:35:00,5149.956,5150.67,5145.792,5149.595,541,240,0
2026-02-24 21:40:00,5149.845,5151.189,5146.202,5150.577,500,240,0
2026-02-24 21:45:00,5150.557,5150.557,5146.764,5148.265,437,240,0
2026-02-24 21:50:00,5148.178,5148.178,5140.104,5144.809,627,240,0
2026-02-24 21:55:00,5144.961,5145.686,5142.395,5143.82,323,360,0
2026-02-24 23:00:00,5135.425,5138.156,5132.667,5136.237,220,500,0
2026-02-24 23:05:00,5136.242,5137.677,5127.714,5133.725,786,500,0
2026-02-24 23:10:00,5133.784,5135.696,5128.896,5135.33,622,360,0
2026-02-24 23:15:00,5135.67,5137.509,5131.179,5132.396,446,360,0
2026-02-24 23:20:00,5132.51,5133.341,5129.523,5132.471,434,360,0
2026-02-24 23:25:00,5132.281,5132.937,5128.246,5130.884,391,360,0
2026-02-24 23:30:00,5130.702,5135.683,5129.117,5131.637,490,360,0
2026-02-24 23:35:00,5131.924,5138.578,5131.869,5138.578,428,360,0
2026-02-24 23:40:00,5138.533,5149.397,5137.325,5146.786,881,360,0
2026-02-24 23:45:00,5146.789,5151.067,5145.397,5149.727,560,360,0
2026-02-24 23:50:00,5149.792,5152.161,5148.618,5150.094,374,360,0
2026-02-24 23:55:00,5150.401,5150.417,5145.872,5146.578,309,240,0
2026-02-25 00:00:00,5146.526,5149.635,5139.728,5140.322,574,240,0
2026-02-25 00:05:00,5140.331,5143.412,5136.376,5142.984,652,240,0
2026-02-25 00:10:00,5143.285,5143.285,5138.667,5140.52,546,240,0
2026-02-25 00:15:00,5140.573,5144.912,5138.771,5142.937,571,240,0
2026-02-25 00:20:00,5142.839,5146.304,5142.585,5142.985,451,240,0
2026-02-25 00:25:00,5142.886,5142.938,5137.742,5140.513,539,240,0
2026-02-25 00:30:00,5140.591,5150.975,5140.528,5147.626,819,240,0
2026-02-25 00:35:00,5147.433,5154.706,5144.96,5151.874,953,240,0
2026-02-25 00:40:00,5152.138,5155.391,5146.721,5147.468,756,240,0
2026-02-25 00:45:00,5147.544,5147.599,5141.707,5144.694,1135,240,0
2026-02-25 00:50:00,5144.567,5147.931,5142.601,5147.572,573,240,0
2026-02-25 00:55:00,5147.492,5156.402,5146.654,5152.195,663,240,0
2026-02-25 01:00:00,5152.261,5161.623,5144.147,5158.861,2578,240,0
2026-02-25 01:05:00,5158.979,5171.853,5158.279,5168.669,1500,240,0
2026-02-25 01:10:00,5168.597,5176.405,5163.969,5174.615,1799,264,0
2026-02-25 01:15:00,5174.516,5185.135,5173.677,5184.186,1431,264,0
2026-02-25 01:20:00,5184.103,5186.859,5178.22,5178.494,1114,240,0
2026-02-25 01:25:00,5178.693,5188.745,5178.693,5185.283,1027,240,0
2026-02-25 01:30:00,5185.113,5187.05,5181.661,5185.744,801,240,0
2026-02-25 01:35:00,5185.703,5189.947,5179.11,5182.515,878,240,0
2026-02-25 01:40:00,5182.432,5186.294,5178.597,5180.4,762,240,0
2026-02-25 01:45:00,5180.076,5186.056,5180.076,5183.575,621,240,0
2026-02-25 01:50:00,5183.907,5184.844,5180.342,5182.994,699,264,0
2026-02-25 01:55:00,5183.073,5183.918,5174.707,5176.554,718,240,0
2026-02-25 02:00:00,5176.86,5183.978,5176.446,5183.206,1005,240,0
2026-02-25 02:05:00,5183.36,5186.426,5182.096,5186.426,595,240,0
2026-02-25 02:10:00,5186.19,5189.164,5182.937,5188.552,758,240,0
2026-02-25 02:15:00,5188.461,5193.968,5188.21,5190.373,745,240,0
2026-02-25 02:20:00,5190.478,5190.975,5184.916,5187.723,637,240,0
2026-02-25 02:25:00,5187.695,5190.215,5185.389,5189.479,549,240,0
2026-02-25 02:30:00,5189.696,5190.545,5187.549,5187.738,928,240,0
2026-02-25 02:35:00,5187.985,5188.302,5182.712,5186.222,870,240,0
2026-02-25 02:40:00,5186.115,5187.455,5182.764,5185.837,681,240,0
2026-02-25 02:45:00,5186.132,5186.753,5183.289,5184.722,655,240,0
2026-02-25 02:50:00,5184.703,5184.703,5166.434,5176.01,1675,240,0
2026-02-25 02:55:00,5175.876,5182.773,5174.957,5180.43,791,240,0
2026-02-25 03:00:00,5180.435,5190.004,5180.435,5184.383,1055,240,0
2026-02-25 03:05:00,5184.379,5186.446,5181.638,5184.412,670,240,0
2026-02-25 03:10:00,5184.621,5186.654,5182.868,5186.07,648,240,0
2026-02-25 03:15:00,5185.991,5187.526,5180.556,5184.372,697,240,0
2026-02-25 03:20:00,5184.354,5185.599,5179.309,5179.37,563,240,0
2026-02-25 03:25:00,5179.491,5186.865,5179.374,5186.234,625,240,0
2026-02-25 03:30:00,5186.281,5188.425,5180.283,5187.153,760,240,0
2026-02-25 03:35:00,5187.16,5188.415,5183.163,5183.534,577,240,0
2026-02-25 03:40:00,5183.486,5184.659,5179.396,5183.775,590,240,0
2026-02-25 03:45:00,5183.703,5187.271,5182.995,5185.23,550,240,0
2026-02-25 03:50:00,5184.901,5185.427,5178.959,5179.48,491,240,0
2026-02-25 03:55:00,5179.566,5184.409,5178.166,5182.101,542,240,0
2026-02-25 04:00:00,5182.007,5183.349,5179.858,5182.325,501,240,0
2026-02-25 04:05:00,5182.348,5182.381,5174.199,5174.964,561,240,0
2026-02-25 04:10:00,5174.946,5181.915,5171.69,5180.938,607,240,0
2026-02-25 04:15:00,5180.646,5184.465,5180.418,5182.6,464,240,0
2026-02-25 04:20:00,5182.416,5184.525,5180.776,5182.006,459,240,0
2026-02-25 04:25:00,5182.049,5184.998,5181.578,5182.738,415,240,0
2026-02-25 04:30:00,5182.827,5183.875,5181.208,5181.254,378,360,0
2026-02-25 04:35:00,5181.553,5182.902,5179.746,5182.541,356,240,0
2026-02-25 04:40:00,5182.238,5184.097,5181.631,5184.093,358,240,0
2026-02-25 04:45:00,5183.938,5184.947,5180.256,5180.952,387,240,0
2026-02-25 04:50:00,5180.67,5181.801,5180.36,5180.892,291,240,0
2026-02-25 04:55:00,5181.189,5183.402,5179.948,5182.61,379,240,0
2026-02-25 05:00:00,5182.685,5188.251,5182.504,5186.389,525,240,0
2026-02-25 05:05:00,5186.318,5191.482,5186.318,5187.665,553,264,0
2026-02-25 05:10:00,5187.653,5189.739,5186.523,5188.241,428,240,0
2026-02-25 05:15:00,5188.391,5194.743,5188.248,5192.357,494,240,0
2026-02-25 05:20:00,5192.637,5192.834,5187.927,5188.622,433,240,0
2026-02-25 05:25:00,5188.62,5196.187,5188.054,5195.356,572,240,0
2026-02-25 05:30:00,5195.113,5199.448,5192.4,5197.389,1063,240,0
2026-02-25 05:35:00,5197.326,5198.345,5194.992,5197.925,645,240,0
2026-02-25 05:40:00,5197.624,5203.994,5196.788,5202.758,877,240,0
2026-02-25 05:45:00,5203.013,5209.41,5201.7,5208.936,794,240,0
2026-02-25 05:50:00,5209.025,5210.479,5203.036,5207.926,910,264,0
2026-02-25 05:55:00,5207.872,5208.093,5201.164,5201.72,655,264,0
2026-02-25 06:00:00,5201.697,5201.697,5193.564,5193.918,914,360,0
2026-02-25 06:05:00,5193.971,5194.458,5182.319,5186.943,1286,360,0
2026-02-25 06:10:00,5187.02,5192.255,5184.693,5191.66,950,360,0
2026-02-25 06:15:00,5191.741,5194.71,5190.203,5193.744,751,240,0
2026-02-25 06:20:00,5193.366,5195.318,5190.055,5190.64,624,240,0
2026-02-25 06:25:00,5190.646,5192.787,5188.785,5189.847,622,240,0
2026-02-25 06:30:00,5189.771,5193.332,5188.41,5192.838,564,360,0
2026-02-25 06:35:00,5192.905,5194.381,5191.192,5193.075,514,240,0
2026-02-25 06:40:00,5193.321,5193.321,5189.151,5191.474,470,264,0
2026-02-25 06:45:00,5191.56,5193.454,5189.287,5191.946,596,360,0
2026-02-25 06:50:00,5191.82,5193.992,5190.513,5191.943,504,240,0
2026-02-25 06:55:00,5192.235,5194.65,5191.473,5194.493,448,240,0
2026-02-25 07:00:00,5194.418,5195.011,5187.543,5188.448,538,240,0
2026-02-25 07:05:00,5188.542,5194.376,5188.371,5193.132,505,240,0
2026-02-25 07:10:00,5193.136,5193.582,5187.276,5188.806,562,264,0
2026-02-25 07:15:00,5188.71,5190.434,5185.134,5186.88,486,240,0
2026-02-25 07:20:00,5186.883,5189.214,5184.425,5186.741,496,240,0
2026-02-25 07:25:00,5186.752,5189.497,5182.051,5189.244,597,240,0
2026-02-25 07:30:00,5189.126,5190.395,5186.504,5188.331,481,360,0
2026-02-25 07:35:00,5188.278,5189.344,5185.613,5186.911,465,360,0
2026-02-25 07:40:00,5186.663,5188.331,5185.932,5186.004,427,360,0
2026-02-25 07:45:00,5186.292,5189.027,5185.072,5187.516,483,240,0
2026-02-25 07:50:00,5187.303,5188.686,5180.411,5182.328,592,360,0
2026-02-25 07:55:00,5182.625,5186.035,5182.411,5184.635,484,240,0
2026-02-25 08:00:00,5184.74,5190.089,5184.74,5187.909,713,360,0
2026-02-25 08:05:00,5187.545,5188.384,5185.887,5186.862,505,240,0
2026-02-25 08:10:00,5186.648,5189.518,5186.045,5187.296,529,240,0
2026-02-25 08:15:00,5187.221,5192.696,5186.846,5192.122,577,240,0
2026-02-25 08:20:00,5192.071,5193.837,5190.33,5193.014,537,240,0
2026-02-25 08:25:00,5192.787,5193.311,5189.9,5193.25,484,240,0
2026-02-25 08:30:00,5193.264,5195.766,5192.39,5195.028,576,240,0
2026-02-25 08:35:00,5195.076,5197.165,5193.656,5194.058,511,240,0
2026-02-25 08:40:00,5194.136,5195.171,5191.179,5192.01,514,240,0
2026-02-25 08:45:00,5192.305,5192.337,5190.126,5191.775,442,240,0
2026-02-25 08:50:00,5191.731,5191.757,5187.124,5187.837,553,240,0
2026-02-25 08:55:00,5187.771,5189.754,5184.04,5185.487,560,240,0
2026-02-25 09:00:00,5185.398,5186.819,5176.281,5181.596,1005,264,0
2026-02-25 09:05:00,5181.671,5185.779,5179.028,5184.521,829,240,0
2026-02-25 09:10:00,5184.599,5187.916,5183.313,5183.625,559,240,0
2026-02-25 09:15:00,5183.636,5185.859,5181.583,5185.806,743,240,0
2026-02-25 09:20:00,5185.773,5188.162,5185.279,5186.619,484,240,0
2026-02-25 09:25:00,5186.614,5188.21,5186.118,5186.74,511,240,0
2026-02-25 09:30:00,5186.65,5189.703,5185.64,5189.477,443,240,0
2026-02-25 09:35:00,5189.516,5193.531,5189.237,5190.988,577,240,0
2026-02-25 09:40:00,5190.668,5192.591,5190.482,5190.917,522,240,0
2026-02-25 09:45:00,5190.995,5191.97,5189.822,5190.237,466,240,0
2026-02-25 09:50:00,5190.19,5194.41,5188.678,5190.289,508,240,0
2026-02-25 09:55:00,5190.123,5193.415,5187.816,5192.912,507,360,0
2026-02-25 10:00:00,5193.001,5194.987,5188.258,5188.791,396,240,0
2026-02-25 10:05:00,5188.765,5189.762,5184.133,5184.315,503,264,0
2026-02-25 10:10:00,5184.294,5186.04,5182.957,5184.674,538,264,0
2026-02-25 10:15:00,5184.745,5184.862,5176.895,5177.8,781,264,0
2026-02-25 10:20:00,5177.81,5180.829,5173.908,5174.318,932,360,0
2026-02-25 10:25:00,5174.234,5179.84,5172.11,5175.245,775,360,0
2026-02-25 10:30:00,5175.166,5176.286,5169.744,5173.169,1182,360,0
2026-02-25 10:35:00,5173.416,5178.782,5173.416,5178.636,551,264,0
2026-02-25 10:40:00,5178.716,5180.841,5175.793,5176.921,525,360,0
2026-02-25 10:45:00,5176.917,5177.285,5174.41,5175.297,383,360,0
2026-02-25 10:50:00,5175.286,5175.824,5172.411,5174.603,424,360,0
2026-02-25 10:55:00,5174.477,5176.203,5173.545,5175.163,428,360,0
2026-02-25 11:00:00,5175.065,5175.273,5171.039,5171.118,545,360,0
2026-02-25 11:05:00,5171.299,5175.869,5169.08,5169.729,652,360,0
2026-02-25 11:10:00,5169.735,5170.024,5162.383,5163.867,1222,240,0
2026-02-25 11:15:00,5163.809,5165.6,5154.81,5159.598,1228,240,0
2026-02-25 11:20:00,5159.677,5165.199,5157.865,5164.829,709,264,0
2026-02-25 11:25:00,5164.827,5169.103,5164.329,5168.48,595,240,0
2026-02-25 11:30:00,5168.473,5172.423,5167.55,5169.797,626,240,0
2026-02-25 11:35:00,5169.716,5170.679,5167.226,5167.238,519,240,0
2026-02-25 11:40:00,5167.157,5173.859,5166.684,5173.048,574,264,0
2026-02-25 11:45:00,5172.931,5174.598,5172.283,5172.962,482,240,0
2026-02-25 11:50:00,5173.156,5176.315,5172.022,5173.385,488,240,0
2026-02-25 11:55:00,5173.54,5182.539,5173.54,5181.522,608,240,0
2026-02-25 12:00:00,5181.193,5182.79,5178.309,5179.817,616,360,0
2026-02-25 12:05:00,5179.837,5181.785,5179.837,5180.794,505,360,0
2026-02-25 12:10:00,5180.985,5183.004,5180.341,5181.722,498,360,0
2026-02-25 12:15:00,5182.004,5185.496,5181.569,5183.8,540,360,0
2026-02-25 12:20:00,5183.8,5186.85,5183.207,5186.661,549,360,0
2026-02-25 12:25:00,5186.664,5187.25,5183.38,5183.678,504,360,0
2026-02-25 12:30:00,5183.602,5184.951,5179.354,5179.779,584,360,0
2026-02-25 12:35:00,5179.773,5183.896,5177.376,5183.642,684,360,0
2026-02-25 12:40:00,5183.719,5186.307,5182.229,5184.504,578,240,0
2026-02-25 12:45:00,5184.906,5185.502,5181.567,5181.567,453,240,0
2026-02-25 12:50:00,5181.862,5184.447,5181.123,5181.887,434,360,0
2026-02-25 12:55:00,5181.813,5183.145,5178.83,5182.873,564,360,0
2026-02-25 13:00:00,5182.61,5185.66,5181.113,5185.144,1265,360,0
2026-02-25 13:05:00,5185.454,5189.731,5184.408,5188.199,688,360,0
2026-02-25 13:10:00,5188.116,5189.01,5185.36,5187.119,623,240,0
2026-02-25 13:15:00,5186.88,5189.339,5185.774,5186.654,661,264,0
2026-02-25 13:20:00,5186.577,5191.239,5185.912,5190.891,743,240,0
2026-02-25 13:25:00,5190.895,5191.185,5186.655,5187.713,607,360,0
2026-02-25 13:30:00,5187.982,5190.295,5186.389,5187.823,560,360,0
2026-02-25 13:35:00,5187.901,5190.19,5187.501,5189.535,538,360,0
2026-02-25 13:40:00,5189.438,5191.245,5181.842,5187.022,1052,240,0
2026-02-25 13:45:00,5187.101,5190.835,5185.003,5187.137,782,360,0
2026-02-25 13:50:00,5187.213,5187.326,5183.946,5185.895,792,240,0
2026-02-25 13:55:00,5185.866,5188.433,5184.617,5185.013,728,240,0
2026-02-25 14:00:00,5184.787,5187.31,5183.549,5186.911,794,240,0
2026-02-25 14:05:00,5186.815,5191.154,5186.385,5189.911,694,240,0
2026-02-25 14:10:00,5189.85,5190.288,5183.654,5185.058,742,240,0
2026-02-25 14:15:00,5185.176,5185.875,5181.803,5182.673,818,360,0
2026-02-25 14:20:00,5182.699,5185.546,5179.858,5181.44,852,264,0
2026-02-25 14:25:00,5181.533,5182.448,5174.655,5177.577,1040,240,0
2026-02-25 14:30:00,5177.497,5181.144,5171.999,5174.269,2411,240,0
2026-02-25 14:35:00,5174.38,5176.3,5158.666,5159.973,2823,240,0
2026-02-25 14:40:00,5160.031,5176.241,5159.552,5175.101,1878,240,0
2026-02-25 14:45:00,5175.026,5181.787,5175.025,5181.619,1060,240,0
2026-02-25 14:50:00,5181.695,5188.944,5179.775,5188.39,1283,240,0
2026-02-25 14:55:00,5188.287,5193.214,5187.463,5190.958,1025,240,0
2026-02-25 15:00:00,5190.883,5201.163,5190.27,5198.77,1343,360,0
2026-02-25 15:05:00,5198.524,5202.551,5195.283,5195.813,1237,360,0
2026-02-25 15:10:00,5195.968,5195.968,5190.059,5193.077,1376,360,0
2026-02-25 15:15:00,5192.946,5195.55,5188.359,5189.175,1164,240,0
2026-02-25 15:20:00,5189.1,5191.319,5183.83,5185.782,1197,240,0
2026-02-25 15:25:00,5185.804,5187.196,5173.643,5180.274,1652,264,0
2026-02-25 15:30:00,5180.307,5182.962,5172.621,5181.409,1085,240,0
2026-02-25 15:35:00,5181.483,5189.356,5180.834,5187.774,1048,240,0
2026-02-25 15:40:00,5187.652,5192.763,5186.581,5190.61,824,240,0
2026-02-25 15:45:00,5190.642,5198.188,5186.302,5197.556,983,264,0
2026-02-25 15:50:00,5197.547,5197.958,5192.33,5195.066,908,264,0
2026-02-25 15:55:00,5195.141,5197.904,5192.914,5194.94,826,240,0
2026-02-25 16:00:00,5194.853,5198.589,5192.814,5194.423,984,240,0
2026-02-25 16:05:00,5194.208,5195.212,5190.4,5191.253,895,240,0
2026-02-25 16:10:00,5191.158,5195.888,5189.454,5192.515,797,240,0
2026-02-25 16:15:00,5192.589,5197.6,5191.596,5196.86,769,240,0
2026-02-25 16:20:00,5196.939,5205.508,5196.939,5205.059,923,240,0
2026-02-25 16:25:00,5204.963,5206.005,5201.175,5202.812,538,240,0
2026-02-25 16:30:00,5203.114,5206.759,5198.841,5206.202,639,240,0
2026-02-25 16:35:00,5206.388,5207.044,5202.301,5203.277,767,360,0
2026-02-25 16:40:00,5203.432,5207.498,5203.432,5207.248,684,360,0
2026-02-25 16:45:00,5207.149,5213.9,5206.645,5207.791,1050,360,0
2026-02-25 16:50:00,5208.087,5212.423,5207.27,5211.565,667,360,0
2026-02-25 16:55:00,5211.725,5212.798,5209.919,5211.928,647,360,0
2026-02-25 17:00:00,5211.832,5212.558,5207.68,5209.995,668,360,0
2026-02-25 17:05:00,5209.744,5215.032,5207.59,5214.233,799,360,0
2026-02-25 17:10:00,5214.158,5217.544,5213.887,5214.833,728,360,0
2026-02-25 17:15:00,5214.908,5215.016,5211.944,5214.607,684,360,0
2026-02-25 17:20:00,5214.636,5215.644,5211.257,5213.409,688,264,0
2026-02-25 17:25:00,5213.288,5215.95,5212.272,5213.048,642,264,0
2026-02-25 17:30:00,5213.116,5214.456,5210.984,5211.903,641,240,0
2026-02-25 17:35:00,5211.98,5213.278,5210.083,5213.208,682,360,0
2026-02-25 17:40:00,5212.94,5213.919,5208.318,5208.519,645,360,0
2026-02-25 17:45:00,5208.607,5209.132,5204.307,5207.001,675,240,0
2026-02-25 17:50:00,5206.626,5210.655,5204.588,5206.468,602,240,0
2026-02-25 17:55:00,5206.402,5208.124,5203.499,5206.975,678,264,0
2026-02-25 18:00:00,5206.948,5207.645,5206.693,5207.399,296,240,0
2026-02-25 18:05:00,5207.373,5207.609,5206.928,5207.12,264,360,0
2026-02-25 18:10:00,5207.296,5207.443,5206.748,5207.165,272,360,0
2026-02-25 18:15:00,5206.87,5207.609,5206.567,5206.795,287,360,0
2026-02-25 18:20:00,5206.826,5207.601,5206.627,5206.97,269,360,0
2026-02-25 18:25:00,5207.007,5207.191,5206.458,5206.903,237,240,0
2026-02-25 18:30:00,5207.146,5207.47,5206.597,5207.207,355,240,0
2026-02-25 18:35:00,5207.066,5207.23,5205.32,5206.037,227,396,0
2026-02-25 18:40:00,5206.057,5206.503,5204.612,5205.414,185,600,0
2026-02-25 18:45:00,5205.311,5205.601,5200.22,5201.029,250,600,0
2026-02-25 18:50:00,5201.039,5204.034,5200.961,5202.917,368,540,0
2026-02-25 18:55:00,5202.692,5203.568,5201.035,5202.075,371,540,0
2026-02-25 19:00:00,5202.145,5202.712,5200.652,5201.205,324,540,0
2026-02-25 19:05:00,5201.223,5201.299,5194.175,5194.534,755,540,0
2026-02-25 19:10:00,5194.318,5207.651,5191.501,5207.004,1120,540,0
2026-02-25 19:15:00,5206.959,5206.965,5200.363,5200.542,620,396,0
2026-02-25 19:20:00,5200.627,5200.962,5194.091,5197.029,807,540,0
2026-02-25 19:25:00,5197.117,5202.615,5193.77,5202.147,943,540,0
2026-02-25 19:30:00,5202.227,5204.19,5199.514,5202.389,775,540,0
2026-02-25 19:35:00,5202.356,5206.754,5200.733,5201.204,1222,540,0
2026-02-25 19:40:00,5201.282,5205.017,5200.792,5204.489,947,540,0
2026-02-25 19:45:00,5204.221,5207.785,5199.868,5205.137,1926,360,0
2026-02-25 19:50:00,5205.06,5208.22,5200.71,5205.399,1423,360,0
2026-02-25 19:55:00,5205.447,5207.68,5203.755,5205.091,1079,360,0
2026-02-25 20:00:00,5204.718,5205.45,5196.943,5201.605,1254,264,0
2026-02-25 20:05:00,5201.617,5205.886,5200.837,5202.347,746,360,0
2026-02-25 20:10:00,5202.27,5206.218,5195.225,5195.535,809,240,0
2026-02-25 20:15:00,5195.624,5196.543,5183.303,5184.842,1561,360,0
2026-02-25 20:20:00,5184.963,5188.997,5182.798,5188.761,1036,240,0
2026-02-25 20:25:00,5188.898,5193.139,5185.608,5186.153,843,240,0
2026-02-25 20:30:00,5186.23,5190.465,5180.087,5188.3,1315,360,0
2026-02-25 20:35:00,5188.201,5188.853,5181.103,5183.547,897,360,0
2026-02-25 20:40:00,5183.169,5184.46,5177.026,5181.165,1014,264,0
2026-02-25 20:45:00,5181.464,5181.553,5166.699,5173.807,2116,360,0
2026-02-25 20:50:00,5173.731,5180.352,5171.813,5177.946,1172,360,0
2026-02-25 20:55:00,5178.051,5178.399,5145.78,5151.966,3254,360,0
2026-02-25 21:00:00,5152.05,5160.223,5150.151,5156.227,1892,360,0
2026-02-25 21:05:00,5156.314,5162.824,5156.215,5162.454,925,360,0
2026-02-25 21:10:00,5162.516,5165.273,5158.532,5161.596,1057,264,0
2026-02-25 21:15:00,5161.645,5173.216,5160.749,5165.511,1279,360,0
2026-02-25 21:20:00,5165.482,5170.198,5164.962,5168.933,529,240,0
2026-02-25 21:25:00,5168.858,5170.288,5167.081,5169.118,522,240,0
2026-02-25 21:30:00,5169.196,5171.059,5166.335,5167.965,694,240,0
2026-02-25 21:35:00,5168.223,5173.488,5168.128,5168.998,675,240,0
2026-02-25 21:40:00,5168.921,5170.52,5168.158,5170.311,517,360,0
2026-02-25 21:45:00,5170.287,5171.369,5168.935,5170.753,455,264,0
2026-02-25 21:50:00,5170.851,5171.425,5163.083,5164.55,719,360,0
2026-02-25 21:55:00,5164.627,5170.401,5164.027,5169.177,558,360,0
2026-02-25 23:00:00,5165.082,5179.746,5165.082,5174.705,715,500,0
2026-02-25 23:05:00,5175.004,5181.718,5173.939,5179.633,519,500,0
2026-02-25 23:10:00,5179.334,5179.482,5166.193,5168.525,606,360,0
2026-02-25 23:15:00,5168.482,5174.662,5163.294,5173.765,795,500,0
2026-02-25 23:20:00,5173.451,5179.588,5170.276,5170.647,614,360,0
2026-02-25 23:25:00,5170.647,5171.128,5166.648,5169.906,448,360,0
2026-02-25 23:30:00,5170.103,5170.364,5165.175,5168.852,534,360,0
2026-02-25 23:35:00,5168.77,5169.857,5163.362,5169.847,635,360,0
2026-02-25 23:40:00,5169.842,5174.28,5168.387,5172.65,633,360,0
2026-02-25 23:45:00,5172.399,5178.638,5166.028,5167.286,978,360,0
2026-02-25 23:50:00,5167.252,5170.741,5164.921,5169.567,786,360,0
2026-02-25 23:55:00,5169.762,5170.75,5161.539,5163.219,1040,360,0
2026-02-26 00:00:00,5163.297,5167.839,5155.257,5159.911,1682,360,0
2026-02-26 00:05:00,5160.116,5167.248,5156.071,5161.823,1341,360,0
2026-02-26 00:10:00,5162.129,5169.316,5160.68,5167.763,930,360,0
2026-02-26 00:15:00,5167.709,5174.467,5167.564,5170.15,909,360,0
2026-02-26 00:20:00,5170.249,5182.623,5169.259,5180.483,1127,240,0
2026-02-26 00:25:00,5180.53,5186.219,5178.656,5185.164,918,360,0
2026-02-26 00:30:00,5185.28,5189.255,5182.38,5182.419,1196,360,0
2026-02-26 00:35:00,5182.361,5185.347,5181.199,5182.621,766,240,0
2026-02-26 00:40:00,5182.67,5188.5,5181.142,5188.265,702,264,0
2026-02-26 00:45:00,5188.301,5190.144,5184.986,5185.79,711,360,0
2026-02-26 00:50:00,5185.996,5191.012,5184.904,5189.575,628,240,0
2026-02-26 00:55:00,5189.651,5191.803,5185.81,5188.068,964,264,0
2026-02-26 01:00:00,5187.982,5198.153,5187.692,5194.688,2739,264,0
2026-02-26 01:05:00,5194.6,5194.6,5183.088,5184.139,1538,264,0
2026-02-26 01:10:00,5184.226,5189.181,5182.453,5187.656,1412,240,0
2026-02-26 01:15:00,5187.677,5192.861,5187.259,5189.44,946,264,0
2026-02-26 01:20:00,5189.288,5195.002,5183.6,5186.297,1517,360,0
2026-02-26 01:25:00,5186.383,5187.144,5178.753,5180.618,1006,240,0
2026-02-26 01:30:00,5180.542,5188.104,5178.606,5188.008,1211,264,0
2026-02-26 01:35:00,5187.969,5191.312,5184.597,5185.098,1223,360,0
2026-02-26 01:40:00,5185.176,5192.198,5184.859,5189.519,878,240,0
2026-02-26 01:45:00,5189.597,5192.237,5187.026,5189.806,1039,240,0
2026-02-26 01:50:00,5189.818,5193.473,5185.072,5191.21,1109,240,0
2026-02-26 01:55:00,5191.288,5193.826,5190.252,5191.648,827,240,0
2026-02-26 02:00:00,5191.332,5195.534,5187.404,5189.767,1029,360,0
2026-02-26 02:05:00,5189.934,5190.247,5184.609,5187.051,665,240,0
2026-02-26 02:10:00,5186.961,5190.643,5182.236,5182.897,841,240,0
2026-02-26 02:15:00,5182.972,5189.77,5181.581,5188.264,687,264,0
2026-02-26 02:20:00,5188.185,5189.338,5181.426,5183.606,659,240,0
2026-02-26 02:25:00,5183.652,5184.722,5180.659,5180.93,637,240,0
2026-02-26 02:30:00,5181.041,5183.606,5177.865,5178.876,1100,240,0
2026-02-26 02:35:00,5178.957,5183.94,5174.503,5180.509,1040,240,0
2026-02-26 02:40:00,5180.399,5180.541,5174.073,5176.222,1184,240,0
2026-02-26 02:45:00,5176.373,5182.992,5176.373,5180.621,937,240,0
2026-02-26 02:50:00,5180.81,5184.551,5180.459,5184.423,606,240,0
2026-02-26 02:55:00,5184.35,5186.306,5183.495,5184.348,633,240,0
2026-02-26 03:00:00,5184.123,5187.55,5182.897,5187.383,675,240,0
2026-02-26 03:05:00,5187.246,5187.318,5184.364,5185.827,650,240,0
2026-02-26 03:10:00,5185.527,5187.819,5183.961,5186.89,574,240,0
2026-02-26 03:15:00,5187.166,5193.692,5185.437,5190.219,1011,240,0
2026-02-26 03:20:00,5190.183,5191.469,5187.901,5190.814,678,240,0
2026-02-26 03:25:00,5190.769,5191.097,5187.836,5188.367,571,240,0
2026-02-26 03:30:00,5188.327,5189.814,5188.079,5188.39,472,240,0
2026-02-26 03:35:00,5188.202,5188.794,5185.991,5186.322,348,240,0
2026-02-26 03:40:00,5186.206,5188.874,5185.937,5186.231,359,240,0
2026-02-26 03:45:00,5186.385,5188.409,5183.999,5188.33,559,240,0
2026-02-26 03:50:00,5188.297,5191.611,5187.617,5191.056,438,240,0
2026-02-26 03:55:00,5190.982,5192.772,5190.348,5192.676,431,240,0
2026-02-26 04:00:00,5192.386,5195.298,5192.193,5194.166,501,240,0
2026-02-26 04:05:00,5193.895,5196.452,5193.121,5195.631,417,240,0
2026-02-26 04:10:00,5195.575,5199.325,5194.894,5196.61,493,240,0
2026-02-26 04:15:00,5196.685,5197.074,5191.681,5193.507,440,240,0
2026-02-26 04:20:00,5193.776,5195.193,5191.481,5193.677,429,240,0
2026-02-26 04:25:00,5193.74,5194.607,5191.509,5194.222,408,240,0
2026-02-26 04:30:00,5194.252,5195.035,5192.601,5194.854,394,240,0
2026-02-26 04:35:00,5194.551,5195.465,5193.906,5195.16,324,240,0
2026-02-26 04:40:00,5194.964,5195.502,5193.849,5194.171,355,240,0
2026-02-26 04:45:00,5194.197,5194.817,5190.826,5191.422,460,240,0
2026-02-26 04:50:00,5191.401,5192.912,5190.562,5192.399,335,240,0
2026-02-26 04:55:00,5192.582,5193.666,5191.919,5192.716,389,240,0
2026-02-26 05:00:00,5192.492,5194.906,5189.694,5193.122,470,240,0
2026-02-26 05:05:00,5192.945,5194.408,5191.88,5194.256,351,240,0
2026-02-26 05:10:00,5194.407,5199.585,5193.649,5197.774,553,240,0
2026-02-26 05:15:00,5198.152,5202.199,5196.362,5199.893,635,240,0
2026-02-26 05:20:00,5200.013,5203.041,5198.055,5202.652,500,240,0
2026-02-26 05:25:00,5202.66,5205.507,5199.659,5200.375,519,240,0
2026-02-26 05:30:00,5200.439,5201.677,5199.071,5201.27,758,240,0
2026-02-26 05:35:00,5201.196,5203.252,5195.835,5199.366,717,240,0
2026-02-26 05:40:00,5199.378,5201.652,5198.921,5199.611,547,240,0
2026-02-26 05:45:00,5199.561,5199.973,5191.394,5193.738,824,264,0
2026-02-26 05:50:00,5193.435,5196.029,5192.971,5194.102,573,240,0
2026-02-26 05:55:00,5194.178,5198.628,5194.178,5197.994,517,240,0
2026-02-26 06:00:00,5198.069,5199.259,5193.64,5193.7,539,240,0
2026-02-26 06:05:00,5193.835,5199.507,5193.454,5198.073,605,240,0
2026-02-26 06:10:00,5197.986,5198.441,5195.733,5197.824,509,240,0
2026-02-26 06:15:00,5198.018,5198.3,5194.373,5195.901,595,240,0
2026-02-26 06:20:00,5195.671,5197.107,5192.686,5196.37,533,240,0
2026-02-26 06:25:00,5196.175,5197.608,5193.413,5193.681,541,240,0
2026-02-26 06:30:00,5193.716,5197.511,5193.626,5196.698,584,240,0
2026-02-26 06:35:00,5196.998,5198.704,5194.069,5196.624,623,360,0
2026-02-26 06:40:00,5196.926,5197.538,5194.329,5196.292,497,360,0
2026-02-26 06:45:00,5196.3,5197.091,5192.449,5192.922,557,264,0
2026-02-26 06:50:00,5193.01,5196.846,5191.062,5192.987,625,240,0
2026-02-26 06:55:00,5193.216,5193.477,5190.247,5193.0,588,240,0
2026-02-26 07:00:00,5193.016,5194.499,5185.296,5190.43,806,264,0
2026-02-26 07:05:00,5190.353,5190.677,5182.435,5184.857,688,360,0
2026-02-26 07:10:00,5184.653,5187.748,5182.395,5187.321,594,240,0
2026-02-26 07:15:00,5187.329,5190.659,5185.092,5188.417,597,240,0
2026-02-26 07:20:00,5188.668,5189.278,5181.911,5186.03,744,240,0
2026-02-26 07:25:00,5185.943,5187.699,5184.363,5185.038,559,240,0
2026-02-26 07:30:00,5185.195,5188.627,5184.521,5185.978,597,240,0
2026-02-26 07:35:00,5185.714,5188.74,5184.579,5187.994,561,240,0
2026-02-26 07:40:00,5188.091,5189.544,5185.927,5186.432,388,240,0
2026-02-26 07:45:00,5186.494,5186.896,5181.916,5182.028,524,240,0
2026-02-26 07:50:00,5181.935,5184.049,5179.572,5183.77,667,240,0
2026-02-26 07:55:00,5183.533,5188.046,5183.533,5185.811,533,240,0
2026-02-26 08:00:00,5186.074,5186.942,5179.603,5181.517,877,240,0
2026-02-26 08:05:00,5181.509,5185.198,5179.255,5183.498,726,240,0
2026-02-26 08:10:00,5183.593,5190.827,5183.539,5189.125,785,240,0
2026-02-26 08:15:00,5189.132,5190.585,5184.728,5187.151,660,240,0
2026-02-26 08:20:00,5187.319,5187.542,5185.014,5186.741,549,240,0
2026-02-26 08:25:00,5187.002,5187.648,5175.318,5177.069,1160,240,0
2026-02-26 08:30:00,5177.016,5180.767,5170.32,5175.021,1300,240,0
2026-02-26 08:35:00,5175.192,5177.419,5172.757,5174.863,951,240,0
2026-02-26 08:40:00,5174.772,5176.825,5171.749,5174.186,835,240,0
2026-02-26 08:45:00,5174.16,5179.407,5167.651,5179.326,1073,240,0
2026-02-26 08:50:00,5179.263,5181.969,5177.787,5178.375,717,240,0
2026-02-26 08:55:00,5178.109,5181.343,5175.312,5179.113,714,240,0
2026-02-26 09:00:00,5179.208,5180.453,5174.129,5174.526,745,240,0
2026-02-26 09:05:00,5174.449,5178.348,5173.693,5177.598,671,240,0
2026-02-26 09:10:00,5177.676,5182.434,5177.353,5181.378,629,240,0
2026-02-26 09:15:00,5181.564,5182.274,5175.696,5177.111,567,240,0
2026-02-26 09:20:00,5176.85,5177.101,5174.681,5176.635,523,240,0
2026-02-26 09:25:00,5176.72,5182.076,5176.591,5180.883,578,240,0
2026-02-26 09:30:00,5180.915,5183.595,5179.086,5181.587,679,240,0
2026-02-26 09:35:00,5181.481,5183.702,5180.055,5182.801,497,240,0
2026-02-26 09:40:00,5182.796,5183.196,5180.35,5181.591,463,240,0
2026-02-26 09:45:00,5181.6,5185.078,5181.482,5184.323,454,240,0
2026-02-26 09:50:00,5184.296,5186.951,5183.665,5186.43,526,240,0
2026-02-26 09:55:00,5186.552,5189.412,5185.748,5186.244,607,360,0
2026-02-26 10:00:00,5186.379,5189.195,5185.438,5189.171,354,240,0
2026-02-26 10:05:00,5189.197,5189.997,5187.832,5188.116,397,240,0
2026-02-26 10:10:00,5188.34,5188.455,5186.872,5187.927,376,360,0
2026-02-26 10:15:00,5187.655,5188.563,5181.678,5182.705,513,264,0
2026-02-26 10:20:00,5182.787,5184.369,5180.962,5183.481,579,240,0
2026-02-26 10:25:00,5183.211,5184.905,5178.673,5179.261,639,240,0
2026-02-26 10:30:00,5179.115,5179.403,5174.627,5177.032,919,240,0
2026-02-26 10:35:00,5176.788,5177.158,5171.703,5175.726,701,240,0
2026-02-26 10:40:00,5175.655,5178.544,5171.937,5171.937,591,240,0
2026-02-26 10:45:00,5172.083,5175.121,5170.715,5171.475,658,264,0
2026-02-26 10:50:00,5171.4,5173.465,5168.598,5173.446,652,240,0
2026-02-26 10:55:00,5173.507,5173.777,5165.732,5171.244,827,240,0
2026-02-26 11:00:00,5171.222,5175.064,5169.282,5173.774,852,240,0
2026-02-26 11:05:00,5173.477,5178.176,5172.441,5177.186,684,240,0
2026-02-26 11:10:00,5176.995,5177.206,5175.242,5175.615,473,240,0
2026-02-26 11:15:00,5175.823,5176.034,5170.98,5175.092,565,240,0
2026-02-26 11:20:00,5175.109,5175.817,5171.001,5171.685,539,240,0
2026-02-26 11:25:00,5171.607,5176.022,5171.339,5171.886,459,240,0
2026-02-26 11:30:00,5171.864,5173.956,5171.575,5173.059,420,240,0
2026-02-26 11:35:00,5173.352,5175.063,5172.351,5173.441,520,240,0
2026-02-26 11:40:00,5173.417,5174.879,5172.827,5174.238,428,240,0
2026-02-26 11:45:00,5174.149,5174.17,5170.661,5171.572,500,240,0
2026-02-26 11:50:00,5171.497,5171.699,5161.054,5163.393,748,240,0
2026-02-26 11:55:00,5163.515,5165.765,5161.849,5164.476,670,240,0
2026-02-26 12:00:00,5164.67,5167.861,5157.782,5165.274,1346,240,0
2026-02-26 12:05:00,5165.271,5168.856,5163.019,5168.726,777,240,0
2026-02-26 12:10:00,5168.975,5169.909,5166.7,5168.14,574,240,0
2026-02-26 12:15:00,5168.067,5173.414,5165.751,5171.889,683,240,0
2026-02-26 12:20:00,5171.728,5176.328,5170.16,5176.328,732,240,0
2026-02-26 12:25:00,5176.128,5180.175,5175.5,5178.5,641,240,0
2026-02-26 12:30:00,5178.432,5183.991,5177.524,5182.723,711,240,0
2026-02-26 12:35:00,5182.673,5183.982,5179.908,5182.091,505,240,0
2026-02-26 12:40:00,5182.092,5187.745,5182.005,5187.399,632,240,0
2026-02-26 12:45:00,5187.437,5187.753,5181.395,5181.395,532,240,0
2026-02-26 12:50:00,5181.358,5182.055,5179.495,5181.347,497,240,0
2026-02-26 12:55:00,5181.357,5184.794,5179.801,5183.801,513,240,0
2026-02-26 13:00:00,5183.926,5185.377,5175.285,5175.91,1275,240,0
2026-02-26 13:05:00,5175.817,5180.489,5171.137,5172.504,1295,240,0
2026-02-26 13:10:00,5172.422,5174.373,5168.273,5173.743,1147,240,0
2026-02-26 13:15:00,5173.818,5177.547,5171.527,5171.675,964,240,0
2026-02-26 13:20:00,5171.809,5178.691,5171.187,5177.925,947,240,0
2026-02-26 13:25:00,5177.89,5177.89,5174.164,5174.909,871,240,0
2026-02-26 13:30:00,5174.582,5175.306,5165.88,5173.759,893,240,0
2026-02-26 13:35:00,5173.659,5177.275,5169.435,5173.22,1085,240,0
2026-02-26 13:40:00,5173.137,5174.099,5164.215,5165.247,971,240,0
2026-02-26 13:45:00,5165.166,5169.514,5164.547,5168.49,899,240,0
2026-02-26 13:50:00,5168.415,5170.947,5167.68,5170.649,724,240,0
2026-02-26 13:55:00,5170.773,5171.522,5166.042,5166.39,736,240,0
2026-02-26 14:00:00,5166.31,5170.113,5162.762,5165.952,1246,240,0
2026-02-26 14:05:00,5166.048,5167.481,5160.08,5163.5,1051,240,0
2026-02-26 14:10:00,5163.656,5167.069,5162.552,5166.036,705,240,0
2026-02-26 14:15:00,5166.107,5168.89,5164.884,5167.042,702,240,0
2026-02-26 14:20:00,5166.822,5170.124,5163.442,5168.569,724,240,0
2026-02-26 14:25:00,5168.469,5172.473,5168.323,5170.12,820,240,0
2026-02-26 14:30:00,5170.046,5170.133,5139.654,5165.702,5009,240,0
2026-02-26 14:35:00,5165.884,5174.781,5163.766,5166.273,2893,240,0
2026-02-26 14:40:00,5166.185,5174.238,5158.097,5172.097,2818,240,0
2026-02-26 14:45:00,5172.427,5176.179,5165.745,5171.788,2712,240,0
2026-02-26 14:50:00,5171.739,5173.646,5163.643,5168.667,2396,240,0
2026-02-26 14:55:00,5168.779,5171.168,5163.739,5164.799,2415,240,0
2026-02-26 15:00:00,5164.708,5172.082,5158.546,5167.504,2543,240,0
2026-02-26 15:05:00,5167.569,5169.968,5163.557,5167.223,1881,240,0
2026-02-26 15:10:00,5167.099,5171.719,5161.017,5162.454,1995,240,0
2026-02-26 15:15:00,5162.532,5163.387,5150.244,5158.703,2562,240,0
2026-02-26 15:20:00,5158.629,5162.116,5151.925,5154.585,2687,240,0
2026-02-26 15:25:00,5154.697,5158.328,5130.605,5141.698,3992,240,0
2026-02-26 15:30:00,5141.36,5156.375,5140.48,5153.662,3224,240,0
2026-02-26 15:35:00,5153.636,5169.349,5152.577,5168.92,2270,240,0
2026-02-26 15:40:00,5168.833,5176.489,5165.979,5175.405,1850,240,0
2026-02-26 15:45:00,5175.48,5186.299,5175.121,5182.238,1760,240,0
2026-02-26 15:50:00,5182.316,5192.714,5180.79,5189.362,1830,264,0
2026-02-26 15:55:00,5189.294,5192.456,5183.076,5185.31,1532,240,0
2026-02-26 16:00:00,5185.666,5187.017,5178.353,5178.727,1577,240,0
2026-02-26 16:05:00,5178.352,5180.815,5176.645,5178.019,1374,240,0
2026-02-26 16:10:00,5178.129,5180.28,5172.711,5176.634,1230,240,0
2026-02-26 16:15:00,5176.729,5184.711,5173.453,5181.426,1255,240,0
2026-02-26 16:20:00,5181.309,5184.251,5176.047,5178.257,1242,240,0
2026-02-26 16:25:00,5178.334,5180.375,5175.37,5180.375,1125,240,0
2026-02-26 16:30:00,5180.335,5183.56,5177.982,5181.891,1029,240,0
2026-02-26 16:35:00,5181.969,5184.352,5179.765,5182.273,1092,240,0
2026-02-26 16:40:00,5182.406,5186.192,5180.396,5183.329,1101,240,0
2026-02-26 16:45:00,5183.183,5185.366,5178.283,5181.544,1189,240,0
2026-02-26 16:50:00,5181.358,5183.73,5176.396,5179.13,1123,240,0
2026-02-26 16:55:00,5179.245,5180.718,5175.238,5179.67,980,240,0
2026-02-26 17:00:00,5179.745,5182.596,5178.196,5181.098,853,240,0
2026-02-26 17:05:00,5181.181,5188.113,5180.895,5186.33,934,240,0
2026-02-26 17:10:00,5186.134,5190.266,5179.119,5179.521,1025,240,0
2026-02-26 17:15:00,5179.844,5181.469,5175.198,5178.19,962,240,0
2026-02-26 17:20:00,5177.908,5181.592,5177.908,5179.132,772,240,0
2026-02-26 17:25:00,5179.349,5180.105,5173.419,5174.336,923,240,0
2026-02-26 17:30:00,5174.412,5176.935,5171.795,5176.635,1077,240,0
2026-02-26 17:35:00,5176.739,5177.73,5172.541,5173.76,948,240,0
2026-02-26 17:40:00,5174.081,5176.727,5173.446,5174.772,789,240,0
2026-02-26 17:45:00,5174.832,5175.34,5165.736,5169.96,1181,240,0
2026-02-26 17:50:00,5169.886,5173.021,5164.818,5167.112,1247,240,0
2026-02-26 17:55:00,5167.099,5168.758,5161.839,5167.003,1181,240,0
2026-02-26 18:00:00,5167.047,5171.175,5167.047,5168.924,878,240,0
2026-02-26 18:05:00,5168.914,5170.974,5163.577,5170.196,1151,240,0
2026-02-26 18:10:00,5169.868,5173.408,5168.962,5173.133,1008,240,0
2026-02-26 18:15:00,5173.124,5176.384,5171.63,5174.426,840,240,0
2026-02-26 18:20:00,5174.353,5176.766,5173.846,5174.508,917,240,0
2026-02-26 18:25:00,5174.42,5178.104,5173.841,5176.973,850,240,0
2026-02-26 18:30:00,5177.037,5180.396,5165.844,5167.693,1683,240,0
2026-02-26 18:35:00,5167.638,5177.409,5160.505,5175.421,1742,240,0
2026-02-26 18:40:00,5175.077,5182.489,5174.253,5180.886,863,240,0
2026-02-26 18:45:00,5181.052,5184.781,5180.941,5184.458,725,240,0
2026-02-26 18:50:00,5184.219,5185.768,5180.677,5180.718,642,240,0
2026-02-26 18:55:00,5180.642,5182.489,5178.509,5180.461,693,240,0
2026-02-26 19:00:00,5180.539,5185.984,5179.581,5185.12,768,240,0
2026-02-26 19:05:00,5185.089,5187.819,5183.939,5185.853,776,240,0
2026-02-26 19:10:00,5185.935,5188.084,5184.667,5186.541,596,240,0
2026-02-26 19:15:00,5186.537,5187.716,5185.089,5187.46,638,240,0
2026-02-26 19:20:00,5187.505,5188.988,5185.152,5185.503,546,240,0
2026-02-26 19:25:00,5185.704,5186.464,5184.48,5185.39,525,240,0
2026-02-26 19:30:00,5185.465,5189.078,5183.207,5188.994,591,240,0
2026-02-26 19:35:00,5188.725,5190.917,5183.638,5184.145,678,240,0
2026-02-26 19:40:00,5184.126,5186.958,5183.987,5186.07,523,240,0
2026-02-26 19:45:00,5186.048,5193.965,5186.048,5193.685,783,264,0
2026-02-26 19:50:00,5193.652,5193.9,5188.872,5189.6,614,240,0
2026-02-26 19:55:00,5189.71,5190.558,5186.394,5187.105,562,240,0
2026-02-26 20:00:00,5187.023,5193.729,5186.819,5193.609,527,240,0
2026-02-26 20:05:00,5193.686,5196.554,5193.553,5195.108,549,240,0
2026-02-26 20:10:00,5195.093,5197.805,5194.094,5196.751,559,264,0
2026-02-26 20:15:00,5196.661,5197.225,5191.764,5194.361,746,240,0
2026-02-26 20:20:00,5194.783,5197.867,5194.069,5197.832,517,240,0
2026-02-26 20:25:00,5197.651,5197.651,5193.236,5193.794,580,240,0
2026-02-26 20:30:00,5193.639,5194.888,5190.616,5194.541,674,240,0
2026-02-26 20:35:00,5194.317,5199.357,5194.082,5197.873,498,240,0
2026-02-26 20:40:00,5197.605,5199.298,5196.288,5198.131,554,240,0
2026-02-26 20:45:00,5198.205,5200.826,5198.205,5199.877,569,240,0
2026-02-26 20:50:00,5199.957,5200.17,5191.278,5192.834,763,264,0
2026-02-26 20:55:00,5192.626,5197.1,5189.268,5196.183,956,240,0
2026-02-26 21:00:00,5196.475,5200.443,5196.475,5198.504,510,360,0
2026-02-26 21:05:00,5198.682,5199.745,5198.183,5199.516,373,360,0
2026-02-26 21:10:00,5199.335,5199.376,5196.166,5196.643,408,240,0
2026-02-26 21:15:00,5196.568,5197.013,5193.607,5195.016,430,240,0
2026-02-26 21:20:00,5194.93,5196.46,5191.359,5191.433,405,360,0
2026-02-26 21:25:00,5191.435,5192.187,5184.856,5185.927,719,360,0
2026-02-26 21:30:00,5186.021,5188.966,5184.495,5185.185,432,360,0
2026-02-26 21:35:00,5185.27,5187.368,5184.233,5187.082,284,360,0
2026-02-26 21:40:00,5187.188,5191.317,5186.625,5189.975,355,240,0
2026-02-26 21:45:00,5189.895,5189.895,5186.955,5187.446,295,360,0
2026-02-26 21:50:00,5187.515,5188.22,5183.028,5183.521,522,360,0
2026-02-26 21:55:00,5183.429,5186.257,5183.028,5184.92,239,360,0
2026-02-26 23:00:00,5187.994,5188.217,5175.415,5181.805,809,360,0
2026-02-26 23:05:00,5182.106,5186.114,5178.914,5184.511,484,360,0
2026-02-26 23:10:00,5184.485,5188.198,5182.94,5183.997,549,360,0
2026-02-26 23:15:00,5183.963,5185.7,5182.772,5184.03,327,360,0
2026-02-26 23:20:00,5184.029,5187.192,5183.46,5183.846,293,360,0
2026-02-26 23:25:00,5183.779,5185.562,5181.439,5183.662,415,240,0
2026-02-26 23:30:00,5183.777,5184.851,5181.595,5183.568,446,240,0
2026-02-26 23:35:00,5183.55,5186.894,5183.305,5186.732,339,240,0
2026-02-26 23:40:00,5186.976,5189.078,5184.044,5185.759,551,240,0
2026-02-26 23:45:00,5185.677,5188.3,5183.652,5183.858,390,264,0
2026-02-26 23:50:00,5183.924,5185.845,5182.437,5184.725,423,240,0
2026-02-26 23:55:00,5184.815,5185.045,5183.315,5184.462,313,240,0
2026-02-27 00:00:00,5184.431,5185.623,5178.884,5180.345,748,240,0
2026-02-27 00:05:00,5180.434,5185.09,5179.168,5182.704,672,240,0
2026-02-27 00:10:00,5182.569,5186.439,5182.291,5185.708,603,240,0
2026-02-27 00:15:00,5185.536,5190.127,5184.969,5189.234,577,264,0
2026-02-27 00:20:00,5189.279,5194.904,5188.468,5192.346,651,240,0
2026-02-27 00:25:00,5192.294,5192.727,5187.84,5188.074,519,240,0
2026-02-27 00:30:00,5188.149,5189.792,5179.534,5182.348,793,240,0
2026-02-27 00:35:00,5181.979,5181.979,5171.634,5174.724,1124,240,0
2026-02-27 00:40:00,5174.788,5177.514,5169.971,5175.137,927,240,0
2026-02-27 00:45:00,5174.962,5177.322,5171.66,5173.754,870,240,0
2026-02-27 00:50:00,5173.812,5177.191,5172.406,5175.952,644,240,0
2026-02-27 00:55:00,5176.289,5177.08,5173.555,5174.668,599,240,0
2026-02-27 01:00:00,5174.763,5176.56,5168.433,5175.348,1931,264,0
2026-02-27 01:05:00,5175.194,5176.499,5166.688,5174.642,1271,240,0
2026-02-27 01:10:00,5174.544,5178.582,5174.294,5176.318,1024,240,0
2026-02-27 01:15:00,5176.491,5178.587,5174.684,5177.12,890,240,0
2026-02-27 01:20:00,5177.307,5179.823,5175.849,5177.854,748,240,0
2026-02-27 01:25:00,5177.499,5178.092,5174.53,5174.841,643,240,0
2026-02-27 01:30:00,5174.534,5182.345,5172.854,5181.91,946,240,0
2026-02-27 01:35:00,5182.059,5190.89,5181.755,5190.388,877,240,0
2026-02-27 01:40:00,5190.502,5191.11,5186.899,5188.354,713,240,0
2026-02-27 01:45:00,5188.241,5189.742,5187.343,5188.118,802,264,0
2026-02-27 01:50:00,5188.115,5193.678,5187.23,5191.703,857,240,0
2026-02-27 01:55:00,5191.538,5194.262,5189.715,5193.83,677,240,0
2026-02-27 02:00:00,5193.906,5197.145,5191.884,5193.028,911,240,0
2026-02-27 02:05:00,5193.05,5199.799,5192.952,5195.867,1060,240,0
2026-02-27 02:10:00,5196.032,5196.902,5192.182,5194.42,790,240,0
2026-02-27 02:15:00,5194.495,5194.999,5191.174,5191.503,486,240,0
2026-02-27 02:20:00,5191.365,5192.016,5184.528,5186.978,793,264,0
2026-02-27 02:25:00,5187.053,5188.196,5183.683,5184.213,635,360,0
2026-02-27 02:30:00,5184.306,5186.271,5181.948,5183.81,1046,240,0
2026-02-27 02:35:00,5183.888,5184.429,5174.231,5178.419,1387,240,0
2026-02-27 02:40:00,5178.416,5181.709,5177.468,5181.377,937,240,0
2026-02-27 02:45:00,5181.205,5182.552,5176.936,5178.497,716,240,0
2026-02-27 02:50:00,5178.28,5178.764,5173.365,5177.358,799,240,0
2026-02-27 02:55:00,5177.555,5183.987,5177.07,5183.356,616,240,0
2026-02-27 03:00:00,5183.267,5184.963,5181.889,5182.239,666,240,0
2026-02-27 03:05:00,5182.319,5184.007,5180.966,5183.066,644,240,0
2026-02-27 03:10:00,5182.845,5183.372,5181.395,5182.614,618,240,0
2026-02-27 03:15:00,5182.851,5184.396,5181.364,5183.482,619,240,0
2026-02-27 03:20:00,5183.432,5184.743,5181.886,5184.69,576,240,0
2026-02-27 03:25:00,5184.705,5188.117,5184.705,5186.559,566,240,0
2026-02-27 03:30:00,5186.644,5189.002,5185.434,5187.543,591,240,0
2026-02-27 03:35:00,5187.712,5187.809,5183.517,5186.186,449,240,0
2026-02-27 03:40:00,5186.46,5187.568,5185.341,5186.885,371,240,0
2026-02-27 03:45:00,5186.885,5190.325,5186.626,5189.536,503,240,0
2026-02-27 03:50:00,5189.564,5190.267,5188.732,5189.413,466,240,0
2026-02-27 03:55:00,5189.374,5190.35,5183.932,5184.068,465,240,0
2026-02-27 04:00:00,5183.946,5186.056,5183.379,5185.584,447,240,0
2026-02-27 04:05:00,5185.289,5187.538,5185.181,5186.047,345,240,0
2026-02-27 04:10:00,5185.672,5186.443,5184.475,5186.381,343,240,0
2026-02-27 04:15:00,5186.434,5186.729,5184.192,5184.88,317,240,0
2026-02-27 04:20:00,5184.878,5187.766,5181.767,5187.322,434,240,0
2026-02-27 04:25:00,5187.619,5188.733,5186.412,5187.043,368,240,0
2026-02-27 04:30:00,5186.875,5187.256,5185.039,5186.56,311,240,0
2026-02-27 04:35:00,5186.412,5188.546,5186.313,5187.551,325,240,0
2026-02-27 04:40:00,5187.444,5187.813,5186.572,5187.163,350,240,0
2026-02-27 04:45:00,5187.296,5187.358,5185.039,5185.682,349,240,0
2026-02-27 04:50:00,5185.592,5185.917,5182.827,5183.168,371,240,0
2026-02-27 04:55:00,5183.155,5184.556,5180.643,5181.703,404,240,0
2026-02-27 05:00:00,5181.675,5184.392,5181.301,5184.177,392,240,0
2026-02-27 05:05:00,5184.458,5185.79,5184.058,5184.977,357,240,0
2026-02-27 05:10:00,5184.821,5187.587,5184.27,5187.117,372,240,0
2026-02-27 05:15:00,5187.111,5187.484,5185.58,5186.319,351,240,0
2026-02-27 05:20:00,5186.297,5189.513,5186.161,5188.806,331,240,0
2026-02-27 05:25:00,5188.946,5194.558,5188.917,5194.503,574,240,0
2026-02-27 05:30:00,5194.429,5197.342,5193.697,5195.917,1072,240,0
2026-02-27 05:35:00,5195.833,5196.342,5190.236,5194.431,638,240,0
2026-02-27 05:40:00,5194.216,5194.237,5191.428,5192.189,552,240,0
2026-02-27 05:45:00,5192.307,5193.727,5191.014,5191.212,530,240,0
2026-02-27 05:50:00,5191.38,5196.544,5190.698,5194.889,504,240,0
2026-02-27 05:55:00,5194.977,5200.563,5193.782,5197.664,723,240,0
2026-02-27 06:00:00,5197.749,5198.289,5193.088,5193.714,643,240,0
2026-02-27 06:05:00,5193.764,5196.248,5193.528,5194.862,567,240,0
2026-02-27 06:10:00,5194.739,5198.334,5194.739,5196.757,672,240,0
2026-02-27 06:15:00,5196.759,5198.975,5194.559,5195.37,643,240,0
2026-02-27 06:20:00,5195.663,5196.92,5193.719,5195.09,552,240,0
2026-02-27 06:25:00,5195.029,5195.568,5192.337,5193.433,631,240,0
2026-02-27 06:30:00,5193.426,5196.201,5192.343,5192.54,726,240,0
2026-02-27 06:35:00,5192.343,5194.852,5191.495,5193.787,603,240,0
2026-02-27 06:40:00,5193.766,5196.232,5192.833,5193.658,582,240,0
2026-02-27 06:45:00,5193.719,5193.872,5191.486,5192.01,522,240,0
2026-02-27 06:50:00,5191.932,5192.775,5187.29,5189.014,704,240,0
2026-02-27 06:55:00,5188.583,5188.913,5184.917,5185.706,827,264,0
2026-02-27 07:00:00,5185.628,5187.957,5183.409,5185.159,770,240,0
2026-02-27 07:05:00,5184.941,5189.886,5184.941,5187.246,660,264,0
2026-02-27 07:10:00,5186.914,5188.827,5180.988,5181.732,923,240,0
2026-02-27 07:15:00,5181.631,5183.105,5177.294,5177.846,879,240,0
2026-02-27 07:20:00,5177.923,5183.498,5177.896,5182.57,777,360,0
2026-02-27 07:25:00,5182.904,5185.353,5178.557,5178.693,678,240,0
2026-02-27 07:30:00,5178.741,5181.489,5175.553,5180.326,707,240,0
2026-02-27 07:35:00,5180.243,5182.645,5180.079,5182.428,426,240,0
2026-02-27 07:40:00,5182.428,5182.793,5179.858,5180.368,492,240,0
2026-02-27 07:45:00,5180.45,5182.086,5179.461,5181.125,554,240,0
2026-02-27 07:50:00,5181.148,5181.563,5177.813,5179.672,613,240,0
2026-02-27 07:55:00,5179.724,5182.591,5176.021,5176.095,682,240,0
2026-02-27 08:00:00,5175.973,5182.088,5175.973,5180.557,674,240,0
2026-02-27 08:05:00,5180.646,5181.605,5177.073,5180.615,616,240,0
2026-02-27 08:10:00,5180.604,5180.816,5177.48,5178.536,509,240,0
2026-02-27 08:15:00,5178.614,5179.641,5176.985,5178.848,587,240,0
2026-02-27 08:20:00,5178.899,5179.316,5174.054,5174.867,629,240,0
2026-02-27 08:25:00,5174.865,5179.681,5174.865,5177.701,585,240,0
2026-02-27 08:30:00,5177.623,5181.587,5176.783,5181.518,592,240,0
2026-02-27 08:35:00,5181.544,5182.125,5179.781,5180.377,538,240,0
2026-02-27 08:40:00,5180.278,5181.216,5179.446,5180.358,448,240,0
2026-02-27 08:45:00,5180.305,5181.93,5179.489,5179.489,454,240,0
2026-02-27 08:50:00,5179.413,5180.695,5176.499,5178.401,484,240,0
2026-02-27 08:55:00,5178.479,5180.242,5177.782,5178.807,410,240,0
2026-02-27 09:00:00,5178.921,5181.467,5177.31,5178.465,528,240,0
2026-02-27 09:05:00,5178.536,5179.342,5175.704,5177.929,460,240,0
2026-02-27 09:10:00,5178.059,5178.545,5175.065,5178.246,522,240,0
2026-02-27 09:15:00,5178.265,5180.904,5176.731,5178.029,429,240,0
2026-02-27 09:20:00,5177.973,5180.109,5176.996,5179.111,497,240,0
2026-02-27 09:25:00,5179.088,5182.123,5178.819,5179.07,469,240,0
2026-02-27 09:30:00,5179.01,5180.256,5177.538,5179.442,429,240,0
2026-02-27 09:35:00,5179.661,5180.418,5178.395,5180.319,383,240,0
2026-02-27 09:40:00,5180.203,5181.678,5179.573,5180.941,458,240,0
2026-02-27 09:45:00,5180.846,5182.48,5172.379,5177.205,832,240,0
2026-02-27 09:50:00,5176.932,5177.803,5172.213,5173.436,642,240,0
2026-02-27 09:55:00,5173.408,5176.499,5172.157,5175.758,613,240,0
2026-02-27 10:00:00,5175.833,5176.743,5171.141,5172.461,633,240,0
2026-02-27 10:05:00,5172.538,5176.378,5172.51,5174.89,516,240,0
2026-02-27 10:10:00,5174.816,5175.751,5168.451,5174.219,711,240,0
2026-02-27 10:15:00,5174.134,5179.843,5173.183,5178.213,638,240,0
2026-02-27 10:20:00,5178.255,5180.13,5175.88,5176.654,509,240,0
2026-02-27 10:25:00,5176.5,5180.946,5172.019,5173.511,555,240,0
2026-02-27 10:30:00,5173.419,5176.138,5171.401,5171.672,782,240,0
2026-02-27 10:35:00,5171.591,5174.946,5169.083,5174.287,637,240,0
2026-02-27 10:40:00,5174.45,5176.003,5172.37,5175.869,396,240,0
2026-02-27 10:45:00,5176.129,5178.628,5175.265,5177.753,410,240,0
2026-02-27 10:50:00,5177.755,5178.271,5175.775,5176.962,461,240,0
2026-02-27 10:55:00,5177.052,5177.945,5175.564,5177.663,355,240,0
2026-02-27 11:00:00,5177.338,5177.988,5175.533,5176.045,379,240,0
2026-02-27 11:05:00,5176.05,5177.371,5174.55,5177.317,383,240,0
2026-02-27 11:10:00,5177.17,5178.156,5173.169,5174.029,432,240,0
2026-02-27 11:15:00,5173.925,5174.88,5172.398,5174.122,419,240,0
2026-02-27 11:20:00,5174.182,5177.553,5173.176,5176.6,394,240,0
2026-02-27 11:25:00,5176.683,5178.648,5174.868,5177.572,500,240,0
2026-02-27 11:30:00,5177.75,5180.18,5177.726,5178.63,491,240,0
2026-02-27 11:35:00,5178.89,5179.274,5176.707,5177.559,370,240,0
2026-02-27 11:40:00,5177.467,5178.638,5176.655,5177.544,371,240,0
2026-02-27 11:45:00,5177.674,5181.282,5177.674,5180.889,348,240,0
2026-02-27 11:50:00,5180.964,5182.399,5180.177,5182.251,408,240,0
2026-02-27 11:55:00,5182.301,5185.375,5182.225,5185.375,459,240,0
2026-02-27 12:00:00,5185.45,5187.511,5185.075,5186.401,644,240,0
2026-02-27 12:05:00,5186.364,5190.329,5185.172,5187.826,663,264,0
2026-02-27 12:10:00,5187.555,5188.221,5185.216,5185.594,545,240,0
2026-02-27 12:15:00,5185.673,5188.027,5184.985,5187.697,595,240,0
2026-02-27 12:20:00,5187.552,5189.637,5186.62,5186.844,562,240,0
2026-02-27 12:25:00,5186.825,5188.21,5185.173,5186.516,452,240,0
2026-02-27 12:30:00,5186.891,5188.146,5185.345,5185.345,538,240,0
2026-02-27 12:35:00,5185.448,5186.84,5183.832,5185.443,612,240,0
2026-02-27 12:40:00,5185.772,5187.621,5184.534,5185.023,521,240,0
2026-02-27 12:45:00,5184.95,5186.613,5182.884,5184.646,660,240,0
2026-02-27 12:50:00,5184.802,5186.598,5183.693,5186.556,441,240,0
2026-02-27 12:55:00,5186.889,5188.699,5186.158,5187.442,496,240,0
2026-02-27 13:00:00,5187.711,5195.272,5186.819,5195.169,851,240,0
2026-02-27 13:05:00,5194.834,5215.024,5193.246,5211.133,2150,240,0
2026-02-27 13:10:00,5211.208,5214.407,5210.127,5212.712,1750,264,0
2026-02-27 13:15:00,5212.801,5220.845,5212.388,5218.034,1553,360,0
2026-02-27 13:20:00,5218.413,5237.046,5216.525,5235.045,1921,360,0
2026-02-27 13:25:00,5234.951,5240.503,5232.291,5234.849,1948,360,0
2026-02-27 13:30:00,5234.832,5235.792,5220.216,5225.505,1776,360,0
2026-02-27 13:35:00,5225.542,5226.505,5214.534,5218.867,2467,360,0
2026-02-27 13:40:00,5218.601,5218.698,5207.571,5216.576,1962,360,0
2026-02-27 13:45:00,5216.665,5219.695,5211.396,5213.328,1588,360,0
2026-02-27 13:50:00,5213.425,5217.821,5210.914,5216.846,1438,360,0
2026-02-27 13:55:00,5217.03,5226.009,5214.164,5223.198,1371,264,0
2026-02-27 14:00:00,5223.124,5230.097,5222.927,5225.905,1464,360,0
2026-02-27 14:05:00,5225.828,5227.529,5217.334,5219.351,1226,360,0
2026-02-27 14:10:00,5219.636,5227.952,5219.011,5226.351,1108,264,0
2026-02-27 14:15:00,5226.446,5228.504,5223.619,5228.389,954,264,0
2026-02-27 14:20:00,5228.679,5236.092,5227.269,5232.769,1167,360,0
2026-02-27 14:25:00,5232.859,5233.165,5224.741,5231.328,1231,360,0
2026-02-27 14:30:00,5231.247,5233.872,5218.203,5223.675,3229,360,0
2026-02-27 14:35:00,5223.582,5230.481,5217.437,5218.537,2529,360,0
2026-02-27 14:40:00,5218.625,5227.929,5213.601,5225.361,1769,360,0
2026-02-27 14:45:00,5225.126,5226.208,5215.868,5222.745,2409,360,0
2026-02-27 14:50:00,5222.711,5229.305,5222.711,5225.948,1877,360,0
2026-02-27 14:55:00,5225.532,5227.506,5222.245,5223.762,1474,360,0
2026-02-27 15:00:00,5223.838,5227.62,5219.753,5222.61,1657,360,0
2026-02-27 15:05:00,5222.696,5236.756,5221.767,5230.367,1866,360,0
2026-02-27 15:10:00,5230.45,5239.993,5230.45,5237.701,1381,360,0
2026-02-27 15:15:00,5237.942,5240.122,5220.223,5222.897,2251,360,0
2026-02-27 15:20:00,5222.983,5225.397,5216.068,5218.957,1854,264,0
2026-02-27 15:25:00,5219.167,5231.264,5214.954,5231.254,1509,264,0
2026-02-27 15:30:00,5231.178,5234.086,5227.82,5228.857,1388,360,0
2026-02-27 15:35:00,5229.104,5235.818,5227.029,5231.564,1193,240,0
2026-02-27 15:40:00,5231.536,5233.707,5228.428,5230.82,1018,264,0
2026-02-27 15:45:00,5231.041,5237.051,5229.793,5235.591,1022,360,0
2026-02-27 15:50:00,5235.677,5243.487,5232.305,5234.384,1437,240,0
2026-02-27 15:55:00,5234.454,5246.404,5234.069,5239.359,1406,360,0
2026-02-27 16:00:00,5239.439,5245.673,5234.138,5243.981,1374,360,0
2026-02-27 16:05:00,5244.284,5246.036,5240.408,5244.134,1196,360,0
2026-02-27 16:10:00,5243.993,5255.743,5243.831,5253.654,1698,360,0
2026-02-27 16:15:00,5253.542,5257.602,5249.896,5250.474,1216,360,0
2026-02-27 16:20:00,5250.394,5250.409,5221.887,5229.752,2572,360,0
2026-02-27 16:25:00,5229.674,5235.55,5226.908,5234.34,2080,360,0
2026-02-27 16:30:00,5234.092,5238.349,5229.926,5232.477,1736,360,0
2026-02-27 16:35:00,5232.624,5237.979,5229.104,5235.611,1559,360,0
2026-02-27 16:40:00,5235.655,5237.976,5232.869,5235.406,1224,360,0
2026-02-27 16:45:00,5235.514,5237.098,5231.73,5234.424,1194,360,0
2026-02-27 16:50:00,5234.25,5238.003,5229.983,5231.481,1289,360,0
2026-02-27 16:55:00,5231.565,5232.932,5228.636,5229.106,1078,360,0
2026-02-27 17:00:00,5229.185,5233.739,5226.062,5232.365,1257,264,0
2026-02-27 17:05:00,5232.202,5234.927,5230.559,5232.989,1051,360,0
2026-02-27 17:10:00,5232.739,5235.798,5228.735,5231.224,992,264,0
2026-02-27 17:15:00,5231.044,5232.277,5227.412,5228.132,914,360,0
2026-02-27 17:20:00,5228.167,5230.631,5223.401,5227.966,1157,360,0
2026-02-27 17:25:00,5228.017,5231.956,5227.478,5228.873,1054,240,0
2026-02-27 17:30:00,5228.773,5230.389,5220.583,5228.602,1782,264,0
2026-02-27 17:35:00,5228.246,5229.51,5223.795,5228.692,1170,240,0
2026-02-27 17:40:00,5228.715,5236.612,5228.224,5234.657,1199,240,0
2026-02-27 17:45:00,5234.45,5236.708,5233.315,5236.129,860,264,0
2026-02-27 17:50:00,5236.158,5236.913,5232.193,5234.569,884,264,0
2026-02-27 17:55:00,5234.824,5235.526,5232.203,5234.421,743,360,0
2026-02-27 18:00:00,5234.496,5238.294,5233.773,5235.902,744,360,0
2026-02-27 18:05:00,5235.978,5237.292,5233.398,5235.143,745,360,0
2026-02-27 18:10:00,5235.067,5236.062,5233.427,5233.62,698,360,0
2026-02-27 18:15:00,5233.544,5234.373,5231.995,5232.723,800,360,0
2026-02-27 18:20:00,5232.798,5233.941,5226.062,5228.23,1256,264,0
2026-02-27 18:25:00,5228.147,5232.274,5222.637,5230.256,1404,360,0
2026-02-27 18:30:00,5230.342,5232.427,5226.686,5228.637,1023,360,0
2026-02-27 18:35:00,5228.768,5231.965,5228.242,5231.035,900,264,0
2026-02-27 18:40:00,5230.956,5239.923,5230.212,5239.479,823,240,0
2026-02-27 18:45:00,5239.404,5244.25,5238.556,5243.484,781,360,0
2026-02-27 18:50:00,5243.406,5245.112,5240.207,5245.054,727,240,0
2026-02-27 18:55:00,5245.332,5246.937,5243.695,5245.069,703,264,0
2026-02-27 19:00:00,5245.054,5250.675,5244.682,5250.317,547,240,0
2026-02-27 19:05:00,5250.442,5250.895,5248.067,5248.127,652,360,0
2026-02-27 19:10:00,5248.247,5248.962,5240.189,5246.81,962,360,0
2026-02-27 19:15:00,5246.89,5252.123,5245.056,5249.733,641,360,0
2026-02-27 19:20:00,5249.784,5250.427,5246.055,5247.765,684,360,0
2026-02-27 19:25:00,5247.832,5249.243,5246.048,5247.729,697,360,0
2026-02-27 19:30:00,5247.807,5250.895,5247.556,5249.172,617,360,0
2026-02-27 19:35:00,5248.956,5250.799,5246.877,5247.051,589,360,0
2026-02-27 19:40:00,5247.127,5248.037,5243.484,5246.325,739,240,0
2026-02-27 19:45:00,5246.27,5248.099,5245.361,5248.099,604,360,0
2026-02-27 19:50:00,5248.01,5250.439,5248.004,5248.852,581,360,0
2026-02-27 19:55:00,5248.798,5251.311,5247.991,5250.08,661,360,0
2026-02-27 20:00:00,5250.155,5252.273,5248.593,5248.933,648,360,0
2026-02-27 20:05:00,5248.992,5251.926,5248.992,5251.081,554,240,0
2026-02-27 20:10:00,5251.064,5252.144,5250.569,5251.34,464,360,0
2026-02-27 20:15:00,5251.265,5255.864,5251.265,5254.812,568,360,0
2026-02-27 20:20:00,5254.733,5262.223,5253.979,5261.151,688,360,0
2026-02-27 20:25:00,5261.174,5261.613,5256.278,5256.801,699,360,0
2026-02-27 20:30:00,5256.895,5260.893,5256.567,5258.734,713,360,0
2026-02-27 20:35:00,5258.865,5258.865,5254.468,5256.46,692,360,0
2026-02-27 20:40:00,5256.384,5263.215,5256.384,5259.969,727,360,0
2026-02-27 20:45:00,5260.046,5263.394,5259.618,5262.172,849,360,0
2026-02-27 20:50:00,5262.341,5264.035,5261.112,5263.028,828,360,0
2026-02-27 20:55:00,5263.117,5265.51,5260.259,5263.229,1069,360,0
2026-02-27 21:00:00,5263.165,5263.949,5258.045,5259.766,620,360,0
2026-02-27 21:05:00,5259.842,5263.874,5259.254,5261.109,418,360,0
2026-02-27 21:10:00,5260.847,5262.228,5257.965,5259.861,452,360,0
2026-02-27 21:15:00,5259.484,5260.28,5257.178,5258.817,392,360,0
2026-02-27 21:20:00,5259.123,5263.499,5258.832,5261.557,396,360,0
2026-02-27 21:25:00,5261.655,5263.48,5261.05,5262.282,373,360,0
2026-02-27 21:30:00,5262.065,5262.31,5260.755,5261.892,289,360,0
2026-02-27 21:35:00,5261.89,5270.915,5260.495,5270.716,660,360,0
2026-02-27 21:40:00,5270.596,5276.356,5270.389,5274.322,760,360,0
2026-02-27 21:45:00,5274.34,5279.062,5272.113,5277.766,572,360,0
2026-02-27 21:50:00,5277.829,5281.293,5277.35,5280.26,1109,360,0
2026-02-27 21:55:00,5280.15,5280.757,5276.935,5279.022,791,360,0
2026-03-01 23:00:00,5319.272,5321.39,5314.681,5319.662,99,600,0
2026-03-01 23:05:00,5332.672,5353.18,5327.455,5351.281,812,500,0
2026-03-01 23:10:00,5351.327,5357.668,5341.805,5348.115,2112,500,0
2026-03-01 23:15:00,5347.848,5358.704,5343.9,5347.471,1654,360,0
2026-03-01 23:20:00,5347.599,5355.975,5344.015,5351.229,1454,360,0
2026-03-01 23:25:00,5351.141,5356.836,5349.967,5355.495,1273,360,0
2026-03-01 23:30:00,5355.413,5369.666,5353.651,5366.855,1337,360,0
2026-03-01 23:35:00,5366.762,5380.318,5363.754,5376.81,1256,360,0
2026-03-01 23:40:00,5376.717,5393.506,5374.24,5381.909,2067,360,0
2026-03-01 23:45:00,5382.052,5387.412,5373.813,5387.046,1683,360,0
2026-03-01 23:50:00,5387.04,5390.582,5381.539,5388.828,1037,360,0
2026-03-01 23:55:00,5388.931,5390.161,5377.885,5386.804,1421,360,0
2026-03-02 00:00:00,5386.823,5388.172,5367.311,5376.6,2714,360,0
2026-03-02 00:05:00,5376.519,5379.586,5364.064,5367.695,2772,360,0
2026-03-02 00:10:00,5367.775,5377.84,5367.385,5376.146,1991,360,0
2026-03-02 00:15:00,5375.935,5376.243,5358.882,5359.96,2089,360,0
2026-03-02 00:20:00,5360.055,5365.585,5349.09,5363.321,2135,360,0
2026-03-02 00:25:00,5363.105,5366.293,5352.844,5364.553,1935,360,0
2026-03-02 00:30:00,5364.644,5373.32,5359.284,5368.738,1706,360,0
2026-03-02 00:35:00,5368.907,5373.316,5365.496,5372.173,1225,360,0
2026-03-02 00:40:00,5372.096,5372.719,5362.241,5365.579,1229,360,0
2026-03-02 00:45:00,5365.561,5366.506,5361.431,5364.911,1059,360,0
2026-03-02 00:50:00,5364.823,5365.497,5342.323,5345.338,2324,360,0
2026-03-02 00:55:00,5345.591,5354.961,5340.859,5347.326,1941,360,0
2026-03-02 01:00:00,5347.392,5347.392,5315.788,5329.55,6815,360,0
2026-03-02 01:05:00,5329.726,5335.459,5317.813,5327.515,3778,360,0
2026-03-02 01:10:00,5327.353,5343.316,5325.541,5340.34,3354,360,0
2026-03-02 01:15:00,5340.198,5345.806,5331.598,5332.615,3394,360,0
2026-03-02 01:20:00,5332.701,5336.602,5319.057,5323.13,3026,360,0
2026-03-02 01:25:00,5323.238,5330.593,5303.089,5307.831,2821,360,0
2026-03-02 01:30:00,5307.728,5327.614,5305.169,5325.631,3790,360,0
2026-03-02 01:35:00,5325.732,5334.871,5322.27,5334.568,2421,360,0
2026-03-02 01:40:00,5334.295,5338.946,5327.866,5334.108,2187,360,0
2026-03-02 01:45:00,5333.987,5338.03,5327.191,5331.101,2301,360,0
2026-03-02 01:50:00,5331.048,5337.129,5326.144,5337.07,1836,360,0
2026-03-02 01:55:00,5337.162,5337.454,5321.742,5324.969,2104,360,0
2026-03-02 02:00:00,5324.815,5331.686,5319.664,5323.323,1894,360,0
2026-03-02 02:05:00,5323.373,5329.046,5316.853,5327.297,1961,360,0
2026-03-02 02:10:00,5327.387,5335.425,5322.886,5327.925,1596,360,0
2026-03-02 02:15:00,5328.136,5334.368,5326.228,5327.488,1366,360,0
2026-03-02 02:20:00,5327.541,5336.173,5326.398,5332.641,1161,360,0
2026-03-02 02:25:00,5332.751,5333.405,5326.121,5331.263,906,360,0
2026-03-02 02:30:00,5331.168,5334.516,5328.687,5334.516,1346,360,0
2026-03-02 02:35:00,5334.433,5342.275,5331.91,5338.735,1342,360,0
2026-03-02 02:40:00,5338.911,5351.991,5337.982,5350.955,1406,360,0
2026-03-02 02:45:00,5350.867,5351.818,5343.328,5346.122,1295,360,0
2026-03-02 02:50:00,5346.224,5347.917,5340.631,5344.99,988,360,0
2026-03-02 02:55:00,5344.903,5349.019,5342.95,5346.134,1069,360,0
2026-03-02 03:00:00,5346.401,5355.107,5344.319,5352.927,1067,360,0
2026-03-02 03:05:00,5353.018,5356.093,5351.185,5352.204,839,360,0
2026-03-02 03:10:00,5352.165,5357.575,5349.7,5354.864,1159,360,0
2026-03-02 03:15:00,5354.936,5358.899,5349.78,5358.685,1057,360,0
2026-03-02 03:20:00,5358.723,5359.418,5354.451,5356.999,894,360,0
2026-03-02 03:25:00,5356.904,5358.682,5354.385,5355.702,858,360,0
2026-03-02 03:30:00,5355.731,5360.339,5353.827,5358.486,923,360,0
2026-03-02 03:35:00,5358.495,5364.641,5357.323,5363.748,781,360,0
2026-03-02 03:40:00,5364.045,5364.045,5359.138,5362.155,790,360,0
2026-03-02 03:45:00,5362.094,5364.318,5359.655,5362.319,598,360,0
2026-03-02 03:50:00,5362.386,5363.898,5360.652,5363.428,465,360,0
2026-03-02 03:55:00,5363.268,5366.595,5362.178,5366.285,612,360,0
2026-03-02 04:00:00,5366.322,5367.141,5360.253,5360.312,705,360,0
2026-03-02 04:05:00,5360.168,5363.689,5355.503,5357.173,949,360,0
2026-03-02 04:10:00,5357.191,5362.394,5356.151,5356.166,658,360,0
2026-03-02 04:15:00,5356.121,5364.92,5355.941,5364.559,666,360,0
2026-03-02 04:20:00,5364.387,5365.823,5362.546,5363.851,663,360,0
2026-03-02 04:25:00,5363.916,5365.383,5362.609,5363.146,563,360,0
2026-03-02 04:30:00,5363.419,5364.396,5358.945,5361.086,703,360,0
2026-03-02 04:35:00,5360.887,5361.373,5345.041,5350.334,1325,360,0
2026-03-02 04:40:00,5350.115,5355.148,5346.844,5354.05,964,360,0
2026-03-02 04:45:00,5353.826,5355.128,5350.442,5353.761,647,360,0
2026-03-02 04:50:00,5353.739,5358.357,5352.527,5358.241,492,360,0
2026-03-02 04:55:00,5358.162,5358.335,5355.324,5356.029,488,360,0
2026-03-02 05:00:00,5356.082,5356.082,5349.343,5350.993,785,360,0
2026-03-02 05:05:00,5350.61,5351.388,5346.993,5347.402,744,360,0
2026-03-02 05:10:00,5347.436,5354.819,5345.831,5350.135,1005,360,0
2026-03-02 05:15:00,5350.135,5350.356,5340.654,5348.921,894,360,0
2026-03-02 05:20:00,5349.012,5351.573,5347.891,5350.126,594,360,0
2026-03-02 05:25:00,5349.931,5354.151,5349.525,5350.593,643,360,0
2026-03-02 05:30:00,5350.675,5358.42,5348.904,5355.018,1182,360,0
2026-03-02 05:35:00,5355.016,5359.318,5353.16,5358.282,891,360,0
2026-03-02 05:40:00,5358.306,5363.466,5356.928,5360.424,958,360,0
2026-03-02 05:45:00,5360.703,5365.112,5359.179,5363.186,741,360,0
2026-03-02 05:50:00,5363.177,5366.201,5362.483,5363.1,719,360,0
2026-03-02 05:55:00,5363.179,5366.238,5361.35,5365.943,748,360,0
2026-03-02 06:00:00,5365.865,5366.571,5363.589,5365.157,728,360,0
2026-03-02 06:05:00,5365.306,5379.839,5364.259,5376.22,1122,360,0
2026-03-02 06:10:00,5376.171,5379.821,5373.679,5374.902,1126,360,0
2026-03-02 06:15:00,5375.191,5378.62,5373.608,5377.583,872,360,0
2026-03-02 06:20:00,5377.438,5379.19,5376.874,5378.682,693,360,0
2026-03-02 06:25:00,5378.667,5382.025,5377.29,5380.618,695,360,0
2026-03-02 06:30:00,5380.705,5382.278,5374.594,5378.46,1033,360,0
2026-03-02 06:35:00,5378.517,5383.151,5374.876,5377.883,1270,360,0
2026-03-02 06:40:00,5377.873,5378.747,5374.294,5375.595,1081,360,0
2026-03-02 06:45:00,5375.675,5387.254,5375.658,5384.296,976,360,0
2026-03-02 06:50:00,5384.407,5387.403,5382.173,5385.965,925,360,0
2026-03-02 06:55:00,5385.877,5389.654,5384.481,5387.439,1003,360,0
2026-03-02 07:00:00,5387.685,5390.053,5385.014,5388.544,1037,360,0
2026-03-02 07:05:00,5388.323,5400.881,5387.889,5400.881,1916,360,0
2026-03-02 07:10:00,5400.549,5406.803,5396.045,5405.917,1602,360,0
2026-03-02 07:15:00,5405.736,5418.509,5404.298,5417.338,1569,360,0
2026-03-02 07:20:00,5417.131,5419.154,5413.268,5413.79,1147,360,0
2026-03-02 07:25:00,5413.498,5417.23,5408.568,5408.568,903,360,0
2026-03-02 07:30:00,5408.461,5411.342,5406.821,5409.193,1374,360,0
2026-03-02 07:35:00,5408.865,5411.389,5403.249,5405.484,1191,360,0
2026-03-02 07:40:00,5405.303,5407.542,5401.742,5403.191,917,360,0
2026-03-02 07:45:00,5403.104,5414.205,5402.787,5411.429,1047,360,0
2026-03-02 07:50:00,5411.193,5411.574,5405.161,5407.242,1070,360,0
2026-03-02 07:55:00,5407.162,5408.18,5402.588,5407.789,1042,360,0
2026-03-02 08:00:00,5407.709,5411.329,5402.858,5405.25,1705,360,0
2026-03-02 08:05:00,5405.455,5412.365,5403.638,5412.049,1360,360,0
2026-03-02 08:10:00,5411.969,5412.81,5406.789,5409.741,1371,360,0
2026-03-02 08:15:00,5409.872,5410.851,5402.332,5405.41,916,360,0
2026-03-02 08:20:00,5405.496,5407.38,5402.463,5405.256,1181,360,0
2026-03-02 08:25:00,5405.467,5415.687,5404.905,5415.308,991,360,0
2026-03-02 08:30:00,5415.311,5416.492,5409.454,5413.503,1022,360,0
2026-03-02 08:35:00,5413.817,5414.114,5408.281,5409.3,804,360,0
2026-03-02 08:40:00,5409.288,5410.387,5396.726,5401.67,1192,360,0
2026-03-02 08:45:00,5401.587,5411.053,5399.482,5409.55,1038,360,0
2026-03-02 08:50:00,5409.644,5409.77,5399.7,5400.483,1155,360,0
2026-03-02 08:55:00,5400.274,5400.514,5391.132,5393.835,866,360,0
2026-03-02 09:00:00,5393.985,5396.887,5390.741,5392.593,1257,360,0
2026-03-02 09:05:00,5392.658,5399.77,5392.328,5397.719,1210,360,0
2026-03-02 09:10:00,5397.763,5398.226,5389.736,5394.646,1141,360,0
2026-03-02 09:15:00,5394.731,5398.618,5391.313,5391.507,849,360,0
2026-03-02 09:20:00,5391.442,5396.252,5385.677,5396.056,1005,360,0
2026-03-02 09:25:00,5396.055,5396.44,5391.784,5394.428,776,360,0
2026-03-02 09:30:00,5394.394,5402.539,5394.079,5397.25,887,360,0
2026-03-02 09:35:00,5397.171,5399.39,5394.463,5395.317,728,360,0
2026-03-02 09:40:00,5395.386,5397.804,5394.19,5396.875,670,360,0
2026-03-02 09:45:00,5396.793,5397.464,5388.156,5390.196,906,360,0
2026-03-02 09:50:00,5390.271,5395.655,5387.048,5392.677,924,360,0
2026-03-02 09:55:00,5392.678,5394.624,5390.283,5391.776,701,360,0
2026-03-02 10:00:00,5392.209,5392.571,5383.275,5386.067,1220,360,0
2026-03-02 10:05:00,5386.002,5391.685,5378.983,5390.388,1264,360,0
2026-03-02 10:10:00,5390.455,5394.462,5387.768,5390.473,927,360,0
2026-03-02 10:15:00,5390.473,5392.422,5388.341,5390.794,658,360,0
2026-03-02 10:20:00,5390.589,5391.112,5386.267,5388.148,840,360,0
2026-03-02 10:25:00,5388.041,5390.597,5383.549,5389.946,895,360,0
2026-03-02 10:30:00,5389.742,5393.892,5386.626,5391.354,1073,360,0
2026-03-02 10:35:00,5391.269,5397.799,5390.705,5394.203,874,360,0
2026-03-02 10:40:00,5394.246,5400.515,5392.489,5400.159,897,360,0
2026-03-02 10:45:00,5400.245,5400.719,5394.624,5395.051,684,360,0
2026-03-02 10:50:00,5395.013,5395.68,5383.004,5385.971,1048,360,0
2026-03-02 10:55:00,5386.04,5389.136,5381.595,5389.037,1038,360,0
2026-03-02 11:00:00,5389.116,5394.673,5387.857,5389.142,804,360,0
2026-03-02 11:05:00,5389.253,5390.159,5384.364,5385.894,674,360,0
2026-03-02 11:10:00,5385.842,5388.87,5382.045,5388.353,688,360,0
2026-03-02 11:15:00,5388.296,5397.017,5387.769,5393.89,771,360,0
2026-03-02 11:20:00,5393.627,5393.633,5387.589,5388.631,820,360,0
2026-03-02 11:25:00,5388.608,5393.325,5388.608,5390.466,645,360,0
2026-03-02 11:30:00,5390.383,5397.52,5389.575,5396.727,758,360,0
2026-03-02 11:35:00,5396.923,5399.668,5394.025,5396.035,652,360,0
2026-03-02 11:40:00,5396.028,5396.076,5388.724,5389.177,596,360,0
2026-03-02 11:45:00,5389.201,5389.872,5375.016,5381.0,1715,360,0
2026-03-02 11:50:00,5381.084,5384.161,5378.322,5378.437,1049,360,0
2026-03-02 11:55:00,5378.361,5385.099,5378.361,5385.099,968,360,0
2026-03-02 12:00:00,5385.166,5386.96,5378.761,5386.809,1296,360,0
2026-03-02 12:05:00,5386.92,5392.945,5386.582,5390.849,1068,360,0
2026-03-02 12:10:00,5390.775,5398.064,5390.502,5391.56,1044,360,0
2026-03-02 12:15:00,5391.64,5391.809,5384.729,5386.439,891,360,0
2026-03-02 12:20:00,5386.52,5395.635,5385.826,5394.152,817,360,0
2026-03-02 12:25:00,5394.186,5394.311,5389.876,5393.709,586,360,0
2026-03-02 12:30:00,5394.058,5396.308,5392.938,5395.087,687,360,0
2026-03-02 12:35:00,5395.097,5395.309,5388.689,5392.379,758,360,0
2026-03-02 12:40:00,5392.556,5398.704,5392.145,5396.28,764,360,0
2026-03-02 12:45:00,5396.183,5398.477,5393.182,5395.534,738,360,0
2026-03-02 12:50:00,5395.485,5395.763,5390.688,5391.162,708,360,0
2026-03-02 12:55:00,5391.226,5397.317,5385.255,5396.794,975,360,0
2026-03-02 13:00:00,5396.873,5402.367,5389.363,5401.127,1848,360,0
2026-03-02 13:05:00,5401.358,5410.159,5395.067,5397.387,1935,360,0
2026-03-02 13:10:00,5397.301,5400.85,5381.887,5384.373,2547,360,0
2026-03-02 13:15:00,5384.289,5394.337,5382.317,5392.888,1840,360,0
2026-03-02 13:20:00,5392.903,5408.603,5391.118,5405.577,1873,360,0
2026-03-02 13:25:00,5405.278,5409.139,5397.467,5401.693,2057,360,0
2026-03-02 13:30:00,5401.77,5416.491,5400.433,5400.433,2183,360,0
2026-03-02 13:35:00,5400.487,5404.333,5396.475,5399.358,1819,360,0
2026-03-02 13:40:00,5399.438,5407.186,5392.174,5393.062,1717,360,0
2026-03-02 13:45:00,5393.121,5396.887,5390.834,5395.009,1524,360,0
2026-03-02 13:50:00,5394.922,5398.072,5389.063,5393.28,1389,360,0
2026-03-02 13:55:00,5393.636,5396.961,5391.764,5394.026,1206,360,0
2026-03-02 14:00:00,5393.942,5395.238,5376.557,5376.866,2336,360,0
2026-03-02 14:05:00,5377.083,5386.982,5370.887,5371.196,1926,360,0
2026-03-02 14:10:00,5371.095,5377.776,5363.144,5375.071,3016,360,0
2026-03-02 14:15:00,5375.2,5376.783,5360.813,5364.063,2435,360,0
2026-03-02 14:20:00,5364.203,5369.739,5344.095,5348.003,3889,360,0
2026-03-02 14:25:00,5348.194,5352.181,5306.93,5333.22,8222,360,0
2026-03-02 14:30:00,5333.14,5340.261,5306.37,5316.767,8220,360,0
2026-03-02 14:35:00,5316.661,5350.639,5310.801,5344.793,5775,360,0
2026-03-02 14:40:00,5344.633,5355.661,5344.198,5347.465,3666,360,0
2026-03-02 14:45:00,5347.468,5351.416,5332.382,5341.141,4331,360,0
2026-03-02 14:50:00,5341.309,5343.12,5320.815,5337.097,4527,360,0
2026-03-02 14:55:00,5337.043,5338.255,5327.841,5333.62,3060,360,0
2026-03-02 15:00:00,5333.288,5333.288,5317.624,5330.479,2757,360,0
2026-03-02 15:05:00,5330.319,5346.674,5310.723,5336.046,4818,360,0
2026-03-02 15:10:00,5335.836,5342.478,5324.267,5333.576,3550,360,0
2026-03-02 15:15:00,5333.756,5336.174,5317.232,5322.647,3353,360,0
2026-03-02 15:20:00,5322.568,5334.067,5320.335,5333.402,3106,360,0
2026-03-02 15:25:00,5333.31,5338.888,5326.905,5331.091,2703,360,0
2026-03-02 15:30:00,5331.01,5348.04,5329.861,5345.812,2065,360,0
2026-03-02 15:35:00,5345.89,5348.832,5335.89,5347.672,2354,360,0
2026-03-02 15:40:00,5347.741,5348.429,5337.56,5342.389,1971,360,0
2026-03-02 15:45:00,5342.22,5345.111,5325.656,5334.259,2513,360,0
2026-03-02 15:50:00,5334.111,5336.599,5326.334,5332.954,2205,360,0
2026-03-02 15:55:00,5332.876,5332.925,5308.129,5316.053,2966,360,0
2026-03-02 16:00:00,5315.968,5315.968,5260.224,5273.453,9487,360,0
2026-03-02 16:05:00,5273.211,5295.195,5272.918,5289.283,5116,360,0
2026-03-02 16:10:00,5289.376,5302.226,5283.555,5300.682,3306,360,0
2026-03-02 16:15:00,5300.592,5300.932,5282.514,5285.172,3772,360,0
2026-03-02 16:20:00,5285.08,5300.875,5281.802,5298.967,2977,360,0
2026-03-02 16:25:00,5299.003,5314.274,5299.003,5309.582,2086,360,0
2026-03-02 16:30:00,5309.958,5311.517,5293.374,5297.465,2881,360,0
2026-03-02 16:35:00,5297.395,5306.315,5282.339,5306.134,3542,360,0
2026-03-02 16:40:00,5306.438,5311.892,5297.285,5301.501,2065,360,0
2026-03-02 16:45:00,5301.477,5305.975,5293.625,5298.808,2477,360,0
2026-03-02 16:50:00,5298.704,5303.902,5290.249,5296.141,2554,360,0
2026-03-02 16:55:00,5296.165,5301.481,5289.218,5290.232,2576,360,0
2026-03-02 17:00:00,5290.325,5299.564,5286.721,5299.449,2931,360,0
2026-03-02 17:05:00,5299.758,5309.711,5299.261,5304.07,2162,360,0
2026-03-02 17:10:00,5303.977,5303.977,5293.575,5298.602,1917,360,0
2026-03-02 17:15:00,5298.626,5299.432,5291.999,5296.293,1654,360,0
2026-03-02 17:20:00,5296.208,5305.241,5295.598,5304.664,1764,360,0
2026-03-02 17:25:00,5304.493,5312.038,5302.433,5304.546,1620,360,0
2026-03-02 17:30:00,5304.628,5320.71,5304.27,5319.293,1548,360,0
2026-03-02 17:35:00,5319.405,5319.44,5309.472,5310.112,1376,360,0
2026-03-02 17:40:00,5310.141,5311.056,5303.379,5304.47,1393,360,0
2026-03-02 17:45:00,5304.392,5310.941,5302.317,5305.115,1436,360,0
2026-03-02 17:50:00,5304.941,5306.193,5297.907,5302.919,1405,360,0
2026-03-02 17:55:00,5303.129,5309.934,5302.25,5306.382,1223,360,0
2026-03-02 18:00:00,5306.699,5307.936,5298.113,5299.683,1335,360,0
2026-03-02 18:05:00,5299.805,5301.151,5291.118,5291.931,1275,360,0
2026-03-02 18:10:00,5292.015,5297.385,5289.375,5295.214,1388,360,0
2026-03-02 18:15:00,5295.172,5305.599,5294.533,5302.361,1206,360,0
2026-03-02 18:20:00,5302.442,5305.587,5295.764,5295.898,1129,360,0
2026-03-02 18:25:00,5295.618,5302.31,5293.491,5297.617,1674,360,0
2026-03-02 18:30:00,5297.736,5298.699,5293.362,5298.469,1120,360,0
2026-03-02 18:35:00,5298.247,5299.529,5291.052,5294.394,965,360,0
2026-03-02 18:40:00,5294.464,5303.175,5294.065,5302.984,787,360,0
2026-03-02 18:45:00,5302.932,5312.933,5301.919,5311.003,849,360,0
2026-03-02 18:50:00,5311.066,5316.576,5307.51,5315.278,869,360,0
2026-03-02 18:55:00,5315.175,5315.577,5311.168,5315.279,763,360,0
2026-03-02 19:00:00,5315.294,5326.405,5313.764,5325.034,1054,360,0
2026-03-02 19:05:00,5325.113,5330.262,5322.029,5329.807,1019,360,0
2026-03-02 19:10:00,5329.634,5333.019,5326.513,5330.341,944,360,0
2026-03-02 19:15:00,5330.421,5331.754,5318.708,5325.291,1165,360,0
2026-03-02 19:20:00,5325.382,5326.621,5320.678,5325.139,765,360,0
2026-03-02 19:25:00,5325.223,5332.853,5325.104,5330.603,735,360,0
2026-03-02 19:30:00,5330.68,5331.904,5325.853,5330.454,742,360,0
2026-03-02 19:35:00,5330.281,5333.94,5328.914,5328.914,708,360,0
2026-03-02 19:40:00,5329.011,5330.351,5324.53,5325.141,665,360,0
2026-03-02 19:45:00,5325.062,5330.641,5323.829,5327.939,779,360,0
2026-03-02 19:50:00,5328.276,5328.276,5322.944,5326.692,663,360,0
2026-03-02 19:55:00,5326.604,5332.086,5326.317,5330.516,651,360,0
2026-03-02 20:00:00,5330.605,5333.51,5328.217,5331.415,889,360,0
2026-03-02 20:05:00,5331.505,5343.02,5330.535,5339.316,1701,360,0
2026-03-02 20:10:00,5339.398,5346.172,5337.474,5337.511,1949,360,0
2026-03-02 20:15:00,5337.426,5343.916,5328.61,5329.532,2119,360,0
2026-03-02 20:20:00,5329.635,5344.97,5329.198,5344.092,1809,360,0
2026-03-02 20:25:00,5344.009,5346.085,5329.672,5333.586,1592,360,0
2026-03-02 20:30:00,5333.67,5342.093,5332.018,5337.726,1509,360,0
2026-03-02 20:35:00,5337.641,5344.689,5336.889,5342.168,1008,360,0
2026-03-02 20:40:00,5342.084,5344.68,5341.172,5342.026,833,360,0
2026-03-02 20:45:00,5342.103,5342.132,5334.897,5338.269,1144,360,0
2026-03-02 20:50:00,5338.355,5342.275,5335.073,5339.429,1239,360,0
2026-03-02 20:55:00,5339.341,5342.131,5330.856,5332.341,1927,360,0
2026-03-02 21:00:00,5332.586,5338.262,5331.319,5337.971,1050,360,0
2026-03-02 21:05:00,5338.16,5339.584,5336.134,5339.274,666,360,0
2026-03-02 21:10:00,5339.115,5339.258,5334.327,5335.43,615,360,0
2026-03-02 21:15:00,5335.421,5340.356,5334.908,5338.756,569,360,0
2026-03-02 21:20:00,5338.668,5338.668,5334.127,5336.668,492,360,0
2026-03-02 21:25:00,5336.668,5337.349,5330.974,5332.423,474,360,0
2026-03-02 21:30:00,5332.423,5332.602,5325.828,5329.013,755,360,0
2026-03-02 21:35:00,5329.091,5329.594,5326.685,5328.625,647,360,0
2026-03-02 21:40:00,5328.622,5332.391,5326.792,5330.948,601,360,0
2026-03-02 21:45:00,5330.892,5330.892,5323.823,5327.281,606,360,0
2026-03-02 21:50:00,5327.195,5328.597,5321.635,5324.584,504,360,0
2026-03-02 21:55:00,5324.683,5325.344,5322.103,5322.103,265,360,0
2026-03-02 23:00:00,5332.799,5345.637,5330.933,5344.847,588,500,0
2026-03-02 23:05:00,5345.024,5346.972,5335.996,5337.509,604,500,0
2026-03-02 23:10:00,5337.241,5340.019,5332.986,5338.403,512,360,0
2026-03-02 23:15:00,5338.467,5341.561,5336.87,5338.042,451,360,0
2026-03-02 23:20:00,5337.961,5338.06,5329.212,5336.025,541,360,0
2026-03-02 23:25:00,5335.946,5337.656,5334.789,5336.447,335,360,0
2026-03-02 23:30:00,5336.698,5336.839,5331.261,5333.534,458,360,0
2026-03-02 23:35:00,5333.611,5335.077,5330.811,5331.485,362,360,0
2026-03-02 23:40:00,5331.484,5334.38,5330.415,5330.82,289,360,0
2026-03-02 23:45:00,5330.82,5337.363,5330.222,5336.541,460,360,0
2026-03-02 23:50:00,5336.533,5344.852,5336.533,5341.625,528,360,0
2026-03-02 23:55:00,5341.558,5346.468,5340.0,5345.688,389,360,0
2026-03-03 00:00:00,5345.693,5346.545,5337.019,5342.077,718,360,0
2026-03-03 00:05:00,5341.868,5345.59,5340.46,5342.871,545,360,0
2026-03-03 00:10:00,5342.74,5349.476,5342.194,5348.354,559,360,0
2026-03-03 00:15:00,5348.322,5358.825,5348.077,5355.719,1138,360,0
2026-03-03 00:20:00,5355.767,5358.08,5351.866,5356.773,647,360,0
2026-03-03 00:25:00,5356.718,5358.028,5353.826,5357.702,624,360,0
2026-03-03 00:30:00,5357.79,5361.994,5354.817,5356.141,909,360,0
2026-03-03 00:35:00,5356.163,5356.163,5348.286,5351.281,804,360,0
2026-03-03 00:40:00,5351.059,5357.472,5350.246,5355.022,606,360,0
2026-03-03 00:45:00,5354.814,5359.216,5348.597,5353.334,991,360,0
2026-03-03 00:50:00,5353.49,5355.145,5346.16,5349.771,766,360,0
2026-03-03 00:55:00,5349.847,5353.222,5348.78,5350.306,661,360,0
2026-03-03 01:00:00,5350.272,5363.22,5346.698,5362.696,1874,360,0
2026-03-03 01:05:00,5362.62,5371.808,5361.738,5368.327,1302,360,0
2026-03-03 01:10:00,5368.175,5369.797,5362.156,5368.068,1151,360,0
2026-03-03 01:15:00,5367.899,5373.522,5365.777,5371.643,1335,360,0
2026-03-03 01:20:00,5371.621,5379.694,5370.863,5377.9,1109,360,0
2026-03-03 01:25:00,5377.985,5379.802,5374.716,5377.305,792,360,0
2026-03-03 01:30:00,5377.102,5378.367,5370.192,5375.466,1064,360,0
2026-03-03 01:35:00,5375.378,5377.233,5368.014,5373.102,1190,360,0
2026-03-03 01:40:00,5373.015,5373.671,5363.928,5364.502,1102,360,0
2026-03-03 01:45:00,5364.419,5365.367,5344.115,5351.862,2540,360,0
2026-03-03 01:50:00,5351.944,5362.198,5350.589,5353.056,1926,360,0
2026-03-03 01:55:00,5353.122,5353.221,5337.866,5339.027,3284,360,0
2026-03-03 02:00:00,5339.16,5349.195,5332.521,5347.664,2946,360,0
2026-03-03 02:05:00,5347.748,5357.005,5340.716,5351.97,1690,360,0
2026-03-03 02:10:00,5351.884,5352.842,5343.512,5349.92,1582,360,0
2026-03-03 02:15:00,5349.997,5354.553,5344.216,5348.701,1526,360,0
2026-03-03 02:20:00,5348.745,5355.461,5347.861,5353.761,1050,360,0
2026-03-03 02:25:00,5353.838,5359.43,5351.706,5358.685,937,360,0
2026-03-03 02:30:00,5358.768,5365.217,5355.913,5359.131,1406,360,0
2026-03-03 02:35:00,5359.019,5363.851,5355.604,5358.478,1324,360,0
2026-03-03 02:40:00,5358.734,5362.571,5355.484,5360.842,950,360,0
2026-03-03 02:45:00,5360.825,5367.3,5359.554,5363.739,970,360,0
2026-03-03 02:50:00,5364.028,5365.294,5358.774,5363.72,1050,360,0
2026-03-03 02:55:00,5363.878,5368.001,5363.878,5367.011,759,360,0
2026-03-03 03:00:00,5367.115,5371.33,5366.274,5369.079,733,360,0
2026-03-03 03:05:00,5368.925,5371.002,5367.427,5370.352,729,360,0
2026-03-03 03:10:00,5370.114,5371.172,5364.699,5366.742,898,360,0
2026-03-03 03:15:00,5366.656,5369.513,5363.779,5366.891,798,360,0
2026-03-03 03:20:00,5367.06,5373.593,5366.015,5371.377,852,360,0
2026-03-03 03:25:00,5371.136,5371.566,5366.018,5367.417,821,360,0
2026-03-03 03:30:00,5367.038,5369.464,5365.775,5368.881,562,360,0
2026-03-03 03:35:00,5368.604,5369.073,5365.805,5366.431,501,360,0
2026-03-03 03:40:00,5366.687,5370.718,5365.318,5368.936,559,360,0
2026-03-03 03:45:00,5369.101,5369.801,5364.323,5366.911,579,360,0
2026-03-03 03:50:00,5366.837,5367.385,5359.109,5362.586,595,360,0
2026-03-03 03:55:00,5362.424,5367.503,5361.59,5367.226,551,360,0
2026-03-03 04:00:00,5367.283,5367.866,5361.492,5364.751,655,360,0
2026-03-03 04:05:00,5364.729,5366.483,5362.177,5364.757,646,360,0
2026-03-03 04:10:00,5364.647,5364.935,5359.453,5361.804,522,360,0
2026-03-03 04:15:00,5361.781,5367.058,5359.267,5366.862,629,360,0
2026-03-03 04:20:00,5367.06,5372.186,5367.025,5369.494,632,360,0
2026-03-03 04:25:00,5369.621,5375.485,5369.621,5372.017,582,360,0
2026-03-03 04:30:00,5372.055,5375.569,5371.126,5371.776,540,360,0
2026-03-03 04:35:00,5371.774,5372.267,5367.346,5368.861,645,360,0
2026-03-03 04:40:00,5368.939,5371.949,5368.476,5369.722,482,360,0
2026-03-03 04:45:00,5369.739,5370.087,5363.336,5364.003,555,360,0
2026-03-03 04:50:00,5364.0,5366.919,5362.121,5364.479,954,360,0
2026-03-03 04:55:00,5364.494,5367.623,5360.702,5361.083,922,360,0
2026-03-03 05:00:00,5360.867,5366.119,5354.843,5362.087,1323,360,0
2026-03-03 05:05:00,5362.011,5365.751,5358.671,5365.606,717,360,0
2026-03-03 05:10:00,5365.52,5366.926,5360.992,5362.298,663,360,0
2026-03-03 05:15:00,5362.376,5364.252,5352.938,5358.934,1083,360,0
2026-03-03 05:20:00,5358.765,5360.172,5355.893,5358.764,729,360,0
2026-03-03 05:25:00,5358.935,5361.655,5357.392,5358.737,576,360,0
2026-03-03 05:30:00,5358.58,5359.363,5342.105,5348.562,2082,360,0
2026-03-03 05:35:00,5348.204,5348.384,5334.101,5337.895,1679,360,0
2026-03-03 05:40:00,5337.798,5346.115,5334.431,5345.234,1476,360,0
2026-03-03 05:45:00,5345.141,5346.609,5321.756,5326.183,2217,360,0
2026-03-03 05:50:00,5326.27,5329.236,5307.949,5316.717,2833,360,0
2026-03-03 05:55:00,5316.735,5320.129,5304.905,5318.883,2560,360,0
2026-03-03 06:00:00,5318.982,5323.009,5313.808,5316.513,1739,360,0
2026-03-03 06:05:00,5316.593,5322.424,5302.981,5309.44,2590,360,0
2026-03-03 06:10:00,5309.602,5314.363,5279.028,5289.514,3552,360,0
2026-03-03 06:15:00,5289.602,5305.198,5288.117,5302.508,2536,360,0
2026-03-03 06:20:00,5302.525,5314.895,5302.525,5308.306,1625,360,0
2026-03-03 06:25:00,5308.327,5319.356,5306.989,5316.51,1421,360,0
2026-03-03 06:30:00,5316.405,5319.383,5312.436,5313.901,1237,360,0
2026-03-03 06:35:00,5313.862,5315.977,5295.834,5306.945,2624,360,0
2026-03-03 06:40:00,5306.899,5314.776,5306.899,5310.246,1513,360,0
2026-03-03 06:45:00,5310.324,5315.084,5303.037,5304.165,1663,360,0
2026-03-03 06:50:00,5304.178,5306.761,5290.837,5302.979,1782,360,0
2026-03-03 06:55:00,5303.058,5312.385,5301.64,5310.496,1250,360,0
2026-03-03 07:00:00,5310.266,5315.745,5305.997,5313.934,1324,360,0
2026-03-03 07:05:00,5313.951,5318.232,5312.572,5313.35,904,360,0
2026-03-03 07:10:00,5313.344,5315.667,5309.176,5314.803,970,360,0
2026-03-03 07:15:00,5314.886,5320.05,5309.846,5316.964,962,360,0
2026-03-03 07:20:00,5317.012,5317.965,5311.12,5312.528,1300,360,0
2026-03-03 07:25:00,5312.597,5318.4,5311.397,5313.476,991,360,0
2026-03-03 07:30:00,5313.568,5320.749,5313.568,5320.749,1003,360,0
2026-03-03 07:35:00,5320.606,5325.819,5315.7,5325.119,907,360,0
2026-03-03 07:40:00,5325.029,5328.165,5321.024,5326.168,968,360,0
2026-03-03 07:45:00,5326.285,5329.257,5323.519,5324.562,873,360,0
2026-03-03 07:50:00,5324.562,5330.874,5324.562,5329.492,1015,360,0
2026-03-03 07:55:00,5329.204,5331.227,5324.59,5327.461,1034,360,0
2026-03-03 08:00:00,5327.358,5332.945,5325.308,5331.986,1073,360,0
2026-03-03 08:05:00,5332.133,5335.658,5324.372,5326.312,1197,360,0
2026-03-03 08:10:00,5326.234,5326.994,5319.584,5319.854,1032,360,0
2026-03-03 08:15:00,5319.534,5327.778,5317.267,5327.47,984,360,0
2026-03-03 08:20:00,5327.469,5328.435,5313.14,5316.156,1010,360,0
2026-03-03 08:25:00,5316.08,5319.365,5310.583,5312.233,1243,360,0
2026-03-03 08:30:00,5312.335,5313.407,5301.709,5303.61,1518,360,0
2026-03-03 08:35:00,5303.655,5311.743,5299.334,5299.992,1214,360,0
2026-03-03 08:40:00,5300.027,5307.887,5295.785,5305.025,1497,360,0
2026-03-03 08:45:00,5305.203,5310.994,5304.97,5310.301,1004,360,0
2026-03-03 08:50:00,5309.963,5311.228,5300.211,5302.482,1323,360,0
2026-03-03 08:55:00,5302.518,5302.518,5290.025,5295.418,1547,360,0
2026-03-03 09:00:00,5295.641,5303.517,5289.254,5289.254,1565,360,0
2026-03-03 09:05:00,5289.138,5297.234,5284.326,5295.406,1896,360,0
2026-03-03 09:10:00,5295.242,5303.391,5293.574,5296.365,1435,360,0
2026-03-03 09:15:00,5296.319,5302.546,5292.323,5295.05,1486,360,0
2026-03-03 09:20:00,5295.178,5299.638,5281.182,5285.447,1527,360,0
2026-03-03 09:25:00,5285.525,5285.726,5225.943,5242.25,7500,360,0
2026-03-03 09:30:00,5242.422,5270.24,5240.416,5266.269,3988,360,0
2026-03-03 09:35:00,5266.179,5270.743,5262.679,5265.838,2345,360,0
2026-03-03 09:40:00,5265.979,5269.544,5259.028,5263.977,2577,360,0
2026-03-03 09:45:00,5264.14,5271.039,5259.596,5263.898,2116,360,0
2026-03-03 09:50:00,5263.802,5280.078,5262.591,5278.812,1851,360,0
2026-03-03 09:55:00,5278.708,5280.884,5269.404,5274.747,1459,360,0
2026-03-03 10:00:00,5274.665,5287.929,5268.908,5283.345,1208,360,0
2026-03-03 10:05:00,5283.61,5286.058,5269.682,5275.163,1478,360,0
2026-03-03 10:10:00,5275.479,5280.335,5271.396,5272.681,1191,360,0
2026-03-03 10:15:00,5272.905,5274.317,5265.717,5269.41,1312,360,0
2026-03-03 10:20:00,5269.517,5276.816,5268.6,5275.443,1157,360,0
2026-03-03 10:25:00,5275.681,5281.137,5271.333,5276.728,1104,360,0
2026-03-03 10:30:00,5276.825,5276.825,5265.147,5269.191,1872,360,0
2026-03-03 10:35:00,5269.293,5271.569,5247.532,5252.299,2552,360,0
2026-03-03 10:40:00,5252.383,5267.844,5252.383,5260.606,1930,360,0
2026-03-03 10:45:00,5260.67,5260.749,5246.606,5249.519,2862,360,0
2026-03-03 10:50:00,5249.597,5255.988,5240.154,5245.032,3407,360,0
2026-03-03 10:55:00,5244.951,5254.682,5237.945,5248.377,2441,360,0
2026-03-03 11:00:00,5248.157,5263.923,5245.077,5250.26,2305,360,0
2026-03-03 11:05:00,5250.181,5252.09,5159.837,5171.07,7901,360,0
2026-03-03 11:10:00,5171.261,5210.414,5162.353,5198.815,7009,360,0
2026-03-03 11:15:00,5198.431,5204.944,5176.833,5204.16,5619,360,0
2026-03-03 11:20:00,5204.281,5209.211,5184.684,5187.858,4974,360,0
2026-03-03 11:25:00,5187.77,5193.673,5112.982,5126.77,8196,360,0
2026-03-03 11:30:00,5126.664,5140.366,5073.2,5117.302,12457,360,0
2026-03-03 11:35:00,5117.107,5143.316,5111.468,5133.895,7002,360,0
2026-03-03 11:40:00,5134.085,5135.94,5104.138,5124.595,6303,360,0
2026-03-03 11:45:00,5124.505,5149.712,5123.289,5142.625,5314,360,0
2026-03-03 11:50:00,5142.527,5152.949,5137.173,5152.949,4237,360,0
2026-03-03 11:55:00,5153.044,5157.51,5140.825,5144.538,3644,360,0
2026-03-03 12:00:00,5144.613,5154.281,5138.169,5154.281,5665,360,0
2026-03-03 12:05:00,5153.969,5179.676,5153.869,5176.968,4120,360,0
2026-03-03 12:10:00,5177.071,5192.766,5177.071,5192.451,3433,360,0
2026-03-03 12:15:00,5192.543,5195.017,5181.387,5191.749,2458,360,0
2026-03-03 12:20:00,5191.596,5198.54,5182.032,5198.54,2569,360,0
2026-03-03 12:25:00,5198.62,5208.515,5192.222,5204.206,2699,360,0
2026-03-03 12:30:00,5204.115,5212.064,5188.623,5199.241,2937,360,0
2026-03-03 12:35:00,5199.113,5207.547,5193.371,5206.061,1818,360,0
2026-03-03 12:40:00,5205.913,5211.467,5201.251,5202.857,2049,360,0
2026-03-03 12:45:00,5202.789,5205.447,5197.427,5202.147,1879,360,0
2026-03-03 12:50:00,5202.066,5209.55,5195.99,5208.915,2641,360,0
2026-03-03 12:55:00,5208.835,5226.543,5208.553,5224.34,2699,360,0
2026-03-03 13:00:00,5224.452,5224.452,5174.699,5174.828,9129,360,0
2026-03-03 13:05:00,5174.649,5183.439,5148.211,5152.61,6621,360,0
2026-03-03 13:10:00,5152.809,5176.609,5145.965,5164.173,5222,360,0
2026-03-03 13:15:00,5163.97,5176.518,5159.277,5174.976,4074,240,0
2026-03-03 13:20:00,5174.786,5184.45,5159.68,5171.41,3867,360,0
2026-03-03 13:25:00,5171.519,5180.664,5165.132,5178.039,3217,360,0
2026-03-03 13:30:00,5177.683,5186.023,5169.517,5179.516,3371,360,0
2026-03-03 13:35:00,5179.43,5179.668,5155.2,5158.366,3201,360,0
2026-03-03 13:40:00,5158.221,5160.019,5147.672,5156.351,2967,264,0
2026-03-03 13:45:00,5156.116,5156.116,5127.152,5151.587,3792,264,0
2026-03-03 13:50:00,5151.719,5152.265,5132.913,5143.293,3236,264,0
2026-03-03 13:55:00,5143.149,5159.21,5140.368,5156.412,2299,240,0
2026-03-03 14:00:00,5156.315,5167.475,5149.916,5159.098,3899,360,0
2026-03-03 14:05:00,5159.148,5175.501,5157.252,5166.914,2810,360,0
2026-03-03 14:10:00,5166.992,5172.945,5163.651,5165.093,2508,360,0
2026-03-03 14:15:00,5164.738,5166.561,5140.541,5141.263,3524,360,0
2026-03-03 14:20:00,5141.187,5143.874,5125.01,5125.244,3460,240,0
2026-03-03 14:25:00,5125.159,5147.472,5124.955,5145.738,3233,240,0
2026-03-03 14:30:00,5145.661,5145.661,5114.037,5120.645,8852,360,0
2026-03-03 14:35:00,5120.731,5133.034,5102.221,5124.709,7665,360,0
2026-03-03 14:40:00,5124.8,5126.33,5061.584,5071.423,9369,360,0
2026-03-03 14:45:00,5071.34,5076.398,5050.869,5056.965,9537,360,0
2026-03-03 14:50:00,5056.804,5058.553,5015.763,5048.675,11435,360,0
2026-03-03 14:55:00,5048.337,5063.536,5034.856,5038.123,9772,360,0
2026-03-03 15:00:00,5038.443,5070.258,5031.026,5032.664,10629,360,0
2026-03-03 15:05:00,5032.995,5064.542,5025.745,5045.726,7362,360,0
2026-03-03 15:10:00,5045.871,5053.571,5025.331,5039.72,7887,264,0
2026-03-03 15:15:00,5039.814,5045.014,4995.774,5025.017,6848,240,0
2026-03-03 15:20:00,5024.935,5046.421,5018.871,5040.181,5600,240,0
2026-03-03 15:25:00,5040.104,5053.274,5037.684,5043.776,5979,240,0
2026-03-03 15:30:00,5043.683,5062.045,5037.032,5057.219,5682,240,0
2026-03-03 15:35:00,5057.396,5069.682,5050.813,5067.329,4129,240,0
2026-03-03 15:40:00,5067.248,5070.355,5055.827,5061.726,4241,240,0
2026-03-03 15:45:00,5061.578,5077.046,5054.283,5073.18,4318,240,0
2026-03-03 15:50:00,5073.136,5085.653,5061.84,5081.16,4538,240,0
2026-03-03 15:55:00,5081.244,5096.951,5075.781,5095.336,3983,240,0
2026-03-03 16:00:00,5095.25,5110.508,5090.315,5108.398,4279,240,0
2026-03-03 16:05:00,5108.2,5122.672,5107.313,5112.443,3484,240,0
2026-03-03 16:10:00,5112.518,5115.075,5100.071,5107.857,3575,240,0
2026-03-03 16:15:00,5107.719,5113.564,5099.458,5107.058,3595,240,0
2026-03-03 16:20:00,5107.334,5125.944,5104.159,5121.307,3751,240,0
2026-03-03 16:25:00,5121.387,5125.472,5112.578,5112.578,3340,240,0
2026-03-03 16:30:00,5112.527,5117.311,5107.107,5112.139,3779,240,0
2026-03-03 16:35:00,5112.09,5134.761,5110.88,5123.49,4097,264,0
2026-03-03 16:40:00,5123.41,5126.038,5107.162,5111.45,4106,264,0
2026-03-03 16:45:00,5111.727,5115.587,5100.464,5109.732,3582,240,0
2026-03-03 16:50:00,5109.977,5113.475,5102.028,5110.838,3083,240,0
2026-03-03 16:55:00,5111.027,5111.686,5098.043,5106.513,3260,240,0
2026-03-03 17:00:00,5106.814,5107.569,5081.697,5087.01,4309,240,0
2026-03-03 17:05:00,5087.098,5093.9,5080.79,5092.624,3260,240,0
2026-03-03 17:10:00,5092.538,5099.241,5088.385,5098.03,3069,240,0
2026-03-03 17:15:00,5098.118,5109.67,5097.653,5105.978,2676,240,0
2026-03-03 17:20:00,5105.894,5107.529,5093.127,5095.964,2275,240,0
2026-03-03 17:25:00,5096.082,5097.937,5081.611,5083.514,2596,240,0
2026-03-03 17:30:00,5083.382,5086.132,5071.189,5074.853,2834,240,0
2026-03-03 17:35:00,5074.912,5078.112,5065.085,5075.272,2786,240,0
2026-03-03 17:40:00,5075.155,5085.509,5071.346,5078.789,2892,240,0
2026-03-03 17:45:00,5078.653,5084.368,5077.002,5081.883,2629,240,0
2026-03-03 17:50:00,5081.952,5081.952,5068.247,5073.123,2363,240,0
2026-03-03 17:55:00,5072.978,5082.445,5067.597,5078.935,2445,240,0
2026-03-03 18:00:00,5078.827,5093.98,5078.717,5091.793,2736,240,0
2026-03-03 18:05:00,5091.732,5101.652,5090.168,5098.36,2402,240,0
2026-03-03 18:10:00,5098.311,5103.888,5095.77,5103.048,2290,240,0
2026-03-03 18:15:00,5103.182,5105.186,5097.254,5100.084,1772,240,0
2026-03-03 18:20:00,5099.688,5100.987,5093.485,5097.831,2362,240,0
2026-03-03 18:25:00,5097.754,5117.327,5097.398,5112.345,2580,240,0
2026-03-03 18:30:00,5112.266,5118.343,5106.883,5115.834,2395,240,0
2026-03-03 18:35:00,5116.031,5133.405,5112.725,5132.654,2444,240,0
2026-03-03 18:40:00,5132.7,5137.137,5129.794,5133.161,1906,240,0
2026-03-03 18:45:00,5133.09,5136.09,5126.813,5132.953,1633,240,0
2026-03-03 18:50:00,5133.049,5138.268,5132.235,5136.493,1554,240,0
2026-03-03 18:55:00,5136.539,5138.177,5130.637,5136.081,2096,240,0
2026-03-03 19:00:00,5135.993,5149.015,5134.006,5140.136,2074,240,0
2026-03-03 19:05:00,5140.193,5141.982,5127.167,5127.872,2060,264,0
2026-03-03 19:10:00,5127.787,5128.121,5109.867,5112.392,2273,240,0
2026-03-03 19:15:00,5112.468,5121.087,5102.163,5113.689,2152,240,0
2026-03-03 19:20:00,5113.773,5120.779,5112.131,5116.992,1469,240,0
2026-03-03 19:25:00,5116.915,5117.079,5102.489,5106.733,1664,240,0
2026-03-03 19:30:00,5106.87,5112.253,5100.52,5101.969,1638,240,0
2026-03-03 19:35:00,5101.6,5114.214,5099.168,5111.256,2978,240,0
2026-03-03 19:40:00,5111.365,5118.916,5108.036,5118.916,2701,360,0
2026-03-03 19:45:00,5118.887,5128.486,5116.994,5123.067,2073,360,0
2026-03-03 19:50:00,5123.152,5126.007,5113.117,5120.455,2166,240,0
2026-03-03 19:55:00,5120.509,5121.202,5107.192,5113.296,2077,240,0
2026-03-03 20:00:00,5113.236,5127.038,5113.023,5116.196,2155,240,0
2026-03-03 20:05:00,5116.439,5120.026,5112.081,5114.548,1963,240,0
2026-03-03 20:10:00,5114.653,5123.011,5114.653,5119.074,1864,360,0
2026-03-03 20:15:00,5118.998,5121.264,5113.863,5115.564,1853,360,0
2026-03-03 20:20:00,5115.669,5130.138,5115.669,5129.218,1734,240,0
2026-03-03 20:25:00,5129.31,5130.232,5122.243,5123.159,1508,360,0
2026-03-03 20:30:00,5123.02,5126.322,5110.46,5115.733,1520,240,0
2026-03-03 20:35:00,5115.532,5121.816,5107.213,5109.644,1455,240,0
2026-03-03 20:40:00,5109.722,5113.017,5102.326,5111.278,1748,240,0
2026-03-03 20:45:00,5111.245,5113.098,5100.845,5104.488,1413,240,0
2026-03-03 20:50:00,5104.412,5106.232,5085.987,5095.73,3170,240,0
2026-03-03 20:55:00,5095.862,5101.953,5094.131,5097.119,2886,264,0
2026-03-03 21:00:00,5097.2,5106.711,5094.262,5105.022,1375,240,0
2026-03-03 21:05:00,5104.917,5110.184,5101.065,5101.068,734,360,0
2026-03-03 21:10:00,5101.287,5104.646,5097.917,5098.745,637,240,0
2026-03-03 21:15:00,5098.671,5100.756,5088.941,5093.922,2890,360,0
2026-03-03 21:20:00,5093.864,5099.413,5093.506,5099.164,2936,240,0
2026-03-03 21:25:00,5099.362,5101.403,5089.314,5089.413,1608,360,0
2026-03-03 21:30:00,5089.554,5092.612,5083.73,5092.586,548,360,0
2026-03-03 21:35:00,5092.206,5094.194,5085.707,5089.462,663,360,0
2026-03-03 21:40:00,5089.474,5096.218,5088.296,5091.878,668,360,0
2026-03-03 21:45:00,5091.881,5093.033,5084.206,5087.366,760,240,0
2026-03-03 21:50:00,5087.411,5090.882,5083.103,5088.023,1194,240,0
2026-03-03 21:55:00,5087.895,5093.546,5087.64,5090.324,576,360,0
2026-03-03 23:00:00,5110.94,5114.019,5084.643,5111.42,1916,500,0
2026-03-03 23:05:00,5111.726,5116.141,5104.819,5105.749,772,500,0
2026-03-03 23:10:00,5105.717,5118.224,5105.604,5117.353,750,360,0
2026-03-03 23:15:00,5117.296,5128.003,5116.214,5121.746,1057,360,0
2026-03-03 23:20:00,5121.671,5127.465,5118.57,5124.261,680,360,0
2026-03-03 23:25:00,5123.994,5126.548,5120.082,5126.356,615,360,0
2026-03-03 23:30:00,5126.49,5127.557,5121.743,5126.649,832,360,0
2026-03-03 23:35:00,5126.523,5128.341,5117.068,5117.612,622,360,0
2026-03-03 23:40:00,5117.756,5125.642,5116.304,5125.337,587,360,0
2026-03-03 23:45:00,5125.41,5129.696,5124.125,5126.498,649,360,0
2026-03-03 23:50:00,5126.478,5126.478,5120.119,5124.135,595,360,0
2026-03-03 23:55:00,5124.341,5127.209,5122.37,5125.083,530,360,0
2026-03-04 00:00:00,5125.088,5126.177,5105.746,5114.695,1697,240,0
2026-03-04 00:05:00,5114.786,5116.428,5107.001,5116.428,1424,240,0
2026-03-04 00:10:00,5116.391,5120.232,5112.512,5115.771,1288,360,0
2026-03-04 00:15:00,5115.854,5126.931,5113.187,5125.803,1143,360,0
2026-03-04 00:20:00,5125.726,5128.764,5115.112,5119.538,1190,360,0
2026-03-04 00:25:00,5119.189,5127.526,5116.865,5125.028,880,240,0
2026-03-04 00:30:00,5125.02,5130.345,5123.188,5124.783,911,240,0
2026-03-04 00:35:00,5124.816,5126.594,5122.401,5123.498,695,240,0
2026-03-04 00:40:00,5123.638,5137.347,5123.638,5132.401,1058,240,0
2026-03-04 00:45:00,5132.265,5139.912,5131.54,5139.642,1421,240,0
2026-03-04 00:50:00,5139.682,5140.408,5127.585,5129.537,1149,240,0
2026-03-04 00:55:00,5129.46,5139.053,5128.269,5138.584,906,240,0
2026-03-04 01:00:00,5138.368,5158.385,5138.277,5154.515,3321,240,0
2026-03-04 01:05:00,5154.736,5156.489,5147.827,5152.473,2083,240,0
2026-03-04 01:10:00,5152.581,5162.647,5152.581,5159.717,2027,240,0
2026-03-04 01:15:00,5159.518,5164.359,5154.52,5162.598,1968,264,0
2026-03-04 01:20:00,5162.879,5163.908,5153.146,5159.081,2218,360,0
2026-03-04 01:25:00,5159.018,5161.266,5146.52,5147.142,2292,240,0
2026-03-04 01:30:00,5147.046,5153.933,5142.392,5145.161,2932,240,0
2026-03-04 01:35:00,5145.238,5158.608,5145.238,5153.055,2255,240,0
2026-03-04 01:40:00,5152.935,5163.569,5151.578,5162.987,2092,240,0
2026-03-04 01:45:00,5163.281,5173.911,5158.203,5173.245,2264,240,0
2026-03-04 01:50:00,5173.372,5178.567,5168.427,5171.795,2005,240,0
2026-03-04 01:55:00,5171.838,5176.412,5169.189,5174.636,1465,240,0
2026-03-04 02:00:00,5174.556,5177.539,5168.308,5170.569,1796,240,0
2026-03-04 02:05:00,5170.59,5185.008,5169.424,5184.336,1346,240,0
2026-03-04 02:10:00,5184.436,5190.818,5181.898,5189.956,1444,264,0
2026-03-04 02:15:00,5190.178,5190.178,5179.056,5183.722,1402,264,0
2026-03-04 02:20:00,5183.717,5185.184,5177.449,5178.618,1189,240,0
2026-03-04 02:25:00,5178.656,5181.578,5175.883,5177.733,1179,264,0
2026-03-04 02:30:00,5177.859,5179.82,5168.878,5170.173,1836,240,0
2026-03-04 02:35:00,5170.272,5172.318,5164.005,5171.704,1495,240,0
2026-03-04 02:40:00,5171.814,5180.052,5171.254,5180.052,1128,240,0
2026-03-04 02:45:00,5180.274,5180.959,5163.219,5165.367,1366,240,0
2026-03-04 02:50:00,5165.449,5171.879,5162.08,5163.362,1612,240,0
2026-03-04 02:55:00,5163.452,5166.31,5153.671,5155.952,1996,264,0
2026-03-04 03:00:00,5156.369,5160.116,5141.67,5143.046,2108,264,0
2026-03-04 03:05:00,5143.153,5153.105,5140.918,5152.208,1717,240,0
2026-03-04 03:10:00,5152.287,5157.103,5151.43,5156.088,1066,240,0
2026-03-04 03:15:00,5155.996,5162.05,5151.722,5160.479,1232,240,0
2026-03-04 03:20:00,5160.825,5166.345,5159.993,5165.406,1011,240,0
2026-03-04 03:25:00,5165.432,5167.967,5158.325,5162.298,1039,240,0
2026-03-04 03:30:00,5162.221,5167.68,5156.699,5156.988,1544,240,0
2026-03-04 03:35:00,5156.795,5161.462,5153.751,5160.278,1471,240,0
2026-03-04 03:40:00,5160.653,5164.568,5160.086,5162.765,1240,240,0
2026-03-04 03:45:00,5162.516,5167.549,5159.516,5166.328,946,240,0
2026-03-04 03:50:00,5166.466,5172.139,5165.262,5169.371,1033,240,0
2026-03-04 03:55:00,5169.031,5177.579,5166.957,5174.323,1098,240,0
2026-03-04 04:00:00,5174.395,5177.769,5171.998,5174.78,784,240,0
2026-03-04 04:05:00,5174.86,5178.844,5172.933,5174.249,782,240,0
2026-03-04 04:10:00,5174.15,5180.805,5171.858,5174.064,892,240,0
2026-03-04 04:15:00,5174.144,5174.209,5166.567,5169.002,864,240,0
2026-03-04 04:20:00,5169.191,5170.511,5164.081,5165.112,746,240,0
2026-03-04 04:25:00,5165.119,5171.321,5162.969,5167.786,964,240,0
2026-03-04 04:30:00,5167.884,5170.634,5162.85,5170.46,1143,240,0
2026-03-04 04:35:00,5170.479,5170.479,5161.922,5164.788,832,240,0
2026-03-04 04:40:00,5164.456,5164.456,5152.011,5161.831,1471,240,0
2026-03-04 04:45:00,5161.73,5165.112,5155.436,5155.436,949,240,0
2026-03-04 04:50:00,5155.358,5160.389,5155.324,5158.176,843,240,0
2026-03-04 04:55:00,5158.189,5160.201,5154.592,5156.766,777,240,0
2026-03-04 05:00:00,5156.837,5160.706,5152.537,5154.198,1301,240,0
2026-03-04 05:05:00,5154.283,5162.232,5152.108,5158.509,1044,240,0
2026-03-04 05:10:00,5158.546,5166.173,5158.28,5161.213,929,240,0
2026-03-04 05:15:00,5161.162,5165.782,5158.299,5158.435,1043,240,0
2026-03-04 05:20:00,5158.47,5159.726,5152.914,5153.659,984,240,0
2026-03-04 05:25:00,5153.489,5157.063,5152.886,5156.716,756,240,0
2026-03-04 05:30:00,5156.549,5165.863,5155.154,5165.072,1236,240,0
2026-03-04 05:35:00,5165.186,5166.078,5158.471,5161.479,1160,240,0
2026-03-04 05:40:00,5161.564,5167.46,5155.859,5160.035,1437,240,0
2026-03-04 05:45:00,5159.993,5167.35,5154.208,5166.037,1383,240,0
2026-03-04 05:50:00,5165.96,5167.863,5157.546,5158.068,1181,240,0
2026-03-04 05:55:00,5158.157,5162.187,5153.981,5159.979,1256,240,0
2026-03-04 06:00:00,5159.903,5159.903,5141.324,5141.99,1748,240,0
2026-03-04 06:05:00,5142.086,5144.242,5121.464,5141.938,2709,240,0
2026-03-04 06:10:00,5141.895,5148.46,5137.914,5142.093,1609,240,0
2026-03-04 06:15:00,5141.795,5150.098,5139.871,5144.57,1485,240,0
2026-03-04 06:20:00,5144.565,5145.135,5128.598,5134.716,1638,240,0
2026-03-04 06:25:00,5134.644,5140.296,5133.574,5134.137,1347,240,0
2026-03-04 06:30:00,5134.388,5153.228,5132.484,5151.265,1654,240,0
2026-03-04 06:35:00,5151.341,5156.072,5148.738,5148.738,1398,240,0
2026-03-04 06:40:00,5148.75,5153.613,5145.857,5148.49,1094,240,0
2026-03-04 06:45:00,5148.368,5153.373,5146.716,5149.677,1165,240,0
2026-03-04 06:50:00,5149.523,5157.789,5147.79,5151.13,1248,240,0
2026-03-04 06:55:00,5150.999,5160.825,5150.959,5160.506,1053,240,0
2026-03-04 07:00:00,5160.464,5170.545,5158.192,5167.143,1596,240,0
2026-03-04 07:05:00,5167.104,5174.869,5166.168,5174.579,1263,240,0
2026-03-04 07:10:00,5174.654,5176.051,5165.396,5167.248,1286,360,0
2026-03-04 07:15:00,5167.57,5169.638,5163.523,5165.733,1132,240,0
2026-03-04 07:20:00,5165.693,5172.756,5165.163,5171.434,914,240,0
2026-03-04 07:25:00,5171.615,5174.401,5167.384,5167.532,1047,360,0
2026-03-04 07:30:00,5167.538,5170.31,5163.561,5167.299,820,240,0
2026-03-04 07:35:00,5167.379,5172.933,5165.228,5171.836,651,240,0
2026-03-04 07:40:00,5172.111,5172.363,5163.712,5169.26,788,240,0
2026-03-04 07:45:00,5169.602,5175.797,5168.702,5175.223,717,240,0
2026-03-04 07:50:00,5175.144,5175.261,5171.048,5171.472,648,240,0
2026-03-04 07:55:00,5171.321,5171.82,5168.121,5168.182,611,240,0
2026-03-04 08:00:00,5168.275,5172.085,5156.958,5156.958,1213,240,0
2026-03-04 08:05:00,5156.788,5160.524,5147.285,5148.822,2576,240,0
2026-03-04 08:10:00,5148.902,5157.793,5148.655,5157.173,1258,240,0
2026-03-04 08:15:00,5157.258,5161.366,5152.45,5154.66,943,240,0
2026-03-04 08:20:00,5154.579,5168.487,5152.412,5163.877,1020,240,0
2026-03-04 08:25:00,5163.785,5164.487,5157.063,5162.771,909,240,0
2026-03-04 08:30:00,5162.915,5167.576,5161.606,5165.236,1198,240,0
2026-03-04 08:35:00,5165.318,5170.306,5164.012,5170.115,826,240,0
2026-03-04 08:40:00,5170.061,5175.918,5168.66,5175.325,1189,240,0
2026-03-04 08:45:00,5175.409,5181.456,5174.862,5180.817,909,240,0
2026-03-04 08:50:00,5180.853,5182.155,5172.188,5174.585,684,240,0
2026-03-04 08:55:00,5174.368,5174.855,5166.139,5167.386,1238,240,0
2026-03-04 09:00:00,5167.301,5169.185,5160.851,5164.66,1373,240,0
2026-03-04 09:05:00,5164.923,5168.208,5159.317,5165.546,1315,240,0
2026-03-04 09:10:00,5165.661,5171.449,5163.098,5164.23,1080,240,0
2026-03-04 09:15:00,5164.047,5175.407,5162.06,5174.997,1533,360,0
2026-03-04 09:20:00,5174.979,5178.306,5173.227,5176.689,841,240,0
2026-03-04 09:25:00,5176.766,5177.152,5169.961,5170.889,643,240,0
2026-03-04 09:30:00,5170.802,5174.513,5168.938,5173.44,661,360,0
2026-03-04 09:35:00,5173.612,5185.143,5173.612,5183.446,806,240,0
2026-03-04 09:40:00,5183.413,5183.8,5178.576,5182.572,760,240,0
2026-03-04 09:45:00,5182.648,5184.8,5179.231,5182.211,873,360,0
2026-03-04 09:50:00,5182.134,5183.504,5179.044,5179.576,758,264,0
2026-03-04 09:55:00,5179.36,5182.407,5176.032,5182.407,1127,240,0
2026-03-04 10:00:00,5182.278,5186.439,5182.226,5185.276,600,240,0
2026-03-04 10:05:00,5185.595,5194.775,5185.234,5194.575,1494,360,0
2026-03-04 10:10:00,5194.497,5198.044,5189.346,5197.722,1815,240,0
2026-03-04 10:15:00,5197.917,5202.319,5191.708,5192.71,1874,360,0
2026-03-04 10:20:00,5192.617,5193.308,5186.745,5188.874,1054,240,0
2026-03-04 10:25:00,5188.879,5192.857,5186.772,5188.204,1104,360,0
2026-03-04 10:30:00,5188.301,5189.747,5182.593,5186.912,1179,360,0
2026-03-04 10:35:00,5187.008,5188.202,5179.497,5187.762,1087,360,0
2026-03-04 10:40:00,5187.718,5191.025,5183.979,5185.385,850,360,0
2026-03-04 10:45:00,5185.463,5187.166,5181.611,5187.166,816,240,0
2026-03-04 10:50:00,5186.996,5188.052,5183.455,5187.802,865,360,0
2026-03-04 10:55:00,5187.826,5193.577,5186.052,5189.894,712,240,0
2026-03-04 11:00:00,5189.817,5192.933,5189.137,5190.99,659,264,0
2026-03-04 11:05:00,5191.298,5192.016,5187.642,5191.137,578,240,0
2026-03-04 11:10:00,5191.355,5196.28,5190.718,5194.784,703,240,0
2026-03-04 11:15:00,5194.82,5195.443,5190.317,5191.618,571,240,0
2026-03-04 11:20:00,5191.712,5197.417,5190.105,5196.234,740,360,0
2026-03-04 11:25:00,5196.175,5197.656,5193.957,5194.697,702,264,0
2026-03-04 11:30:00,5194.807,5198.103,5193.66,5197.887,662,264,0
2026-03-04 11:35:00,5197.903,5200.739,5195.897,5196.915,805,240,0
2026-03-04 11:40:00,5196.856,5197.051,5190.841,5193.043,739,360,0
2026-03-04 11:45:00,5192.899,5194.218,5190.371,5191.765,619,240,0
2026-03-04 11:50:00,5191.795,5192.76,5187.356,5191.262,678,240,0
2026-03-04 11:55:00,5191.121,5194.226,5189.641,5192.094,728,240,0
2026-03-04 12:00:00,5192.033,5206.015,5191.962,5201.45,1405,264,0
2026-03-04 12:05:00,5201.4,5202.078,5198.34,5199.753,1002,240,0
2026-03-04 12:10:00,5199.925,5200.427,5196.941,5197.528,824,264,0
2026-03-04 12:15:00,5197.596,5197.693,5177.642,5183.514,1568,240,0
2026-03-04 12:20:00,5183.739,5184.302,5179.351,5179.351,1319,240,0
2026-03-04 12:25:00,5179.071,5182.118,5173.99,5178.285,1382,264,0
2026-03-04 12:30:00,5178.299,5178.465,5168.47,5172.004,3671,264,0
2026-03-04 12:35:00,5171.917,5174.758,5165.328,5167.377,1546,240,0
2026-03-04 12:40:00,5167.497,5167.658,5156.205,5166.654,1945,240,0
2026-03-04 12:45:00,5166.619,5173.081,5163.445,5171.621,1068,240,0
2026-03-04 12:50:00,5171.664,5173.224,5168.003,5168.041,848,240,0
2026-03-04 12:55:00,5168.111,5171.599,5159.48,5171.045,1151,240,0
2026-03-04 13:00:00,5171.093,5181.469,5170.811,5175.921,2085,240,0
2026-03-04 13:05:00,5175.795,5188.681,5175.168,5188.082,1580,240,0
2026-03-04 13:10:00,5188.156,5196.044,5187.019,5193.046,1328,264,0
2026-03-04 13:15:00,5193.131,5195.118,5186.82,5187.932,944,360,0
2026-03-04 13:20:00,5187.829,5189.694,5179.25,5186.02,1799,240,0
2026-03-04 13:25:00,5185.993,5195.287,5185.993,5192.342,1235,240,0
2026-03-04 13:30:00,5192.238,5192.821,5183.949,5188.246,1472,264,0
2026-03-04 13:35:00,5188.353,5190.979,5184.988,5185.941,1489,240,0
2026-03-04 13:40:00,5186.035,5190.358,5181.742,5188.338,1257,240,0
2026-03-04 13:45:00,5188.24,5192.175,5187.782,5189.547,1024,264,0
2026-03-04 13:50:00,5189.529,5189.719,5179.462,5182.17,1652,240,0
2026-03-04 13:55:00,5182.284,5182.524,5167.574,5168.001,1999,264,0
2026-03-04 14:00:00,5167.997,5180.554,5167.179,5173.36,1858,240,0
2026-03-04 14:05:00,5173.278,5179.622,5171.425,5174.145,1332,264,0
2026-03-04 14:10:00,5174.243,5174.243,5163.728,5165.159,2004,240,0
2026-03-04 14:15:00,5165.131,5174.051,5162.848,5174.051,2114,240,0
2026-03-04 14:20:00,5173.77,5175.299,5161.841,5163.006,1645,240,0
2026-03-04 14:25:00,5162.922,5169.417,5159.777,5165.982,1671,240,0
2026-03-04 14:30:00,5166.147,5184.981,5162.887,5179.61,3874,360,0
2026-03-04 14:35:00,5179.726,5184.46,5168.148,5173.702,4916,360,0
2026-03-04 14:40:00,5173.755,5180.724,5167.521,5171.759,3486,264,0
2026-03-04 14:45:00,5171.638,5179.357,5142.196,5155.441,4680,360,0
2026-03-04 14:50:00,5155.517,5161.467,5144.844,5152.174,4223,360,0
2026-03-04 14:55:00,5152.091,5152.091,5138.56,5146.73,4963,264,0
2026-03-04 15:00:00,5147.114,5162.576,5143.288,5159.485,4028,360,0
2026-03-04 15:05:00,5159.401,5161.327,5139.861,5150.898,5264,360,0
2026-03-04 15:10:00,5150.772,5153.561,5130.921,5134.421,3777,360,0
2026-03-04 15:15:00,5134.315,5146.048,5132.412,5141.816,4412,360,0
2026-03-04 15:20:00,5141.687,5151.628,5141.074,5149.024,2681,360,0
2026-03-04 15:25:00,5149.114,5159.608,5148.331,5156.308,2931,360,0
2026-03-04 15:30:00,5156.244,5162.077,5156.106,5161.572,1612,360,0
2026-03-04 15:35:00,5161.231,5167.065,5152.158,5153.052,2157,360,0
2026-03-04 15:40:00,5152.976,5154.915,5137.464,5143.7,2511,360,0
2026-03-04 15:45:00,5143.984,5144.114,5133.041,5140.837,2276,360,0
2026-03-04 15:50:00,5140.768,5151.807,5138.382,5148.77,1942,360,0
2026-03-04 15:55:00,5148.664,5153.0,5146.447,5151.399,1778,360,0
2026-03-04 16:00:00,5151.515,5162.47,5151.24,5157.334,1702,360,0
2026-03-04 16:05:00,5157.662,5158.68,5148.702,5149.53,1850,360,0
2026-03-04 16:10:00,5149.451,5153.034,5143.337,5148.104,1757,240,0
2026-03-04 16:15:00,5148.184,5149.797,5142.597,5147.709,1831,240,0
2026-03-04 16:20:00,5147.788,5155.832,5138.046,5140.874,1806,240,0
2026-03-04 16:25:00,5140.857,5153.117,5140.712,5145.953,2362,360,0
2026-03-04 16:30:00,5146.039,5155.038,5143.789,5153.082,1669,360,0
2026-03-04 16:35:00,5153.202,5156.284,5149.034,5150.915,1372,360,0
2026-03-04 16:40:00,5151.078,5159.009,5146.348,5146.783,2252,360,0
2026-03-04 16:45:00,5146.882,5152.706,5142.628,5148.107,1405,264,0
2026-03-04 16:50:00,5148.182,5151.176,5144.353,5148.094,1205,240,0
2026-03-04 16:55:00,5148.192,5150.423,5145.443,5149.724,931,240,0
2026-03-04 17:00:00,5149.568,5151.69,5144.924,5149.535,1069,240,0
2026-03-04 17:05:00,5149.651,5152.985,5146.718,5147.274,1085,240,0
2026-03-04 17:10:00,5147.479,5149.499,5142.771,5147.023,985,240,0
2026-03-04 17:15:00,5147.262,5149.376,5145.582,5146.975,781,240,0
2026-03-04 17:20:00,5147.057,5147.312,5120.044,5128.198,2636,360,0
2026-03-04 17:25:00,5128.061,5139.353,5127.753,5133.636,1906,264,0
2026-03-04 17:30:00,5133.75,5138.356,5128.36,5136.031,2074,360,0
2026-03-04 17:35:00,5136.126,5138.129,5132.17,5134.354,1266,360,0
2026-03-04 17:40:00,5134.418,5139.234,5132.191,5137.264,1195,360,0
2026-03-04 17:45:00,5137.17,5140.953,5135.367,5139.878,1203,360,0
2026-03-04 17:50:00,5139.746,5145.522,5138.779,5142.796,961,240,0
2026-03-04 17:55:00,5143.097,5147.337,5139.021,5140.783,1156,240,0
2026-03-04 18:00:00,5140.854,5143.225,5132.14,5133.923,1333,240,0
2026-03-04 18:05:00,5133.846,5136.889,5129.274,5131.157,1269,240,0
2026-03-04 18:10:00,5131.095,5131.095,5116.958,5124.368,3014,360,0
2026-03-04 18:15:00,5124.447,5126.001,5117.334,5118.836,1388,240,0
2026-03-04 18:20:00,5118.873,5127.885,5110.986,5125.477,1799,264,0
2026-03-04 18:25:00,5125.346,5127.786,5120.768,5123.86,1403,264,0
2026-03-04 18:30:00,5123.958,5129.442,5120.258,5125.859,1222,240,0
2026-03-04 18:35:00,5125.796,5129.975,5117.127,5118.252,1161,360,0
2026-03-04 18:40:00,5118.307,5126.462,5108.62,5125.014,1325,240,0
2026-03-04 18:45:00,5124.94,5132.7,5123.318,5131.957,877,240,0
2026-03-04 18:50:00,5132.14,5134.105,5129.835,5130.465,745,240,0
2026-03-04 18:55:00,5130.501,5134.837,5129.376,5133.877,732,240,0
2026-03-04 19:00:00,5134.056,5136.568,5128.582,5130.811,785,240,0
2026-03-04 19:05:00,5130.849,5133.885,5129.911,5132.91,557,240,0
2026-03-04 19:10:00,5132.984,5133.306,5126.103,5131.022,725,240,0
2026-03-04 19:15:00,5131.26,5133.102,5126.713,5127.328,722,240,0
2026-03-04 19:20:00,5127.301,5129.233,5125.768,5127.087,700,240,0
2026-03-04 19:25:00,5127.045,5128.357,5124.408,5124.805,709,240,0
2026-03-04 19:30:00,5124.766,5130.462,5123.454,5127.192,924,240,0
2026-03-04 19:35:00,5127.085,5129.679,5125.306,5127.38,1033,240,0
2026-03-04 19:40:00,5127.281,5131.957,5126.626,5130.638,895,240,0
2026-03-04 19:45:00,5130.714,5135.357,5129.404,5133.101,1472,240,0
2026-03-04 19:50:00,5133.24,5136.298,5131.68,5135.424,756,240,0
2026-03-04 19:55:00,5135.126,5139.433,5134.861,5137.805,1037,240,0
2026-03-04 20:00:00,5137.73,5138.607,5133.518,5134.124,6048,240,0
2026-03-04 20:05:00,5134.035,5135.218,5129.778,5130.656,17688,240,0
2026-03-04 20:10:00,5130.673,5131.823,5126.838,5129.974,776,240,0
2026-03-04 20:15:00,5129.853,5129.86,5123.45,5127.886,948,240,0
2026-03-04 20:20:00,5128.08,5132.578,5127.537,5131.564,3871,240,0
2026-03-04 20:25:00,5131.641,5138.167,5131.371,5137.192,699,240,0
2026-03-04 20:30:00,5137.264,5140.465,5137.257,5138.025,658,240,0
2026-03-04 20:35:00,5137.971,5142.843,5136.906,5140.879,665,240,0
2026-03-04 20:40:00,5141.077,5146.886,5140.356,5144.119,723,360,0
2026-03-04 20:45:00,5144.028,5144.653,5136.384,5139.919,843,240,0
2026-03-04 20:50:00,5139.86,5139.944,5133.502,5134.836,1315,240,0
2026-03-04 20:55:00,5134.886,5138.167,5132.709,5134.838,1318,240,0
2026-03-04 21:00:00,5134.615,5141.369,5133.83,5140.394,818,240,0
2026-03-04 21:05:00,5140.385,5142.045,5137.538,5140.677,513,240,0
2026-03-04 21:10:00,5140.596,5143.977,5138.383,5140.26,451,240,0
2026-03-04 21:15:00,5140.133,5141.011,5139.504,5140.773,334,360,0
2026-03-04 21:20:00,5140.604,5141.446,5136.196,5137.698,384,360,0
2026-03-04 21:25:00,5137.757,5141.355,5136.199,5140.975,542,240,0
2026-03-04 21:30:00,5141.076,5141.669,5129.428,5129.885,576,360,0
2026-03-04 21:35:00,5129.756,5137.349,5129.756,5137.118,500,264,0
2026-03-04 21:40:00,5137.042,5137.042,5134.642,5135.634,334,240,0
2026-03-04 21:45:00,5135.534,5137.622,5134.839,5135.957,351,240,0
2026-03-04 21:50:00,5136.04,5142.156,5135.102,5141.843,381,240,0
2026-03-04 21:55:00,5142.018,5142.018,5139.057,5139.198,306,360,0
2026-03-04 23:00:00,5149.234,5154.711,5146.772,5152.895,544,360,0
2026-03-04 23:05:00,5152.588,5154.782,5147.391,5152.473,508,360,0
2026-03-04 23:10:00,5152.694,5154.531,5144.814,5146.867,364,500,0
2026-03-04 23:15:00,5146.782,5155.284,5146.208,5153.682,365,500,0
2026-03-04 23:20:00,5153.969,5155.285,5151.514,5155.114,303,500,0
2026-03-04 23:25:00,5154.743,5156.323,5151.794,5154.222,376,500,0
2026-03-04 23:30:00,5154.525,5156.062,5152.812,5153.358,288,360,0
2026-03-04 23:35:00,5153.288,5154.028,5148.706,5152.014,376,360,0
2026-03-04 23:40:00,5151.677,5155.888,5151.549,5155.608,315,360,0
2026-03-04 23:45:00,5155.784,5162.811,5154.589,5159.275,654,240,0
2026-03-04 23:50:00,5159.285,5161.921,5156.97,5160.264,435,240,0
2026-03-04 23:55:00,5160.129,5165.96,5160.096,5164.962,426,240,0
2026-03-05 00:00:00,5164.887,5166.201,5159.516,5165.035,688,360,0
2026-03-05 00:05:00,5165.215,5168.017,5163.484,5167.015,562,360,0
2026-03-05 00:10:00,5166.959,5172.812,5166.959,5171.079,603,360,0
2026-03-05 00:15:00,5170.857,5177.936,5170.459,5177.542,483,360,0
2026-03-05 00:20:00,5177.492,5179.689,5175.653,5176.839,564,240,0
2026-03-05 00:25:00,5177.112,5177.487,5172.28,5173.516,573,360,0
2026-03-05 00:30:00,5173.372,5173.613,5170.029,5171.863,473,240,0
2026-03-05 00:35:00,5171.905,5171.922,5168.283,5170.219,418,240,0
2026-03-05 00:40:00,5170.301,5176.668,5170.301,5171.547,530,360,0
2026-03-05 00:45:00,5171.526,5177.183,5166.178,5176.315,643,360,0
2026-03-05 00:50:00,5176.282,5177.285,5170.138,5170.238,665,360,0
2026-03-05 00:55:00,5170.286,5172.529,5166.533,5172.334,679,360,0
2026-03-05 01:00:00,5172.388,5178.099,5169.785,5173.742,1524,360,0
2026-03-05 01:05:00,5174.129,5181.24,5174.129,5180.546,1068,360,0
2026-03-05 01:10:00,5180.626,5186.591,5176.214,5176.617,1080,360,0
2026-03-05 01:15:00,5176.621,5182.321,5175.286,5179.439,999,360,0
2026-03-05 01:20:00,5179.615,5179.615,5173.398,5173.737,1031,360,0
2026-03-05 01:25:00,5173.922,5178.778,5172.64,5177.301,989,360,0
2026-03-05 01:30:00,5177.7,5178.959,5172.894,5175.911,1381,264,0
2026-03-05 01:35:00,5175.936,5175.936,5170.314,5174.515,1233,360,0
2026-03-05 01:40:00,5174.611,5177.287,5167.128,5172.596,1852,240,0
2026-03-05 01:45:00,5172.683,5176.526,5170.13,5175.293,994,360,0
2026-03-05 01:50:00,5175.457,5180.119,5173.676,5174.327,1131,360,0
2026-03-05 01:55:00,5174.404,5174.632,5169.303,5172.593,1600,360,0
2026-03-05 02:00:00,5172.319,5178.27,5171.625,5177.071,1311,360,0
2026-03-05 02:05:00,5177.198,5181.624,5172.733,5174.416,985,360,0
2026-03-05 02:10:00,5174.544,5179.246,5172.904,5178.725,898,240,0
2026-03-05 02:15:00,5178.851,5182.943,5176.497,5181.633,722,360,0
2026-03-05 02:20:00,5181.637,5188.083,5178.159,5181.656,712,360,0
2026-03-05 02:25:00,5181.592,5185.439,5180.777,5183.856,782,360,0
2026-03-05 02:30:00,5183.964,5187.203,5181.448,5184.638,869,360,0
2026-03-05 02:35:00,5184.406,5184.497,5176.531,5179.542,804,360,0
2026-03-05 02:40:00,5179.634,5182.608,5174.431,5175.443,828,240,0
2026-03-05 02:45:00,5175.52,5181.303,5174.391,5180.576,877,360,0
2026-03-05 02:50:00,5180.643,5189.766,5180.167,5187.495,1029,240,0
2026-03-05 02:55:00,5187.436,5192.414,5185.998,5192.121,769,360,0
2026-03-05 03:00:00,5191.923,5193.669,5189.512,5192.542,702,360,0
2026-03-05 03:05:00,5192.889,5194.924,5188.006,5188.309,634,240,0
2026-03-05 03:10:00,5188.266,5188.818,5184.091,5185.894,621,360,0
2026-03-05 03:15:00,5185.909,5191.099,5185.133,5188.097,606,360,0
2026-03-05 03:20:00,5188.206,5189.147,5185.901,5187.132,572,240,0
2026-03-05 03:25:00,5186.83,5187.354,5184.557,5185.108,591,240,0
2026-03-05 03:30:00,5185.142,5188.247,5181.417,5187.142,626,360,0
2026-03-05 03:35:00,5187.204,5190.663,5184.688,5187.417,651,360,0
2026-03-05 03:40:00,5187.45,5189.456,5187.351,5188.355,407,360,0
2026-03-05 03:45:00,5188.673,5190.852,5183.96,5183.96,433,240,0
2026-03-05 03:50:00,5184.038,5186.094,5182.954,5183.486,491,360,0
2026-03-05 03:55:00,5183.485,5184.422,5178.297,5180.042,512,264,0
2026-03-05 04:00:00,5180.264,5183.505,5176.598,5182.089,644,360,0
2026-03-05 04:05:00,5182.261,5185.194,5181.905,5183.916,419,240,0
2026-03-05 04:10:00,5184.027,5185.784,5181.833,5183.704,346,240,0
2026-03-05 04:15:00,5183.503,5186.736,5180.667,5182.337,540,360,0
2026-03-05 04:20:00,5182.397,5184.856,5181.766,5182.889,379,240,0
2026-03-05 04:25:00,5183.074,5183.514,5174.84,5178.209,520,240,0
2026-03-05 04:30:00,5178.574,5179.962,5177.187,5177.312,430,240,0
2026-03-05 04:35:00,5177.607,5179.248,5176.779,5176.779,363,240,0
2026-03-05 04:40:00,5176.625,5177.311,5173.68,5174.444,400,264,0
2026-03-05 04:45:00,5174.527,5175.7,5168.607,5170.062,557,360,0
2026-03-05 04:50:00,5169.98,5170.86,5166.334,5168.416,593,240,0
2026-03-05 04:55:00,5168.416,5172.793,5166.066,5171.598,608,240,0
2026-03-05 05:00:00,5171.562,5174.904,5168.835,5173.672,564,240,0
2026-03-05 05:05:00,5173.644,5176.205,5173.467,5175.574,472,240,0
2026-03-05 05:10:00,5175.588,5176.563,5173.547,5175.393,457,240,0
2026-03-05 05:15:00,5175.376,5176.586,5170.538,5171.071,533,240,0
2026-03-05 05:20:00,5171.036,5172.881,5169.747,5172.587,434,360,0
2026-03-05 05:25:00,5172.588,5174.012,5171.894,5172.311,446,240,0
2026-03-05 05:30:00,5172.57,5174.212,5164.247,5167.413,994,360,0
2026-03-05 05:35:00,5167.326,5170.422,5161.863,5164.708,952,240,0
2026-03-05 05:40:00,5164.815,5168.129,5164.137,5166.085,662,240,0
2026-03-05 05:45:00,5166.139,5169.287,5161.866,5166.228,734,240,0
2026-03-05 05:50:00,5166.061,5166.061,5155.93,5158.035,981,360,0
2026-03-05 05:55:00,5157.821,5159.914,5148.243,5148.65,945,360,0
2026-03-05 06:00:00,5148.729,5155.171,5145.214,5154.378,1579,240,0
2026-03-05 06:05:00,5154.348,5154.987,5133.181,5139.667,2276,240,0
2026-03-05 06:10:00,5139.465,5139.465,5120.597,5132.578,2828,360,0
2026-03-05 06:15:00,5132.656,5136.365,5124.302,5134.989,1577,360,0
2026-03-05 06:20:00,5135.068,5143.011,5133.097,5141.816,1202,240,0
2026-03-05 06:25:00,5141.837,5143.895,5139.568,5142.866,909,264,0
2026-03-05 06:30:00,5142.799,5147.969,5140.131,5147.094,1103,264,0
2026-03-05 06:35:00,5147.235,5153.422,5142.102,5151.351,1042,240,0
2026-03-05 06:40:00,5151.064,5156.596,5146.882,5150.735,819,240,0
2026-03-05 06:45:00,5150.655,5158.521,5149.02,5158.412,721,360,0
2026-03-05 06:50:00,5158.304,5160.303,5155.848,5155.864,1082,264,0
2026-03-05 06:55:00,5155.963,5168.55,5155.963,5167.416,1098,360,0
2026-03-05 07:00:00,5167.324,5172.855,5164.986,5170.592,1213,360,0
2026-03-05 07:05:00,5170.333,5172.461,5162.829,5164.906,943,360,0
2026-03-05 07:10:00,5164.784,5167.557,5161.535,5162.022,748,360,0
2026-03-05 07:15:00,5162.065,5167.83,5159.917,5164.911,743,240,0
2026-03-05 07:20:00,5164.831,5166.703,5162.589,5165.34,744,240,0
2026-03-05 07:25:00,5165.189,5166.959,5163.018,5166.248,615,360,0
2026-03-05 07:30:00,5166.23,5166.905,5160.794,5161.283,721,264,0
2026-03-05 07:35:00,5161.11,5163.683,5159.495,5161.019,1039,360,0
2026-03-05 07:40:00,5161.108,5165.394,5160.276,5160.415,929,360,0
2026-03-05 07:45:00,5160.268,5165.938,5159.046,5163.348,576,240,0
2026-03-05 07:50:00,5163.546,5164.521,5159.405,5159.841,1092,240,0
2026-03-05 07:55:00,5159.923,5163.177,5158.849,5162.059,1001,360,0
2026-03-05 08:00:00,5162.122,5162.391,5154.575,5156.359,1338,360,0
2026-03-05 08:05:00,5156.086,5157.459,5147.187,5148.946,1209,264,0
2026-03-05 08:10:00,5148.868,5150.311,5141.604,5141.604,1100,360,0
2026-03-05 08:15:00,5141.74,5144.246,5139.378,5140.042,1079,240,0
2026-03-05 08:20:00,5140.013,5148.454,5137.536,5145.422,1092,240,0
2026-03-05 08:25:00,5145.565,5147.128,5142.212,5144.187,1141,240,0
2026-03-05 08:30:00,5144.108,5153.26,5143.476,5150.199,912,264,0
2026-03-05 08:35:00,5150.206,5162.119,5149.945,5159.955,973,240,0
2026-03-05 08:40:00,5159.926,5163.35,5158.315,5161.005,758,360,0
2026-03-05 08:45:00,5160.93,5168.608,5160.93,5167.828,776,360,0
2026-03-05 08:50:00,5167.905,5168.186,5163.734,5167.248,617,360,0
2026-03-05 08:55:00,5167.335,5169.999,5163.002,5165.473,726,240,0
2026-03-05 09:00:00,5165.532,5167.397,5161.169,5164.067,929,360,0
2026-03-05 09:05:00,5164.127,5180.276,5163.416,5176.619,2430,360,0
2026-03-05 09:10:00,5176.71,5180.221,5172.98,5179.205,1338,360,0
2026-03-05 09:15:00,5179.288,5180.189,5171.845,5174.284,1137,360,0
2026-03-05 09:20:00,5174.179,5177.238,5171.286,5172.054,1219,360,0
2026-03-05 09:25:00,5172.015,5173.106,5167.176,5169.651,952,360,0
2026-03-05 09:30:00,5169.426,5169.724,5162.719,5165.914,644,264,0
2026-03-05 09:35:00,5166.009,5168.529,5153.121,5156.145,925,240,0
2026-03-05 09:40:00,5156.243,5166.474,5153.972,5162.537,1145,360,0
2026-03-05 09:45:00,5162.596,5165.003,5157.163,5164.637,1033,240,0
2026-03-05 09:50:00,5164.521,5164.823,5161.258,5162.06,734,240,0
2026-03-05 09:55:00,5162.01,5163.241,5160.526,5160.891,696,264,0
2026-03-05 10:00:00,5161.037,5161.037,5149.269,5150.097,704,360,0
2026-03-05 10:05:00,5150.019,5152.312,5146.23,5150.956,1062,240,0
2026-03-05 10:10:00,5151.045,5154.873,5150.038,5154.349,608,240,0
2026-03-05 10:15:00,5154.135,5155.935,5153.541,5153.888,470,240,0
2026-03-05 10:20:00,5153.861,5154.892,5151.59,5154.189,590,240,0
2026-03-05 10:25:00,5154.165,5158.593,5152.413,5156.19,665,240,0
2026-03-05 10:30:00,5156.173,5158.633,5152.747,5153.381,875,240,0
2026-03-05 10:35:00,5153.484,5158.12,5147.488,5156.269,691,240,0
2026-03-05 10:40:00,5155.978,5157.751,5154.497,5157.092,606,240,0
2026-03-05 10:45:00,5157.022,5162.006,5156.15,5160.241,628,240,0
2026-03-05 10:50:00,5160.315,5166.264,5160.315,5165.824,700,240,0
2026-03-05 10:55:00,5165.922,5167.414,5164.287,5164.287,677,240,0
2026-03-05 11:00:00,5164.408,5167.957,5164.052,5165.33,759,240,0
2026-03-05 11:05:00,5165.252,5167.018,5161.487,5163.563,648,360,0
2026-03-05 11:10:00,5163.427,5164.761,5162.371,5164.321,489,240,0
2026-03-05 11:15:00,5164.627,5166.948,5163.417,5164.53,570,240,0
2026-03-05 11:20:00,5164.572,5165.957,5162.325,5164.598,522,240,0
2026-03-05 11:25:00,5164.606,5165.329,5161.047,5162.85,462,240,0
2026-03-05 11:30:00,5162.861,5164.448,5160.184,5162.004,510,240,0
2026-03-05 11:35:00,5161.926,5162.683,5157.221,5157.357,537,240,0
2026-03-05 11:40:00,5157.361,5161.684,5156.926,5160.814,509,240,0
2026-03-05 11:45:00,5160.709,5163.297,5160.348,5163.073,416,240,0
2026-03-05 11:50:00,5162.944,5165.056,5161.837,5162.921,501,240,0
2026-03-05 11:55:00,5162.826,5164.153,5160.086,5163.566,578,240,0
2026-03-05 12:00:00,5163.48,5166.562,5162.946,5166.396,532,240,0
2026-03-05 12:05:00,5166.706,5170.89,5165.75,5168.575,694,360,0
2026-03-05 12:10:00,5168.557,5171.543,5167.489,5168.671,649,240,0
2026-03-05 12:15:00,5168.517,5170.183,5163.983,5170.044,599,240,0
2026-03-05 12:20:00,5170.137,5170.402,5163.429,5164.523,700,264,0
2026-03-05 12:25:00,5164.405,5167.042,5161.861,5162.071,536,240,0
2026-03-05 12:30:00,5161.962,5166.113,5160.961,5166.113,460,360,0
2026-03-05 12:35:00,5166.111,5167.78,5164.17,5165.686,562,240,0
2026-03-05 12:40:00,5165.703,5166.566,5162.445,5162.578,548,240,0
2026-03-05 12:45:00,5162.36,5164.768,5161.059,5162.021,568,240,0
2026-03-05 12:50:00,5162.077,5166.076,5161.663,5164.586,531,240,0
2026-03-05 12:55:00,5164.873,5165.595,5161.484,5162.633,581,240,0
2026-03-05 13:00:00,5162.723,5164.032,5151.601,5154.364,1877,240,0
2026-03-05 13:05:00,5154.164,5159.838,5149.322,5149.327,1341,264,0
2026-03-05 13:10:00,5149.384,5156.005,5146.433,5155.63,1169,240,0
2026-03-05 13:15:00,5155.719,5159.821,5125.991,5131.574,4252,240,0
2026-03-05 13:20:00,5131.262,5132.905,5081.65,5104.606,7928,360,0
2026-03-05 13:25:00,5104.213,5127.385,5099.475,5121.359,2944,360,0
2026-03-05 13:30:00,5121.358,5129.892,5114.793,5129.132,1225,360,0
2026-03-05 13:35:00,5129.024,5135.07,5125.812,5128.018,2101,360,0
2026-03-05 13:40:00,5128.093,5137.807,5125.282,5131.208,1828,240,0
2026-03-05 13:45:00,5131.29,5132.195,5115.035,5119.838,1676,240,0
2026-03-05 13:50:00,5119.678,5128.654,5119.422,5121.878,1469,240,0
2026-03-05 13:55:00,5122.126,5122.153,5109.556,5117.944,1920,240,0
2026-03-05 14:00:00,5117.865,5129.716,5109.993,5128.721,2223,240,0
2026-03-05 14:05:00,5128.646,5129.772,5119.062,5121.054,1461,240,0
2026-03-05 14:10:00,5120.901,5123.969,5111.699,5113.028,1601,240,0
2026-03-05 14:15:00,5112.905,5116.241,5102.683,5108.527,2112,240,0
2026-03-05 14:20:00,5108.398,5114.682,5103.253,5112.237,2024,240,0
2026-03-05 14:25:00,5112.155,5120.799,5110.996,5120.358,1633,240,0
2026-03-05 14:30:00,5119.98,5123.286,5105.035,5122.524,3828,240,0
2026-03-05 14:35:00,5122.449,5123.746,5090.611,5097.935,3686,360,0
2026-03-05 14:40:00,5097.824,5108.756,5090.652,5097.286,4216,240,0
2026-03-05 14:45:00,5097.333,5107.141,5091.285,5097.423,3813,240,0
2026-03-05 14:50:00,5097.341,5105.96,5094.018,5102.55,3137,240,0
2026-03-05 14:55:00,5102.453,5111.071,5097.59,5102.166,3767,240,0
2026-03-05 15:00:00,5102.101,5119.702,5095.875,5096.522,3959,360,0
2026-03-05 15:05:00,5096.63,5105.737,5059.933,5070.336,5778,240,0
2026-03-05 15:10:00,5070.588,5088.776,5063.803,5085.217,5282,360,0
2026-03-05 15:15:00,5085.124,5093.934,5081.457,5087.284,3647,360,0
2026-03-05 15:20:00,5087.405,5089.082,5078.217,5078.893,3125,240,0
2026-03-05 15:25:00,5078.992,5087.199,5071.66,5086.166,3094,240,0
2026-03-05 15:30:00,5086.249,5092.817,5081.937,5092.817,2919,360,0
2026-03-05 15:35:00,5092.892,5093.667,5079.509,5083.328,2966,240,0
2026-03-05 15:40:00,5083.405,5088.781,5077.576,5080.308,2819,240,0
2026-03-05 15:45:00,5080.251,5091.889,5079.324,5088.183,2209,240,0
2026-03-05 15:50:00,5088.026,5098.092,5086.857,5097.524,1824,240,0
2026-03-05 15:55:00,5097.435,5103.031,5091.904,5102.457,1655,240,0
2026-03-05 16:00:00,5102.49,5104.368,5093.403,5094.076,1794,240,0
2026-03-05 16:05:00,5093.992,5094.57,5076.003,5077.083,1934,240,0
2026-03-05 16:10:00,5077.007,5083.719,5074.138,5082.97,1947,240,0
2026-03-05 16:15:00,5082.753,5085.143,5072.149,5078.053,1974,240,0
2026-03-05 16:20:00,5078.13,5079.587,5063.2,5064.243,2255,240,0
2026-03-05 16:25:00,5064.31,5074.05,5059.935,5063.764,2490,240,0
2026-03-05 16:30:00,5063.906,5068.442,5053.922,5063.858,2881,240,0
2026-03-05 16:35:00,5063.786,5069.973,5057.658,5066.709,2555,240,0
2026-03-05 16:40:00,5066.783,5072.546,5061.814,5070.512,2086,240,0
2026-03-05 16:45:00,5070.59,5079.305,5070.59,5079.002,1567,240,0
2026-03-05 16:50:00,5078.926,5081.214,5070.151,5078.616,1847,240,0
2026-03-05 16:55:00,5078.566,5080.543,5073.625,5077.616,1547,240,0
2026-03-05 17:00:00,5077.628,5086.588,5073.886,5086.143,1672,240,0
2026-03-05 17:05:00,5085.98,5088.53,5081.941,5087.117,1593,240,0
2026-03-05 17:10:00,5086.834,5089.367,5082.632,5086.211,1408,240,0
2026-03-05 17:15:00,5086.333,5088.678,5081.978,5084.867,1555,240,0
2026-03-05 17:20:00,5084.787,5086.403,5079.232,5083.824,1515,240,0
2026-03-05 17:25:00,5083.844,5086.347,5074.811,5075.114,1646,240,0
2026-03-05 17:30:00,5075.27,5077.381,5066.524,5069.185,1944,240,0
2026-03-05 17:35:00,5069.311,5069.391,5054.827,5067.243,2902,240,0
2026-03-05 17:40:00,5067.325,5070.441,5058.205,5063.775,2014,240,0
2026-03-05 17:45:00,5063.658,5069.263,5060.069,5066.544,1898,240,0
2026-03-05 17:50:00,5066.58,5068.419,5058.329,5059.122,2285,240,0
2026-03-05 17:55:00,5059.24,5065.368,5055.497,5062.959,2139,240,0
2026-03-05 18:00:00,5062.847,5065.778,5050.681,5065.778,3013,240,0
2026-03-05 18:05:00,5065.543,5071.635,5063.483,5068.633,1867,240,0
2026-03-05 18:10:00,5068.857,5073.51,5068.11,5072.042,1554,240,0
2026-03-05 18:15:00,5071.968,5075.773,5070.079,5071.159,1560,240,0
2026-03-05 18:20:00,5070.916,5075.762,5064.196,5065.96,1837,240,0
2026-03-05 18:25:00,5066.085,5071.99,5061.301,5070.985,2075,240,0
2026-03-05 18:30:00,5071.058,5079.19,5070.371,5074.446,1656,240,0
2026-03-05 18:35:00,5074.62,5081.48,5071.107,5080.639,1226,240,0
2026-03-05 18:40:00,5080.72,5085.427,5079.98,5082.927,1009,240,0
2026-03-05 18:45:00,5083.012,5083.519,5076.593,5078.99,1082,240,0
2026-03-05 18:50:00,5079.098,5079.098,5067.07,5072.532,1343,240,0
2026-03-05 18:55:00,5072.44,5073.959,5067.919,5069.403,1030,240,0
2026-03-05 19:00:00,5069.451,5078.741,5067.554,5078.438,1246,240,0
2026-03-05 19:05:00,5078.309,5081.374,5075.135,5076.668,1184,240,0
2026-03-05 19:10:00,5076.595,5077.325,5072.869,5073.529,1178,240,0
2026-03-05 19:15:00,5073.454,5073.454,5062.227,5070.036,1389,240,0
2026-03-05 19:20:00,5070.108,5072.302,5063.77,5069.965,1416,240,0
2026-03-05 19:25:00,5069.879,5070.866,5063.478,5066.856,1338,240,0
2026-03-05 19:30:00,5067.022,5067.139,5057.804,5060.807,1529,240,0
2026-03-05 19:35:00,5060.884,5063.835,5055.605,5060.681,1658,240,0
2026-03-05 19:40:00,5060.836,5067.263,5060.306,5065.555,1366,240,0
2026-03-05 19:45:00,5065.724,5069.917,5063.687,5067.509,1296,240,0
2026-03-05 19:50:00,5067.509,5070.487,5063.88,5065.805,1366,240,0
2026-03-05 19:55:00,5065.894,5068.061,5062.321,5065.86,1452,240,0
2026-03-05 20:00:00,5065.647,5069.267,5063.387,5067.882,1774,360,0
2026-03-05 20:05:00,5067.807,5070.307,5061.597,5067.199,1805,240,0
2026-03-05 20:10:00,5067.272,5079.629,5066.652,5078.65,1867,240,0
2026-03-05 20:15:00,5078.724,5094.508,5078.645,5090.429,1800,360,0
2026-03-05 20:20:00,5090.64,5092.25,5078.199,5080.395,1499,360,0
2026-03-05 20:25:00,5080.567,5086.171,5076.132,5080.722,1462,240,0
2026-03-05 20:30:00,5080.797,5082.59,5075.541,5076.718,1606,240,0
2026-03-05 20:35:00,5076.644,5081.347,5074.091,5078.26,1288,240,0
2026-03-05 20:40:00,5078.457,5082.144,5075.751,5080.433,1367,240,0
2026-03-05 20:45:00,5080.669,5081.559,5072.65,5079.219,1262,240,0
2026-03-05 20:50:00,5079.457,5081.386,5073.716,5076.615,1850,240,0
2026-03-05 20:55:00,5076.847,5081.307,5075.385,5076.482,1639,240,0
2026-03-05 21:00:00,5076.605,5080.471,5075.728,5079.583,588,240,0
2026-03-05 21:05:00,5079.506,5084.095,5077.338,5078.257,644,360,0
2026-03-05 21:10:00,5078.234,5078.583,5071.97,5076.237,748,360,0
2026-03-05 21:15:00,5076.153,5080.113,5075.449,5077.806,446,360,0
2026-03-05 21:20:00,5077.806,5079.977,5077.703,5079.884,368,360,0
2026-03-05 21:25:00,5080.009,5080.923,5077.94,5080.544,372,360,0
2026-03-05 21:30:00,5080.476,5082.666,5078.901,5082.361,387,360,0
2026-03-05 21:35:00,5082.308,5082.308,5072.993,5076.351,545,360,0
2026-03-05 21:40:00,5076.258,5076.258,5072.765,5075.619,405,360,0
2026-03-05 21:45:00,5075.352,5077.939,5074.287,5077.22,438,360,0
2026-03-05 21:50:00,5077.484,5085.023,5076.944,5084.59,410,360,0
2026-03-05 21:55:00,5084.886,5085.138,5082.429,5083.291,295,360,0
